timestamp,price,date,coin,market_cap,volume,network_difficulty,hashrate_ths,hardware,power_consumption_w,electricity_cost_per_kwh,pool_fee,hardware_age_months,daily_revenue_usd,daily_power_cost_usd,monthly_profit_usd,break_even_days
1750118400000,106951.2720181497,2025-06-17 00:00:00,bitcoin,2127895470544.7178,32095957011.724205,114700367356194.23,126,Whatsminer M50,3276,0.06118717511574464,0.023020580985216258,15.59491312234319,14.43148439327051,4.810780456300306,171.95445144243948,488.5014566088067
1750204800000,104683.42479835715,2025-06-18 00:00:00,bitcoin,2080968120976.949,38603212010.889435,119992501605629.16,234,Antminer S21 Pro,3540,0.06578511406975834,0.012658012890388518,2.482418756651601,25.342016935404388,5.589103291366669,384.2540759877982,390.3667114379892
1750291200000,104722.695052907,2025-06-19 00:00:00,bitcoin,2081677732261.6853,30339326410.154945,113118777058625.72,110,Antminer S19 Pro,3250,0.05378486368427753,0.016618358581336336,9.648653205317778,12.590842433559153,4.195219367373648,147.7020253188985,507.77908994863145
1750377600000,104690.65002458123,2025-06-20 00:00:00,bitcoin,2081355279873.408,18063282658.152298,118008434285959.98,126,Whatsminer M50,3276,0.048479964483611984,0.027946758821912165,17.494540802523773,13.661215571543655,3.8116887275595084,178.81913865285776,469.74837611241105
1750464000000,103290.105144757,2025-06-21 00:00:00,bitcoin,2054120245608.2085,30632751225.407444,116207986853391.22,126,Whatsminer M50,3276,0.07347357278030009,0.03206989342717569,18.715701216241634,13.629225712901277,5.776786186278314,118.90651913202225,706.4372972413275
1750550400000,101532.5683847329,2025-06-22 00:00:00,bitcoin,2017415966695.5278,21644463198.719532,110440914316484.84,234,Antminer S21 Pro,3540,0.05416803804608466,0.03995042534178849,2.8372469349861262,25.966821612511538,4.602116512395353,432.6078196701522,346.7343704382634
1750636800000,100852.58264648831,2025-06-23 00:00:00,bitcoin,2005179769771.7349,51287142390.02526,103941902635762.81,110,Antminer S19 Pro,3250,0.05587154984075251,0.03799339994030673,0.0007372522891779809,12.909249580055981,4.357980887578695,152.3713941076519,492.2183749727443
1750723200000,105511.62437933135,2025-06-24 00:00:00,bitcoin,2097741233586.5918,50011797128.6837,111580881459798.05,110,Antminer S19 Pro,3250,0.08910804571271014,0.029276955986055744,17.09128910113452,12.694992378274906,6.950427565591391,68.17027771383877,1100.186217735985
1750809600000,105976.06929808448,2025-06-25 00:00:00,bitcoin,2107110352429.8032,31704641076.941063,120758616951159.45,126,Whatsminer M50,3276,0.11716835985299029,0.02263744159882216,8.558308223668934,13.587821039300113,9.212245125081507,14.600610759891506,5753.183985340637
1750896000000,107238.53045016268,2025-06-26 00:00:00,bitcoin,2132141147369.0017,30468274982.034847,118754567884202.8,140,Antminer S19 XP,3010,0.08432734805034375,0.02908532094124698,6.107551958838246,15.43275748663967,6.091807623156832,121.89516257115176,935.2298942417567
1750982400000,106984.01253775663,2025-06-27 00:00:00,bitcoin,2127292099754.93,24320699663.15122,111985092147604.64,126,Whatsminer M50,3276,0.03692815203584696,0.03356954854240696,0.30953927494861055,14.626274514487735,2.9034390256664313,235.01839799797241,357.4188264219412
1751068800000,107078.91560644074,2025-06-28 00:00:00,bitcoin,2129020567385.9595,25194306261.888832,112520886478911.95,126,Whatsminer M50,3276,0.03680252524686602,0.01355008572770162,12.967185762275992,14.871346833736979,2.893561745009594,242.66688599515487,346.1535332912178
1751155200000,107331.58548463577,2025-06-29 00:00:00,bitcoin,2134239999929.6584,8960877693.57604,105788622385035.3,126,Whatsminer M50,3276,0.11562808987610093,0.02229714669088865,20.42761765022356,15.714476194968656,9.091142938418558,82.03333102983623,1023.9740230644597
1751241600000,108396.61631317894,2025-06-30 00:00:00,bitcoin,2155183166489.813,14881078675.366829,122552207554224.81,126,Whatsminer M50,3276,0.05675617112766002,0.035194068569068516,22.98315951054211,13.518826530241915,4.462397198741141,155.02621327835658,541.8438483637229
1751328000000,107132.79910701896,2025-07-01 00:00:00,bitcoin,2130471589191.581,22489515582.41552,118707650390413.23,234,Antminer S21 Pro,3540,0.03828602874742279,0.02151498855799132,13.577878814718941,25.98051026817395,3.2527810023810404,473.498544640454,316.79083641936194
1751414400000,105613.39974163055,2025-07-02 00:00:00,bitcoin,2100087563077.9324,25033160828.30909,112325777346149.53,110,Antminer S19 Pro,3250,0.08391401284353434,0.027156168136815595,12.34707186575746,12.650546974256214,6.545293001795678,78.99095250714939,949.4758275412848
1751500800000,108824.44423167943,2025-07-03 00:00:00,bitcoin,2163835371770.0977,36395184773.06136,116687708955599.98,234,Antminer S21 Pro,3540,0.08612839004612395,0.027633080825865946,2.0413532517417865,26.6797205399289,7.317468018318691,372.53424231497297,402.64755010943907
1751587200000,109602.20483914016,2025-07-04 00:00:00,bitcoin,2179664531219.9346,29892049537.628605,105480841558631.4,234,Antminer S21 Pro,3540,0.08836543381068193,0.015534287594009181,13.172947237022395,30.09511835381774,7.507527256555537,469.2943995845327,319.62878767101273
1751673600000,108040.8919400104,2025-07-05 00:00:00,bitcoin,2148601712907.3433,24248906784.57383,112600504136461.6,234,Antminer S21 Pro,3540,0.05406618250717871,0.020867063249568652,9.11949789516947,27.64007657133846,4.5934628658099035,483.06507783252346,310.51716814852085
1751760000000,108217.46849992426,2025-07-06 00:00:00,bitcoin,2152344091389.654,10042942280.966904,121853451954257.55,126,Whatsminer M50,3276,0.03135996157930275,0.020035338662257964,14.571246741205847,13.787146558064167,2.465645619211099,222.97836149892538,376.71816868384707
1751846400000,109215.19771840284,2025-07-07 00:00:00,bitcoin,2171497503296.0474,14638669497.351297,120920401648986.1,140,Antminer S19 XP,3010,0.11685138325090247,0.010785901255961945,9.32943234903712,15.726632091569668,8.441343926045194,60.2253116324009,1892.8918242187822
1751932800000,108300.71675785031,2025-07-08 00:00:00,bitcoin,2153777588647.4504,25493246475.80407,116904100083528.25,110,Antminer S19 Pro,3250,0.05258037411219922,0.010725752916740657,5.767178962808802,12.67490973445932,4.101269180751539,153.04254994456673,490.05979073901744
1752019200000,108953.19187727802,2025-07-09 00:00:00,bitcoin,2167049398056.7417,20488865138.27645,115720735271223.67,140,Antminer S19 XP,3010,0.09084236592472927,0.034950911310273204,2.279166605481036,15.99337471374086,6.562452514402442,124.5943326468192,914.9693856714143
1752105600000,111327.53054245669,2025-07-10 00:00:00,bitcoin,2215210888568.426,37078460440.66385,121754969267195.56,234,Antminer S21 Pro,3540,0.09359668828908385,0.018192124299184372,7.5580426701334975,26.41144410041766,7.951974637040565,345.4507505679795,434.2152962567735
1752192000000,115879.65030112496,2025-07-11 00:00:00,bitcoin,2303292356999.7437,56204086624.04028,120159449718182.02,234,Antminer S21 Pro,3540,0.08490066753715371,0.025542362987164464,2.3194760229060547,27.64788820691901,7.213160713956579,404.70849145553956,370.6371454192201
1752278400000,117571.02510036016,2025-07-12 00:00:00,bitcoin,2338612196961.7437,64185145923.88688,114652388269325.1,140,Antminer S19 XP,3010,0.05816166547922834,0.018961767207663193,4.245526819775614,17.707818676552854,4.201598714219455,246.85326553666866,461.8128091283684
1752364800000,117418.95745007684,2025-07-13 00:00:00,bitcoin,2335485977830.673,24351256098.393543,122818135510028.02,140,Antminer S19 XP,3010,0.05439866283876592,0.03822037735346021,23.696067805909102,16.18501944561627,3.9297594034724495,209.32446793098126,544.6090518074946
1752451200000,119117.55666327637,2025-07-14 00:00:00,bitcoin,2369050366835.5605,27310851454.97692,126280227188158.2,140,Antminer S19 XP,3010,0.08379014544324327,0.01777890276597321,10.658485365758846,16.30840974456801,6.053000106819893,149.32895579911016,763.415235778936
1752537600000,119833.67446712355,2025-07-15 00:00:00,bitcoin,2383825813673.847,68915956378.80447,130474783813259.72,234,Antminer S21 Pro,3540,0.10794860702505223,0.02288970438216805,12.764922396120397,26.4025355316201,9.171313652848438,308.6033230298165,486.060871047417
1752624000000,117678.19493404306,2025-07-16 00:00:00,bitcoin,2341223394839.9204,80299520980.2335,115859183642555.89,234,Antminer S21 Pro,3540,0.11520603560310559,0.03618190751453806,20.96684468969317,28.80118551117486,9.787904784839853,362.065088456717,414.29015053444385
1752710400000,118748.1627367753,2025-07-17 00:00:00,bitcoin,2363194640209.576,50374263848.76278,123342245747888.81,110,Antminer S19 Pro,3250,0.039531522396338184,0.03525800700375426,23.893653611776507,12.845553253738016,3.083458746914378,188.69616853804246,397.4643501300318
1752796800000,119445.36520434043,2025-07-18 00:00:00,bitcoin,2376237382764.3013,49282617205.72662,124161286063174.75,110,Antminer S19 Pro,3250,0.043934575133794784,0.015583042535388319,13.985146784272356,13.09751095038298,3.4268968604359933,185.95175603174292,403.3304207527737
1752883200000,117988.94664455787,2025-07-19 00:00:00,bitcoin,2347165317624.536,58896449260.69391,117817862679562.66,234,Antminer S21 Pro,3540,0.11502626329047716,0.03407929929387131,19.49937170506012,28.45911650139602,9.77263132915894,352.26122183377913,425.8203591617025
1752969600000,117901.62655900871,2025-07-20 00:00:00,bitcoin,2345398337785.541,23934511126.349533,125689721840457.05,140,Antminer S19 XP,3010,0.09628817055013132,0.02374560660213678,7.846584584080206,16.11925505140873,6.955857440541486,116.56859499268393,977.9649485108306
1753056000000,117256.9208222684,2025-07-21 00:00:00,bitcoin,2333757287859.664,36702153882.06748,126450940843282.66,140,Antminer S19 XP,3010,0.10946944423467957,0.024489066162560656,7.3378549787349865,15.92247208269836,7.908072651513251,82.0986496022199,1388.5733876543266
1753142400000,117482.46977767294,2025-07-22 00:00:00,bitcoin,2337365497467.1313,46344384345.39471,121448596607905.56,110,Antminer S19 Pro,3250,0.04823693707218088,0.014004399172478314,9.664889303869444,13.191133882779909,3.7624810916301086,178.69291706782735,419.71445332403346
1753228800000,119955.79570607653,2025-07-23 00:00:00,bitcoin,2387516761560.4927,58939000420.94166,135238626131504.48,234,Antminer S21 Pro,3540,0.08288272839984616,0.012418045412713739,16.14017430416758,25.77171900372839,7.04171660485093,353.5667386329904,424.24805166897534
1753315200000,118629.05588130427,2025-07-24 00:00:00,bitcoin,2359931875300.5244,45225685167.61703,122260746530085.27,110,Antminer S19 Pro,3250,0.09310256349757262,0.031838179209212954,16.37260054212237,12.992076432118044,7.2619999528106645,67.7356277125547,1107.2459580395807
1753401600000,118354.43517438594,2025-07-25 00:00:00,bitcoin,2354764508342.9937,51940414419.3327,121395278625201.62,110,Antminer S19 Pro,3250,0.09121006969022753,0.024893834570658992,7.5657464315868195,13.148046370722886,7.114385435837748,76.84316137988748,976.0139829388917
1753488000000,117540.80837085741,2025-07-26 00:00:00,bitcoin,2338855554998.7812,91617702596.10347,120572316902538.17,126,Whatsminer M50,3276,0.06673365217800283,0.023105521078455385,3.1970381792790885,15.086662177346035,5.2468666688432934,178.52719858841562,470.5165412563117
1753574400000,117959.54234360624,2025-07-27 00:00:00,bitcoin,2346959472845.027,25145925063.881348,119222123253229.44,126,Whatsminer M50,3276,0.031385540252217764,0.0318852468595719,15.177510155172206,15.174259576997944,2.467656716790369,264.53141913956057,317.5426203557452
1753660800000,119418.91405141471,2025-07-28 00:00:00,bitcoin,2376524838793.0137,30220402191.467663,121720634243342.98,126,Whatsminer M50,3276,0.08246334511238368,0.03296538696973329,3.0798206925303484,15.029875172243676,6.483598046116054,139.72164711716198,601.1953174983885
1753747200000,118003.30201607826,2025-07-29 00:00:00,bitcoin,2349472897426.4688,43433742203.62158,116165640667235.94,140,Antminer S19 XP,3010,0.05277913852616479,0.014767245030080606,13.883820197503923,17.616403303055442,3.812764967130144,255.77581674442564,445.7028090107135
1753833600000,117853.30892863822,2025-07-30 00:00:00,bitcoin,2345126504020.1143,42860287143.68828,122253426654298.72,234,Antminer S21 Pro,3540,0.07052288215286012,0.028306754484329236,16.642131073351415,27.558760435462197,5.991624067706996,438.6807576993227,341.9343049981961
1753920000000,117833.24087995925,2025-07-31 00:00:00,bitcoin,2343717963709.7124,43054424656.58649,123481737415087.52,234,Antminer S21 Pro,3540,0.11618229135754356,0.014060622468330565,16.81467591346684,27.679934587094145,9.870847473736902,325.939280067384,460.20841663818277
1754006400000,115700.00243915782,2025-08-01 00:00:00,bitcoin,2302199162425.1206,45238249453.35885,110002656249094.19,234,Antminer S21 Pro,3540,0.06591317858781912,0.03254125258087137,18.083330655830324,29.93728470640034,5.599983652821113,521.7856982740434,287.47434147039337
1754092800000,113234.6051343189,2025-08-02 00:00:00,bitcoin,2253609880959.403,65794680822.25255,118852423382866.47,234,Antminer S21 Pro,3540,0.1055821445997984,0.029708654688014185,20.948626117575948,27.19712781332547,8.970259005198873,338.4727309104646,443.16716326456196
1754179200000,112554.90232221723,2025-08-03 00:00:00,bitcoin,2240413983638.112,33543439044.09785,119006422343890.67,126,Whatsminer M50,3276,0.0469686545174326,0.03869843863250374,11.999015807154922,14.403170690440957,3.6928634927786206,204.64254926320342,410.47182173225576
1754265600000,114199.10966460757,2025-08-04 00:00:00,bitcoin,2272802075267.0376,24689273719.085533,122738869673959.02,140,Antminer S19 XP,3010,0.09052144482225259,0.012068740490692636,17.525980548709708,16.179655121040984,6.539269173959527,130.8782450791104,871.038574295459
1754352000000,115138.68613070177,2025-08-05 00:00:00,bitcoin,2292395156144.1514,32488023582.82734,126972080471797.27,140,Antminer S19 XP,3010,0.11793062589950491,0.011711641634537629,14.860145648780081,15.774610603678592,8.519308414980234,59.3257323276174,1921.5944839998301
1754438400000,114128.35408881678,2025-08-06 00:00:00,bitcoin,2271583255077.356,37316213251.97167,124363733063683.2,126,Whatsminer M50,3276,0.03917037907856431,0.018465612240796004,4.4793585551443815,14.26953323962085,3.0797318846730404,219.02737398176765,383.5137064054485
1754524800000,115022.09576830892,2025-08-07 00:00:00,bitcoin,2289295036528.6577,32052509631.058872,117749927860913.0,140,Antminer S19 XP,3010,0.03074879480044728,0.01785117051207718,0.616551476865796,16.887286224384766,2.2212929363843115,281.64646530668034,404.7627577213413
1754611200000,117463.47451085235,2025-08-08 00:00:00,bitcoin,2337732858703.5435,38289687095.00489,119204167897755.39,126,Whatsminer M50,3276,0.06902245133693528,0.017409363972159995,6.82899325624641,15.338696952412233,5.4268212139152,180.68960548824435,464.8856240126388
1754697600000,116688.36663186055,2025-08-09 00:00:00,bitcoin,2323026541073.3213,33017415812.97353,125137827534299.72,234,Antminer S21 Pro,3540,0.03833629347462305,0.0371876374156311,10.632808952102867,26.413768284462773,3.2570514936039747,486.36817039243056,308.4083398775276
1754784000000,116510.08393213755,2025-08-10 00:00:00,bitcoin,2318815857401.68,27638785406.21056,119355337428427.02,126,Whatsminer M50,3276,0.09735459147086081,0.017486385995485184,14.810542666287752,15.193740012489089,7.65440739980496,109.51331171385719,767.0300412380928
1754870400000,119266.92516880555,2025-08-11 00:00:00,bitcoin,2374097296837.8896,37157754754.85189,118248834211719.84,234,Antminer S21 Pro,3540,0.1123093797463703,0.01815849178385893,20.39902393207693,29.13495148939605,9.541804903251622,379.4610642509996,395.29747352624435
1754956800000,118773.79960860992,2025-08-12 00:00:00,bitcoin,2364060561672.9995,61739781527.95854,135848875057511.25,234,Antminer S21 Pro,3540,0.0690618875437883,0.03278194787253891,4.709897200947975,24.879334147310857,5.867497965720254,362.02175211438475,414.33974374171265
1755043200000,120202.53485503166,2025-08-13 00:00:00,bitcoin,2392854421745.6157,46941089789.57991,123615157722773.75,110,Antminer S19 Pro,3250,0.05328404779398969,0.0234921952735162,3.0131949575634502,13.132402992232803,4.156155727931195,165.12075126238156,454.2130497021714
1755129600000,123560.99363577305,2025-08-14 00:00:00,bitcoin,2458895200752.567,61818118105.53991,124834873783034.83,126,Whatsminer M50,3276,0.06909629871059488,0.03330131670865544,23.12351873938386,15.157969760865004,5.432627389821811,175.09360446462915,479.7433935799119
1755216000000,118405.59579823953,2025-08-15 00:00:00,bitcoin,2360043737045.272,73822008367.99681,112710679550656.39,110,Antminer S19 Pro,3250,0.0951103036065001,0.011960984726931558,2.5930694250337707,14.355153379164443,7.418603681307007,103.92982426905641,721.6407852844811
1755302400000,117339.79190213277,2025-08-16 00:00:00,bitcoin,2335290383260.173,44268714220.021,127040170380338.11,126,Whatsminer M50,3276,0.030814874542233386,0.02462713581020153,11.48378568257254,14.271819971569283,2.4227886960085576,238.8042716001551,351.752501900998
1755388800000,117501.21653394958,2025-08-17 00:00:00,bitcoin,2339465736068.208,23202714236.542347,117978001215975.28,126,Whatsminer M50,3276,0.08305085905362275,0.01100840800549848,14.053529491039246,15.604087324790532,6.529790742232034,155.56223081008827,539.9768283250447
1755475200000,117542.83687778088,2025-08-18 00:00:00,bitcoin,2340648324181.828,20906566026.645443,123095466862656.53,110,Antminer S19 Pro,3250,0.0851962516398641,0.011879596103660637,12.992986101778518,13.049400469393866,6.6453076279094,87.95611857786736,852.6979272465584
1755561600000,116256.41276740946,2025-08-19 00:00:00,bitcoin,2313556987528.4634,47337926940.98573,126723459754363.33,110,Antminer S19 Pro,3250,0.08739194222063419,0.03719312360033233,2.064771768790637,12.215905484631868,6.816571493209467,57.81335307600537,1297.2781547785316
1755648000000,112778.34483555844,2025-08-20 00:00:00,bitcoin,2245419916215.7417,46156885037.403885,114120611291011.67,126,Whatsminer M50,3276,0.05178198719827895,0.014177361133527855,1.3686459360868648,15.43351534676704,4.071306961477484,224.19958489202,374.6661709496762
1755734400000,114252.39755195397,2025-08-21 00:00:00,bitcoin,2274471285844.184,42166369117.006935,120607743552382.66,140,Antminer S19 XP,3010,0.0942647451040314,0.025972620468256512,2.531602259064856,16.24139127619527,6.809685186315228,124.61784936306788,914.7967211973519
1755820800000,112414.39987336512,2025-08-22 00:00:00,bitcoin,2238121481749.57,32048202090.65466,126297603612106.64,234,Antminer S21 Pro,3540,0.038225233769859875,0.022332868078021196,14.0541044129427,25.601629422545265,3.2476158610872954,462.2870735104058,324.47370604798795
1755907200000,116834.24948202295,2025-08-23 00:00:00,bitcoin,2326174803320.612,50878158870.82928,110078139284035.06,110,Antminer S19 Pro,3250,0.04793433028201207,0.02042029978776528,13.064277303223706,14.379224148010536,3.7388777619969416,215.04372491374116,348.76628011388925
1755993600000,115359.98346714744,2025-08-24 00:00:00,bitcoin,2296786080139.701,27306719885.257973,117080790321060.11,234,Antminer S21 Pro,3540,0.10897230419890337,0.036995000370618175,5.609779008881862,27.915655978956853,9.258286964738831,351.3877370932073,426.8788695953034
1756080000000,113399.54847314971,2025-08-25 00:00:00,bitcoin,2259663171125.389,40682656776.69001,114976914308689.4,140,Antminer S19 XP,3010,0.09648508356539097,0.010654701903264686,15.306579404294197,17.175544128604486,6.970082436763843,147.83051742188593,771.1533585089285
1756166400000,110185.35443900425,2025-08-26 00:00:00,bitcoin,2194453712375.598,52854872363.936554,115886603086368.16,140,Antminer S19 XP,3010,0.03123709986102107,0.02991369058526767,19.681620049335585,16.23539839019619,2.256568093960162,261.0315755537474,436.7287741268947
1756252800000,111842.70999260596,2025-08-27 00:00:00,bitcoin,2227025695775.593,43023800053.0546,117963303940303.95,140,Antminer S19 XP,3010,0.052353863433282015,0.03890183302640651,0.9978950363182504,16.03948563800973,3.7820430944202923,209.38994297434976,544.4387556567842
1756339200000,111216.08479629169,2025-08-28 00:00:00,bitcoin,2215255294289.9937,36957904262.995804,112373757498843.47,110,Antminer S19 Pro,3250,0.04929658346938481,0.02680504550385526,11.955118645153018,13.320763931435815,3.845133510612015,180.10224595804735,416.43012057423397
1756425600000,112525.59740669793,2025-08-29 00:00:00,bitcoin,2239422945686.892,34222495087.206894,115499464441683.19,140,Antminer S19 XP,3010,0.05437256952332753,0.038104673860992755,16.543449890464565,16.49533369547002,3.9278744223651803,218.6904448598119,521.2847780024314
1756512000000,108480.30666639366,2025-08-30 00:00:00,bitcoin,2160278651486.2852,51702115726.38959,111534130703063.94,110,Antminer S19 Pro,3250,0.05228037932518977,0.011567736378580714,6.05548624967249,13.295865528429482,4.077869587364802,172.37321156527375,435.1024113256672
1756598400000,108781.95727925687,2025-08-31 00:00:00,bitcoin,2166165747945.1812,27799981330.792213,113897684840183.05,140,Antminer S19 XP,3010,0.035627366616856115,0.022563799572224843,7.386501727035578,16.43207188214932,2.5737209644016854,257.4171941990957,442.86085999301315
1756684800000,108253.36092385623,2025-09-01 00:00:00,bitcoin,2155694976689.5986,26140904019.246822,116302247765869.02,234,Antminer S21 Pro,3540,0.07130464649371383,0.017804733728861533,14.72730967174521,26.896816062344904,6.0580427661059275,416.82986555383593,359.85905136786954
1756771200000,109162.68557992298,2025-09-02 00:00:00,bitcoin,2174100506466.4321,42999610648.39302,120521725261791.23,234,Antminer S21 Pro,3540,0.09594601273075486,0.03192462894942189,21.550447042649687,25.796916553216118,8.151573241604934,321.0269660150022,467.2504676538301
1756857600000,111190.18209845416,2025-09-03 00:00:00,bitcoin,2212595221503.454,50235464642.845955,122935140064777.2,126,Whatsminer M50,3276,0.08460585522456927,0.0394389127149174,19.438186087269585,13.763213093049297,6.652050761176534,96.66820328951619,868.9517042995452
1756944000000,111711.51977725117,2025-09-04 00:00:00,bitcoin,2225365905592.233,36406080683.42747,121361104454385.95,234,Antminer S21 Pro,3540,0.09055845017382717,0.017695901873327435,13.995125258390004,26.601991599170567,7.693845926768358,358.91103683873297,417.93086476579566
1757030400000,110724.736377486,2025-09-05 00:00:00,bitcoin,2204051936301.3257,38708366685.43147,112900743050479.53,126,Whatsminer M50,3276,0.03730342606826152,0.029625238044222235,17.52532122617398,15.076196560466402,2.9329445711909936,247.63089301159562,339.21454216969045
1757116800000,110662.18112628513,2025-09-06 00:00:00,bitcoin,2204045604630.5625,56020470627.40665,117202004670267.5,234,Antminer S21 Pro,3540,0.11563416391591085,0.015942928982792204,8.755739284987168,27.335953563892776,9.824278566295787,317.01691659457634,473.1608698088204
1757203200000,110209.1888247784,2025-09-07 00:00:00,bitcoin,2195288669199.568,19340758702.076332,128712637704777.27,110,Antminer S19 Pro,3250,0.10546426504587224,0.026959907637148298,15.383172674370186,11.522691489366252,8.226212673578035,-5.27230219302016,250000.0
1757289600000,111131.9923868407,2025-09-08 00:00:00,bitcoin,2213764479139.3647,22147049159.335133,122682657119137.08,234,Antminer S21 Pro,3540,0.10245812866460964,0.023917974600650087,11.188358187061368,26.013093275810224,8.704842611345235,310.91418660061635,482.44823319265885
1757376000000,112025.12878118771,2025-09-09 00:00:00,bitcoin,2231763512226.867,37159847899.8603,116151751189955.45,126,Whatsminer M50,3276,0.10406854245375907,0.03916015988894611,4.558467274981462,14.68064496572279,8.182285081884352,78.28412984848646,1073.0144176421993
1757462400000,111547.43956434788,2025-09-10 00:00:00,bitcoin,2222026777598.0474,45338021458.38368,125866390551775.47,126,Whatsminer M50,3276,0.11394394573194852,0.028255818180893996,16.841718573054173,13.642885069843539,8.95872878922872,23.85802175177787,3520.828376885038
1757548800000,113975.32489468766,2025-09-11 00:00:00,bitcoin,2270241314652.7144,52205187155.05567,118039091463252.62,140,Antminer S19 XP,3010,0.07898285695023279,0.020485191162604565,13.355151296371728,16.64784107339717,5.705721586084816,169.9302512860373,670.8634815593135
1757635200000,115503.16663193036,2025-09-12 00:00:00,bitcoin,2299764311655.674,43752917632.95067,117910629018425.62,110,Antminer S19 Pro,3250,0.04802538160808633,0.013422873546638,8.606917966886193,13.365910871082285,3.7459797654307336,184.43126650287988,406.6555602101712
1757721600000,116160.14344594491,2025-09-13 00:00:00,bitcoin,2314347371939.946,51192951485.864395,128778779217930.25,234,Antminer S21 Pro,3540,0.08551052470672871,0.014537404862048037,21.872140561887136,26.151869259202083,7.264974179083672,358.27351907021904,418.67453779245426
1757808000000,115970.58488443034,2025-09-14 00:00:00,bitcoin,2310166037871.29,30063858747.76022,115093907620299.14,140,Antminer S19 XP,3010,0.0968593344301145,0.016759507898537054,0.5024188278415984,17.43882429369368,6.997118319231471,154.91784590053297,735.8739035991708
1757894400000,115373.55555886829,2025-09-15 00:00:00,bitcoin,2297459118244.424,26889399414.610912,111575741731048.45,234,Antminer S21 Pro,3540,0.09641256540186229,0.01752899984020894,7.578555629987904,29.88862872334828,8.191211556542221,442.5891816708484,338.9147458004392
1757980800000,115397.25272727509,2025-09-16 00:00:00,bitcoin,2297977599504.5527,46947581231.08198,125870800163031.61,234,Antminer S21 Pro,3540,0.07693041217501921,0.035518481735234135,1.3651535466635174,26.014419698703293,6.536007818389633,376.01902307607645,398.91598774153476
1758067200000,116762.8496864193,2025-09-17 00:00:00,bitcoin,2325326932460.9644,39964451595.099724,122440829396763.81,140,Antminer S19 XP,3010,0.036161284740022025,0.02683668364847575,18.396655589319053,16.335261339590673,2.612291209619191,253.35577056581113,449.96014791929764
1758153600000,116455.94648225319,2025-09-18 00:00:00,bitcoin,2321583680138.891,54740952295.37868,122683449461230.11,140,Antminer S19 XP,3010,0.06340016445871151,0.025701727341230992,16.850578898731023,16.27906876974713,4.580027880497319,192.637893344161,591.7838802168121
1758240000000,117145.49508952006,2025-09-19 00:00:00,bitcoin,2333705338232.097,43642467075.25838,120814131710798.5,140,Antminer S19 XP,3010,0.11286899476170216,0.013443066156076525,7.952453249671609,16.838055735037543,8.153656181585363,102.19865327023207,1115.4745816323332
1758326400000,115655.81046441344,2025-09-20 00:00:00,bitcoin,2303469041668.8,34296721252.33001,120187375216757.56,140,Antminer S19 XP,3010,0.08260040187816833,0.03580419080048305,16.215909652969753,16.331864925800726,5.96705303167888,152.61102349032203,746.9971525826862
1758412800000,115715.51536781774,2025-09-21 00:00:00,bitcoin,2305371926506.302,18774953731.290394,119139046625691.23,140,Antminer S19 XP,3010,0.07844987489301421,0.03168442909625451,9.502493428702795,16.554509723276052,5.667218962271346,168.28538949680785,677.4206622504353
1758499200000,115304.47999407038,2025-09-22 00:00:00,bitcoin,2297332085237.645,18659113982.495464,117957102010453.33,234,Antminer S21 Pro,3540,0.05419681629439741,0.012030050857000048,18.150090994138424,28.41290101073822,4.604561512372005,505.9168516176532,296.4914086581218
1758585600000,112696.74101711863,2025-09-23 00:00:00,bitcoin,2245929069310.8535,69152342029.46799,117004399735755.05,140,Antminer S19 XP,3010,0.0631604027924921,0.03123505291689306,10.900407905680947,16.424400059681094,4.56270749772963,197.51744352521058,577.1642137796774
1758672000000,112022.16587861195,2025-09-24 00:00:00,bitcoin,2232693472656.6514,46154878824.043465,116284548704754.8,110,Antminer S19 Pro,3250,0.11058114802378523,0.02630614652027938,9.894713467959974,12.972717647297095,8.625329545855248,26.25497637658878,2856.6013133752626
1758758400000,113320.56908541008,2025-09-25 00:00:00,bitcoin,2257741194218.8286,46677543220.334526,115290888716081.4,126,Whatsminer M50,3276,0.08998167427741521,0.012451760372403347,22.433517971719223,15.377173792116853,7.074719158387493,132.40697234521411,634.4076789324471
1758844800000,108963.53013595635,2025-09-26 00:00:00,bitcoin,2171950311711.4429,74481796351.47305,113077095783304.4,140,Antminer S19 XP,3010,0.10086483240770995,0.023749019245859693,6.0210983973768055,16.558841018250956,7.286475493132967,119.83763242020636,951.2871516041229
1758931200000,109710.20874667744,2025-09-27 00:00:00,bitcoin,2185866776171.5464,55257214020.568245,103911376347253.45,140,Antminer S19 XP,3010,0.07089108807608896,0.02454088861390141,2.8907361599175703,18.128211025272613,5.121172202616666,231.87783134634503,491.63820162576707
1759017600000,109654.81021075726,2025-09-28 00:00:00,bitcoin,2185203231301.0562,23294896964.31016,119802219516740.23,234,Antminer S21 Pro,3540,0.0867222497510542,0.014973236204898273,14.029034718226995,26.525318672219143,7.367922338849566,366.38855666775396,409.40143263268453
1759104000000,112142.57362752674,2025-09-29 00:00:00,bitcoin,2235798877396.134,31274654338.51212,120403411034521.34,140,Antminer S19 XP,3010,0.05235452478688868,0.03837094441000847,23.263723494820294,15.765263698244908,3.7820908706048377,201.1618514958688,566.7078481942744
1759190400000,114309.15041119447,2025-09-30 00:00:00,bitcoin,2278362523594.3135,57833295882.65785,119833081180182.9,140,Antminer S19 XP,3010,0.09349147472551377,0.035499261144419855,9.06814112945248,16.194545710700712,6.753824134171114,124.88831396255462,912.8155900493679
1759276800000,114024.22783550054,2025-10-01 00:00:00,bitcoin,2272137555069.4507,57718901820.70616,121206811786715.83,140,Antminer S19 XP,3010,0.06848412003330036,0.030070670119873247,1.4888823270907565,16.06098360125992,4.947292831205617,175.0773897682958,651.140619304823
1759363200000,118503.24451752483,2025-10-02 00:00:00,bitcoin,2359569556068.08,69920179085.4708,125120590780297.16,234,Antminer S21 Pro,3540,0.0698290963333271,0.023868866830018216,8.14332641542962,27.199403222816574,5.93268002447947,429.6683626167798,349.10645756291035
1759449600000,120611.71911591051,2025-10-03 00:00:00,bitcoin,2399524207991.5527,71252850672.75252,121889756946903.92,140,Antminer S19 XP,3010,0.08843900921191934,0.022352966247535255,12.142359703669403,17.028104932807576,6.388834025469053,160.84479388682237,708.7577859698432
1759536000000,122250.15186842803,2025-10-04 00:00:00,bitcoin,2436956902844.7153,83155430408.51796,124212225045921.34,126,Whatsminer M50,3276,0.1142652559322034,0.029529204014528625,3.886152159173129,15.131151525545581,8.98399148241356,67.74813462729398,1239.886536538802
1759622400000,122380.93708463266,2025-10-05 00:00:00,bitcoin,2438832157552.7866,35161626561.80918,129625697285345.77,234,Antminer S21 Pro,3540,0.03576057119477588,0.026362956082207165,15.79445323335581,27.04391198509732,3.0382181287081593,511.83748235834145,293.0617728675522
1759708800000,123506.18520027678,2025-10-06 00:00:00,bitcoin,2461221856764.1885,72011486031.26575,128959338426026.34,126,Whatsminer M50,3276,0.10422689136123069,0.011868193176456569,23.945985336244814,14.991850191342333,8.194735106385401,87.24678588204128,962.7861834769366
1759795200000,124773.50823074432,2025-10-07 00:00:00,bitcoin,2486073086655.2866,69605991064.72382,139194525974031.81,234,Antminer S21 Pro,3540,0.05631447993709738,0.02537507946310995,10.84174742355465,25.703217881493114,4.784478215455794,419.22885664778624,357.79979746485344
1759881600000,121518.75593575071,2025-10-08 00:00:00,bitcoin,2421938444026.2783,76087884719.80028,134363690723645.5,140,Antminer S19 XP,3010,0.069952750905574,0.03419210851698518,8.513485361525102,15.374962812511448,5.053386725418665,151.31394927945013,753.4004666645911
1759968000000,123352.50487523204,2025-10-09 00:00:00,bitcoin,2459003621170.118,62576032795.36722,132458814764635.12,126,Whatsminer M50,3276,0.031972199589750804,0.023777196327908742,9.6169000040272,14.40192351463345,2.513782220544567,239.97757215599984,350.03271032925926
1760054400000,121698.03066778315,2025-10-10 00:00:00,bitcoin,2423288659157.484,72097306668.91356,122606350977846.86,234,Antminer S21 Pro,3540,0.05709414700508817,0.011558697326628052,2.7635082814848273,28.86497752946092,4.850718729552291,512.0944306639254,292.9147263045342
1760140800000,113201.74064138904,2025-10-11 00:00:00,bitcoin,2265659827789.9917,151002213089.8765,116511998851476.34,110,Antminer S19 Pro,3250,0.07523681183671174,0.033588345981520995,21.19856643422937,12.985874281196509,5.868471323263516,109.35542207132312,685.837049315067
1760227200000,110853.11663883903,2025-10-12 00:00:00,bitcoin,2211404015103.109,108643865752.17674,112367363580888.84,140,Antminer S19 XP,3010,0.03505584696126951,0.01604091346407923,9.955815732512448,17.086247437119518,2.532434384482109,278.2810582457889,409.6577780702223
1760313600000,115189.5714637257,2025-10-13 00:00:00,bitcoin,2294724465036.9785,93857100744.12454,122390096302038.3,234,Antminer S21 Pro,3540,0.07419861564448486,0.017758625046641163,9.29458587419619,27.197868272828796,6.3039143851554345,418.48528329686746,358.4355435830037
1760400000000,115222.28302116522,2025-10-14 00:00:00,bitcoin,2296863527017.9863,68935270367.04033,107313794962005.84,110,Antminer S19 Pro,3250,0.11343995659725846,0.014941190602968876,15.832566550331384,14.627485151123901,8.84831661458616,69.20838942946558,1083.6836490240391
1760486400000,113156.56943826913,2025-10-15 00:00:00,bitcoin,2257545230986.0146,91211854988.91518,117004044813842.61,234,Antminer S21 Pro,3540,0.039485389629702466,0.019906451946144925,10.608802102346964,27.88663955045979,3.354678702939522,527.6254920922747,284.29255645928305
1760572800000,110708.66960879423,2025-10-16 00:00:00,bitcoin,2207742082237.0483,68877328886.40259,115723642677386.1,110,Antminer S19 Pro,3250,0.09879966552679538,0.03270254517065905,15.557603251388304,12.798119618120438,7.70637391109004,48.5857045442453,1543.6639378502812
1760659200000,108076.72862033188,2025-10-17 00:00:00,bitcoin,2154964541836.455,84773160808.27399,107442487851093.27,140,Antminer S19 XP,3010,0.06687039480383933,0.02558157578511812,1.4747109631389002,17.25295763126447,4.830717320629352,214.33387598572017,531.88045742053
1760745600000,106443.61194984635,2025-10-18 00:00:00,bitcoin,2123017949517.1426,94325236794.78163,117691691531098.47,126,Whatsminer M50,3276,0.08896563430719041,0.016146438224521376,19.529360249333457,14.09641588243285,6.994834031768539,96.38078885326267,871.5429807063302
1760832000000,107156.00337647724,2025-10-19 00:00:00,bitcoin,2135575517405.9185,34412835719.61292,108600960837448.28,110,Antminer S19 Pro,3250,0.05342129381867064,0.03633490234456122,22.572094869105662,13.15029674818707,4.16686091785631,165.33640824325616,453.6205957108612
1760918400000,108621.134857428,2025-10-20 00:00:00,bitcoin,2165367850075.0042,45373692612.394394,116856325709706.3,234,Antminer S21 Pro,3540,0.044354303628722246,0.036387455648545876,15.570369267825264,26.35204419520137,3.7683416362962423,469.17774343382047,319.70826003420206
1761004800000,110608.5714932665,2025-10-21 00:00:00,bitcoin,2205571381112.93,60452111148.140076,131092696695167.33,140,Antminer S19 XP,3010,0.04444163528441038,0.036117352751380206,22.909582292611457,14.31516578816146,3.2104637329458052,174.8077283231363,652.1450801606909
1761091200000,108486.10262716639,2025-10-22 00:00:00,bitcoin,2162410619417.9114,105841401713.00197,107350057472862.53,110,Antminer S19 Pro,3250,0.03634427510788302,0.01716388634144618,3.634375544879119,13.736608341954307,2.8348534584148752,222.88597983951627,336.4949202009115
1761177600000,107618.4266715404,2025-10-23 00:00:00,bitcoin,2145773248654.6448,83996418125.93103,113939265201248.4,234,Antminer S21 Pro,3540,0.04670820344111187,0.023537180325429643,11.457988547528489,27.134304337857895,3.968328964356865,486.6459278716975,308.23231308235046
1761264000000,110048.51827291629,2025-10-24 00:00:00,bitcoin,2193901841033.9053,56192643013.57058,114669797872587.25,234,Antminer S21 Pro,3540,0.08977974464900713,0.03954968968422625,14.443361614690733,27.118134453048917,7.627687105379647,376.3800870967447,398.5333048755154
1761350400000,110997.80437129698,2025-10-25 00:00:00,bitcoin,2213306367536.756,49120903424.344864,114488326914932.22,234,Antminer S21 Pro,3540,0.10935215506591572,0.03316037428929971,13.96167953810848,27.577657710411255,9.290559094400201,340.27962514699834,440.8139333502589
1761436800000,111620.3093731354,2025-10-26 00:00:00,bitcoin,2224861052775.0015,23214874411.212166,121818179950789.64,110,Antminer S19 Pro,3250,0.10327131170320455,0.010815022636766794,9.635082698137037,12.53531382877065,8.055162312849955,30.23787881095423,2480.3327134451597
1761523200000,114476.01227508577,2025-10-27 00:00:00,bitcoin,2283691326423.212,42483268634.18711,125928322420047.03,110,Antminer S19 Pro,3250,0.09166208788870356,0.011956137737814761,8.114025824790273,12.422067450473458,7.149642855318877,54.006071187970775,1388.7327544890059
1761609600000,114182.79442806762,2025-10-28 00:00:00,bitcoin,2276235094681.6714,63764801510.65889,124010519436563.03,110,Antminer S19 Pro,3250,0.03993886770699924,0.023917941304369982,3.0437765412100513,12.42953995247585,3.1152316811459406,175.2625814732306,427.9293353410717
1761696000000,112950.34863259472,2025-10-29 00:00:00,bitcoin,2254003248725.4917,66299512352.17796,115508595114906.08,126,Whatsminer M50,3276,0.05602687016663548,0.037276606175846806,9.401818813494677,14.913488472145287,4.405056639981548,198.58628829824553,422.9899290621976
1761782400000,110046.66925837283,2025-10-30 00:00:00,bitcoin,2194746293754.542,64235327509.05742,128874798107322.78,110,Antminer S19 Pro,3250,0.057882618779022205,0.026161053938581428,3.9038595625316432,11.500656369038339,4.514844264763732,105.40769646157153,711.5229961157793
1761868800000,108240.76528725718,2025-10-31 00:00:00,bitcoin,2157803742876.0747,72648897659.94229,106349421797671.53,110,Antminer S19 Pro,3250,0.05249612517578591,0.024934375241028706,17.624776235813243,13.725120018398549,4.094697763711301,184.74600097395074,405.96277919203794
1761955200000,109573.90555629115,2025-11-01 00:00:00,bitcoin,2185193896779.3408,58800487940.5146,111148442618404.5,110,Antminer S19 Pro,3250,0.07635050937387508,0.013164210998698918,5.011942451870159,13.45473767531195,5.9553397311622565,120.81527165782411,620.7824472092964
1762041600000,110014.13556776087,2025-11-02 00:00:00,bitcoin,2194075979770.0623,24938475577.849922,117527092728419.27,126,Whatsminer M50,3276,0.07819984333917053,0.02970340314172882,1.4055673268288125,14.388630146859436,6.148384482698943,130.54070325814814,643.4774587807107
1762128000000,110650.2092823146,2025-11-03 00:00:00,bitcoin,2201849942058.28,35098774843.7742,117655477330990.42,110,Antminer S19 Pro,3250,0.06211973776539992,0.034663094818006765,13.256787307613624,12.555834513402607,4.845339545701194,127.14818236437574,589.8629347690418
1762214400000,106521.08673825761,2025-11-04 00:00:00,bitcoin,2123664079961.7026,75068433317.86293,116207792678775.1,234,Antminer S21 Pro,3540,0.06184102428627924,0.02141260022522687,14.285513585265639,26.390627212085562,5.254013423362284,425.765080328365,352.3069573585385
1762300800000,101635.2740227234,2025-11-05 00:00:00,bitcoin,2026091188341.184,108965721650.60309,117596732160978.81,110,Antminer S19 Pro,3250,0.10457000381154732,0.03326835552775982,20.925913470732134,11.55531336401817,8.156460297300692,-2.2010746651423396,250000.0
1762387200000,103877.95965955159,2025-11-06 00:00:00,bitcoin,2073000557933.8025,77083907216.62631,110965711786131.66,234,Antminer S21 Pro,3540,0.1010363563487717,0.03893429961702435,13.847558698024365,26.468994359586777,8.584048835391645,328.21503239252064,457.01745866597366
1762473600000,101322.6402945857,2025-11-07 00:00:00,bitcoin,2019147576692.263,64118217249.57436,110004180879886.31,234,Antminer S21 Pro,3540,0.057701624851267105,0.016112993773830672,8.291540489362697,26.66197321452715,4.9023300473636535,444.4559616815716,337.4912543246901
1762560000000,103396.084215925,2025-11-08 00:00:00,bitcoin,2063021740892.1375,93627003785.31018,108190823249649.58,234,Antminer S21 Pro,3540,0.11224095994859333,0.025699888935842238,19.272285156631693,27.394045590000427,9.53599195723249,327.4082756497048,458.14358144228913
1762646400000,102290.13714655167,2025-11-09 00:00:00,bitcoin,2039995976869.1492,51095924202.31797,113183423547762.94,126,Whatsminer M50,3276,0.11575335153022553,0.018614138742537267,12.966693436498105,14.0506098663101,9.100991510712452,31.82188400126277,2639.692860317971
1762732800000,104709.67861656273,2025-11-10 00:00:00,bitcoin,2086419359800.0503,59952468437.71812,110665672960550.56,126,Whatsminer M50,3276,0.059406828782703675,0.03378563257101518,1.9027268311486019,14.482776614308314,4.6708025062112934,177.69255657624393,472.72661060485933
1762819200000,105909.07272321742,2025-11-11 00:00:00,bitcoin,2112747067951.9028,67546556819.52642,111662275497349.48,126,Whatsminer M50,3276,0.06189824539137494,0.027327800976434724,13.58041344751792,14.61496025080402,4.866687645651463,175.78151148791005,477.86595580489916
1762905600000,102960.77564500563,2025-11-12 00:00:00,bitcoin,2053215927640.825,71008299178.73956,113518062135656.9,110,Antminer S19 Pro,3250,0.07550707380797629,0.029037472526509112,21.792445090119898,12.17968033636534,5.889551757022151,84.53719071362904,887.1834912762075
1762992000000,101521.70859453593,2025-11-13 00:00:00,bitcoin,2025837265459.7573,63332414142.58827,114776028464182.95,234,Antminer S21 Pro,3540,0.11470087312803061,0.03393742478847682,9.511503011957293,25.139853313108574,9.744986180957481,253.51268063119946,591.686378868812
1763078400000,99730.4533956204,2025-11-14 00:00:00,bitcoin,1996168972711.9963,100463341916.4732,97068178404647.62,126,Whatsminer M50,3276,0.10886874898280803,0.021879114179873645,7.111819245595202,15.920176928929278,8.559696520024298,104.14774560048272,806.5465029097151
1763164800000,94456.39368235337,2025-11-15 00:00:00,bitcoin,1891799949910.1116,113198323665.38873,105517553525328.28,126,Whatsminer M50,3276,0.03923111663252308,0.037452702052211295,3.4432669684324813,13.650016296849437,3.0845073141154944,200.2986028153516,419.37386891029246
1763251200000,95508.31019889197,2025-11-16 00:00:00,bitcoin,1905234340631.9912,39062120798.23745,103239241905688.95,110,Antminer S19 Pro,3250,0.06534576689442746,0.0259908660173842,3.6346925264485757,12.461948948182368,5.096969817765342,116.7827072458441,642.2183709281068
1763337600000,94411.32947182967,2025-11-17 00:00:00,bitcoin,1883240679702.7427,72645149972.7847,108414192581498.44,126,Whatsminer M50,3276,0.07980340707747946,0.014738644685060441,10.386515624203653,13.592328628070295,6.274463078059744,102.86929983364983,816.5701539316062
1763424000000,92036.7255045672,2025-11-18 00:00:00,bitcoin,1835458818945.8962,95794596045.06412,100446658248433.45,110,Antminer S19 Pro,3250,0.0752819225296386,0.030876973545064072,14.296315779876709,12.280927354018988,5.87198995731181,88.10145523454867,851.2912732296052
1763510400000,92819.75921500899,2025-11-19 00:00:00,bitcoin,1851234710246.605,103837258806.01602,108855061511652.33,140,Antminer S19 XP,3010,0.04744767611432034,0.03379784051314763,1.934769724070442,14.501794546645122,3.4276201224985012,173.89189939106532,655.5797043979921
1763596800000,91363.27838693369,2025-11-20 00:00:00,bitcoin,1820062799702.324,82897875507.45229,97754000220024.53,126,Whatsminer M50,3276,0.10729350940513392,0.0195028503120258,22.549646136603975,14.5173690016729,8.43584488346925,65.77905687944286,1277.0021946947602
1763683200000,86649.97257918229,2025-11-21 00:00:00,bitcoin,1731258563683.1287,99171039191.1295,86056660944522.47,140,Antminer S19 XP,3010,0.09092467046971536,0.03571537770996259,18.1232068186847,17.090356170947754,6.568398194732238,157.3254059531322,724.6127814471429
1763769600000,85051.8019295002,2025-11-22 00:00:00,bitcoin,1697723941246.0479,135093457122.46469,101134466811275.16,110,Antminer S19 Pro,3250,0.10541175373666233,0.03718429764297299,14.078974038807903,11.198351059457476,8.222116791459662,-14.879638626732223,250000.0
1763856000000,84682.62429147748,2025-11-23 00:00:00,bitcoin,1690556523055.809,42644968955.2184,91351128765003.88,234,Antminer S21 Pro,3540,0.1072887851414525,0.018307134621334268,19.88252810253578,26.77353898006484,9.115255185617805,321.4151805000777,466.6861091209839
1763942400000,86783.84766839583,2025-11-24 00:00:00,bitcoin,1732233225777.4016,60446592409.29218,89418613373278.88,126,Whatsminer M50,3276,0.09735202682991657,0.03950564418145666,1.924482163490719,14.767610565607105,7.65420575747536,96.73547757728569,868.3473954308973
1764028800000,88229.35740719768,2025-11-25 00:00:00,bitcoin,1761564072532.238,77606296173.43544,98604731599217.72,110,Antminer S19 Pro,3250,0.06952895411247456,0.014221345841462752,11.444133065594986,12.198919190913335,5.423258420773016,99.10315643754289,756.787197260127
1764115200000,87310.33159950442,2025-11-26 00:00:00,bitcoin,1742162762885.542,67956444142.18749,96562716336102.84,234,Antminer S21 Pro,3540,0.0849492079513882,0.0160604700520747,15.122235044679922,26.174254949435927,7.2172847075499424,360.37577392324624,416.2321966513415
1764201600000,90474.22677969698,2025-11-27 00:00:00,bitcoin,1806439309544.997,69690430587.90018,104510713861805.84,234,Antminer S21 Pro,3540,0.04443288655077688,0.015526745177140784,19.88766974683894,25.073660670362155,3.775018041354004,430.6259455369112,348.33014952914095
1764288000000,91279.06057176423,2025-11-28 00:00:00,bitcoin,1821778517479.9226,59295194347.668594,105527937908879.6,140,Antminer S19 XP,3010,0.09062808757274168,0.03681969130023611,18.803269441182426,14.664701909647182,6.546973046254859,85.19853256843632,1338.0512147721406
1764374400000,90950.37695910994,2025-11-29 00:00:00,bitcoin,1814919896425.4082,62833195066.53989,101270083028705.25,110,Antminer S19 Pro,3250,0.046132793016535265,0.029628776569748855,6.649661993121591,12.052796668599969,3.5983578552897506,149.46649773263988,501.78468846013385
1764460800000,90841.45258193677,2025-11-30 00:00:00,bitcoin,1812771321410.9438,39253888201.69327,96277130775357.39,234,Antminer S21 Pro,3540,0.09245546314591412,0.014563128496668186,22.581124069420902,27.355174845720605,7.855016148876864,376.6714275719789,398.22505510146823
1764547200000,90406.28448571145,2025-12-01 00:00:00,bitcoin,1807818977105.3909,40334819409.843475,101773276710881.03,126,Whatsminer M50,3276,0.050663834467857174,0.023209702551050468,2.9843001943408884,13.74581974095403,3.9833933212008024,176.20612592593014,476.7144136368458
1764633600000,86281.49519776918,2025-12-02 00:00:00,bitcoin,1723547230444.7913,92988982967.24597,97727217898743.88,126,Whatsminer M50,3276,0.040579617013519795,0.02845894075209406,21.003206846907652,13.588381464094763,3.1905318080709804,195.2688230140468,430.17619865490457
1764720000000,91344.73275150165,2025-12-03 00:00:00,bitcoin,1824843161126.1372,83138039128.81346,103965293998599.58,140,Antminer S19 XP,3010,0.04487560411286617,0.012503922549681499,23.302565990510846,15.271877680282692,3.2418136411134517,202.5685878417439,562.7723489342886
1764806400000,93619.43750817103,2025-12-04 00:00:00,bitcoin,1868050658597.6572,81429135004.88295,98642164354752.36,234,Antminer S21 Pro,3540,0.030179292169716324,0.03647249105222016,4.2516845573430135,26.904028170827022,2.5640326627390992,521.8665319093043,287.42981361768693
1764892800000,92140.70419795791,2025-12-05 00:00:00,bitcoin,1839369557445.9072,67878296355.02588,99782055799127.17,110,Antminer S19 Pro,3250,0.09468656560681772,0.03410810606324605,17.329585540890847,12.335426921485514,7.385552117331782,44.32957745794525,1691.8726570572726
1764979200000,89307.09154512963,2025-12-06 00:00:00,bitcoin,1782798987370.1692,50193142876.74388,101969466869288.55,126,Whatsminer M50,3276,0.09591609441525412,0.025156203207299145,0.9668524506719631,13.525560566904565,7.5413070073049395,62.8609401213221,1336.2829101486448
1765065600000,89244.7620814118,2025-12-07 00:00:00,bitcoin,1781194798199.8435,24818678152.49986,105607270344001.78,234,Antminer S21 Pro,3540,0.07634400149219335,0.03901379845777511,9.730147803339719,23.89218266596919,6.486186366776748,313.84655564243997,477.94056459517896
1765152000000,90162.90714007126,2025-12-08 00:00:00,bitcoin,1799656690088.5503,33912893266.90874,104965365989857.34,234,Antminer S21 Pro,3540,0.04452265209498453,0.022532829378252992,12.390799180744176,24.70209672414888,3.782644521989886,419.25023273143654,357.78155452113265
1765238400000,90618.0535204608,2025-12-09 00:00:00,bitcoin,1808394676576.639,45466493941.40448,100925318956147.98,140,Antminer S19 XP,3010,0.037519890375962074,0.039523309571094935,13.935485421831217,15.179706078280963,2.7104368807595,215.7447425923106,528.4022156471456
1765324800000,92723.21372069631,2025-12-10 00:00:00,bitcoin,1852116289106.247,54575121853.64529,99832369647641.19,126,Whatsminer M50,3276,0.03172160697935583,0.030037599964108812,22.462493957965428,14.271724020129682,2.4940796271448726,236.6626651228776,354.93557869124123
1765411200000,92005.13714957413,2025-12-11 00:00:00,bitcoin,1837321739746.956,52189659395.756485,103690050418041.66,126,Whatsminer M50,3276,0.04491733592686986,0.029040138197618245,16.13401649506067,13.648367635063687,3.531580619914216,186.83694378781746,449.5898846182965
1765497600000,92494.17691640415,2025-12-12 00:00:00,bitcoin,1848922166365.7808,53232377699.408394,96621528577202.78,110,Antminer S19 Pro,3250,0.1101769981484832,0.01497864685887355,11.550670829261687,13.041054717129654,8.593805855581689,29.250799179772322,2564.0325086182406
1765584000000,90307.26028567803,2025-12-13 00:00:00,bitcoin,1803244893514.8884,67750393558.62937,96171043041760.56,126,Whatsminer M50,3276,0.05173831575315136,0.036457832749139316,19.432200870381344,14.333541550217436,4.067873337775772,191.30337970658326,439.0931311764449
1765670400000,90257.4292885891,2025-12-14 00:00:00,bitcoin,1801496999571.6902,35222775785.402145,107763380969455.72,110,Antminer S19 Pro,3250,0.06188441944954941,0.022824690637618453,22.812787702905815,11.319071936063319,4.826984717064854,90.59594990328726,827.8515770303617
1765756800000,88230.77409367911,2025-12-15 00:00:00,bitcoin,1761380944797.1238,33808538697.042442,100535817478300.53,126,Whatsminer M50,3276,0.039481093603319986,0.014867002173474381,0.5295875683749802,13.696152592973428,3.1041615034674304,201.09306601851327,417.717038499312
1765843200000,86413.9190195637,2025-12-16 00:00:00,bitcoin,1724624039059.303,50630498834.055145,95273965514104.97,140,Antminer S19 XP,3010,0.050012517427335326,0.010378225599272772,23.580510534144928,15.799401524098025,3.612904258950704,207.2615846210863,550.0295687134388
1765929600000,87821.88919109134,2025-12-17 00:00:00,bitcoin,1751373602587.6565,48317754254.70281,102330601082169.12,126,Whatsminer M50,3276,0.07673021137021846,0.026792670509151476,2.067171337528328,13.23143857085684,6.032836138772056,99.29140629587687,845.9946649329323
1766016000000,86064.94716216,2025-12-18 00:00:00,bitcoin,1718491930388.8372,48886793507.656334,103155664121047.95,110,Antminer S19 Pro,3250,0.08469774147860873,0.02582198866368029,19.545282702450272,11.240823622710225,6.606423835331481,34.86532695469567,2151.134280124655
1766102400000,85450.3312009302,2025-12-19 00:00:00,bitcoin,1704341132953.6216,58649139178.511856,93985421542880.3,110,Antminer S19 Pro,3250,0.05208170827495899,0.031580608671074754,6.7280340612339,12.177084436660675,4.062373245446802,139.2746690697495,538.5042413020532
1766188800000,88103.86075721023,2025-12-20 00:00:00,bitcoin,1759398134896.644,51932451056.500565,96282844252094.48,140,Antminer S19 XP,3010,0.035195894330260546,0.03670774159053406,3.172311786092922,15.515509195358783,2.542551406418022,230.8554003348895,493.81560853515373
1766275200000,88347.94310567998,2025-12-21 00:00:00,bitcoin,1762805314679.9844,17103607834.780054,95860057054664.95,126,Whatsminer M50,3276,0.06519295822146588,0.012382197539290886,10.556535353132038,14.419563475440262,5.125731147204533,162.14830318040518,518.0442739912124
1766361600000,88577.42038358838,2025-12-22 00:00:00,bitcoin,1768920028841.514,22541294542.323105,103633768579900.47,126,Whatsminer M50,3276,0.05107830338337007,0.03194489471021087,15.454957906742724,13.107692978520882,4.015980525214088,156.08470693253713,538.1693162053758
1766448000000,88491.12020788102,2025-12-23 00:00:00,bitcoin,1767081210842.8062,41948947368.210236,103610387410834.81,140,Antminer S19 XP,3010,0.04975985309068217,0.015622358322927467,9.1428442805634,14.798580881884225,3.59465178727088,177.78453950506704,641.225611165986
1766534400000,87406.43636737975,2025-12-24 00:00:00,bitcoin,1745209464473.6252,46353794741.509995,104768213579271.95,126,Whatsminer M50,3276,0.11638765224421097,0.03574531159471492,1.309569798784775,12.744126631775307,9.150862770048843,-8.868750814872737,280000.0
1766620800000,87642.60888119951,2025-12-25 00:00:00,bitcoin,1749379166231.2852,29100645180.040016,103078522150243.78,126,Whatsminer M50,3276,0.08546704373331517,0.03457190541584968,14.387067351809199,13.003836191076807,6.719760846488171,71.85559367099242,1169.011286506289
1766707200000,87229.78066010943,2025-12-26 00:00:00,bitcoin,1741491085115.601,22773603342.32636,89530393486281.94,110,Antminer S19 Pro,3250,0.08011905988548863,0.02622381264956633,21.657678626656192,13.12139535083501,6.249286671068114,101.99659372634024,735.3186734963633
1766793600000,87305.95655961394,2025-12-27 00:00:00,bitcoin,1743187621561.159,47130449135.786705,99159785404269.28,126,Whatsminer M50,3276,0.06741975931709897,0.03130728395869935,9.19716878273404,13.51135094737138,5.300811156547589,129.64952705804706,647.9005508627215
1766880000000,87807.003210775,2025-12-28 00:00:00,bitcoin,1753375412209.345,15670944599.660688,92880575661410.56,126,Whatsminer M50,3276,0.06860499000871298,0.01943050339551245,5.191986663139849,14.685443937095787,5.393998734445049,162.07668941285547,518.2731724364636
1766966400000,87822.90829076794,2025-12-29 00:00:00,bitcoin,1753595375313.038,17428479525.19913,95621185034116.2,140,Antminer S19 XP,3010,0.07868145034542727,0.024135036967984438,10.62185630238757,15.776307153227524,5.683947972953666,144.43744207488243,789.2690313699796
1767052800000,87156.56266080117,2025-12-30 00:00:00,bitcoin,1739794323451.9631,53957962807.988785,98483439901905.28,140,Antminer S19 XP,3010,0.09267868263324965,0.03464910693131415,1.160705065170741,15.03779019492105,6.695108033425954,91.94713151151953,1239.8429197948126
1767139200000,88414.62856073362,2025-12-31 00:00:00,bitcoin,1765833387995.6162,39734225800.079216,102856684125694.2,234,Antminer S21 Pro,3540,0.09319314865636465,0.023777955915196415,19.691702027526595,24.688231066833577,7.917689909844741,294.7829013763317,508.84905230138827
1767225600000,87520.18048742875,2026-01-01 00:00:00,bitcoin,1747837206254.3643,37245075349.02766,93479267027268.56,110,Antminer S19 Pro,3250,0.04545245169349046,0.020733947959763254,19.832179462804483,12.68002731562211,3.545291232092256,169.87541583922896,441.50002299909255
1767312000000,88727.67004249741,2026-01-02 00:00:00,bitcoin,1771365149347.3962,21163124465.205833,87316126728152.5,126,Whatsminer M50,3276,0.07501014768689643,0.024826373417508995,14.112011122311081,15.698241493873962,5.897597851734544,177.35264259751585,473.6326381706622
1767398400000,89926.27924953419,2026-01-03 00:00:00,bitcoin,1795890115524.7178,50705395175.73333,100841220250305.64,126,Whatsminer M50,3276,0.06707622855306918,0.03484747757311655,8.474469334521348,13.634804837790305,5.273801393756511,134.16343665434715,626.1020296939317
1767484800000,90593.85443180417,2026-01-04 00:00:00,bitcoin,1809211438368.9963,23480735292.761147,113712736610162.88,234,Antminer S21 Pro,3540,0.10834742696424457,0.02005624142112618,19.1948007466988,22.968917794859404,9.20519739488222,204.57827866598225,733.2156716642779
1767571200000,91373.21588108438,2026-01-05 00:00:00,bitcoin,1824986876689.233,31050236622.948975,100130115469219.55,126,Whatsminer M50,3276,0.08682770290965387,0.015212847794072315,13.312488594920811,14.236427176696402,6.8267413135686255,105.62390922716662,795.2744848644087
1767657600000,93926.7956485658,2026-01-06 00:00:00,bitcoin,1876558232963.0544,59451605754.8414,103506906881889.47,110,Antminer S19 Pro,3250,0.07792536597743836,0.031360420609923424,19.82237540520039,12.156511638622503,6.078178546240192,78.18332610480267,959.2838235030381
1767744000000,93666.86387314305,2026-01-07 00:00:00,bitcoin,1870043996457.1855,57439451725.50999,111966537986966.27,234,Antminer S21 Pro,3540,0.04038551779610256,0.03477934638124245,15.155011021992495,23.756042404882642,3.431153591956874,401.4133310544397,373.6796673044647
1767830400000,91257.15544035907,2026-01-08 00:00:00,bitcoin,1822220317807.3809,47910812257.04945,103999002628941.5,110,Antminer S19 Pro,3250,0.08450741003910703,0.013019124355706,18.825731357107134,11.977690154170691,6.591577983050348,57.41669846694361,1306.240205420024
1767916800000,90983.51578142625,2026-01-09 00:00:00,bitcoin,1817249307661.4592,48319133568.469185,101903901669436.56,234,Antminer S21 Pro,3540,0.040548351511221006,0.01719622338267834,14.36551183722624,25.81597162140662,3.444987944393337,462.79617697706516,324.1167655700699
1768003200000,90504.89560340019,2026-01-10 00:00:00,bitcoin,1807784901284.322,43664879516.319695,102631329662734.19,234,Antminer S21 Pro,3540,0.060348591800917686,0.014259159692829817,9.939385637175988,25.57435105790844,5.127216359405967,405.0807076217409,370.2965783798029
1768089600000,90442.01907847001,2026-01-11 00:00:00,bitcoin,1806483854865.5005,13961660357.407768,101619568894926.6,140,Antminer S19 XP,3010,0.042855776833289866,0.020438242347465,22.990700638227302,15.345698353453791,3.0959013184368596,209.16057771717462,545.0357865914386
1768176000000,90819.36598904192,2026-01-12 00:00:00,bitcoin,1814078415941.0112,19870776213.774654,94984032850084.72,110,Antminer S19 Pro,3250,0.0922866282321932,0.02351052936716238,12.986731797092274,12.912847117675879,7.19835700211107,67.26803680027763,1114.9426022745242
1768262400000,91134.96917951507,2026-01-13 00:00:00,bitcoin,1820530763450.6675,46923085427.627655,94238581860597.4,126,Whatsminer M50,3276,0.04856269024525373,0.032464790108899196,14.52214844497292,14.822707245770959,3.8181929578428293,213.4687619711772,393.50019751996206
1768348800000,95260.4422971001,2026-01-14 00:00:00,bitcoin,1902289955573.257,66844465446.74208,113817842474871.27,126,Whatsminer M50,3276,0.06526734358692234,0.029534427546450224,5.291703345953982,12.86728207767984,5.131579622178181,115.40440699838311,727.8751495268019
1768435200000,97007.78078881276,2026-01-15 00:00:00,bitcoin,1938292963237.8118,68433627980.993996,106759234083536.4,110,Antminer S19 Pro,3250,0.11061072998569008,0.028627857024352936,15.015618946254635,12.20712378349244,8.627636938883827,3.217938671591707,23306.845671767365
1768521600000,95584.82797878512,2026-01-16 00:00:00,bitcoin,1909227332523.1567,59629891835.2242,105154500528552.77,126,Whatsminer M50,3276,0.048388474505907324,0.02057124839828963,13.718583587590652,14.103873060404505,3.8044954195524574,192.31466255889475,436.7841686240419
1768608000000,95516.07771987123,2026-01-17 00:00:00,bitcoin,1907673016263.0132,37208122951.606445,104145593112944.98,126,Whatsminer M50,3276,0.07570245575629012,0.035243426592542794,4.436121550728599,14.017087120862985,5.952029881382554,125.28505051774627,670.4710550290407
1768694400000,95099.53192554631,2026-01-18 00:00:00,bitcoin,1899912876486.1714,17839431205.011776,108154976276037.52,110,Antminer S19 Pro,3250,0.06773444950494198,0.024138615021944938,1.4300903364754491,11.867154319793048,5.283287061385474,93.34935108556053,803.433544291677
1768780800000,93752.70577188236,2026-01-19 00:00:00,bitcoin,1874976961280.7039,23132534225.645782,115820710318589.4,234,Antminer S21 Pro,3540,0.03163116369411567,0.03937314814045464,14.504623673154505,22.877157629289727,2.687383667452068,397.35988552179646,377.49155228144446
1768867200000,92558.46334372147,2026-01-20 00:00:00,bitcoin,1849232162887.1968,43338958368.50777,104751816121973.53,110,Antminer S19 Pro,3250,0.10134823022155315,0.029024264148872103,18.328614464407693,11.865595404973078,7.905161957281146,14.646336764091306,5120.734365734296
1768953600000,88312.84053255555,2026-01-21 00:00:00,bitcoin,1764030499464.2656,60578606228.98298,95653599645556.86,234,Antminer S21 Pro,3540,0.036214131568313976,0.013787942246935083,12.561632902128197,26.788142455389103,3.0767526180439555,503.00836178702104,298.2057782640034
1769040000000,89354.34377512129,2026-01-22 00:00:00,bitcoin,1785123532735.0352,62357735672.95213,98794948856476.69,126,Whatsminer M50,3276,0.07268295188792583,0.03028532686226302,5.442543007671497,13.894065431372214,5.71462440923628,128.71656399741136,652.5966619314771
1769126400000,89443.39744146909,2026-01-23 00:00:00,bitcoin,1787014846080.977,39301750755.698135,104891146870583.84,126,Whatsminer M50,3276,0.08046104654450549,0.019753120462950968,15.996527440632839,13.241871385709217,6.3261693235152,90.80439519915387,925.0653541138581
1769212800000,89412.39849953113,2026-01-24 00:00:00,bitcoin,1786292506432.339,43393369570.58639,96596329075877.62,126,Whatsminer M50,3276,0.08655838109531283,0.030589815900582924,1.922537438630454,14.21507463499805,6.805566155237876,105.61858772613859,795.3145540802531
1769299200000,89170.87364531498,2026-01-25 00:00:00,bitcoin,1781979789713.3386,16537403154.850498,103570293816247.16,140,Antminer S19 XP,3010,0.0919768466377088,0.012089234444872173,10.604008915246911,14.971574153503338,6.644407401108084,91.4816692385243,1246.1512885468085
1769385600000,86548.32213469829,2026-01-26 00:00:00,bitcoin,1731460015137.4014,39912523619.12114,85519914909024.58,234,Antminer S21 Pro,3540,0.05279451451704435,0.015246443115278781,3.9208022015620845,29.320320070408137,4.485421953368089,536.7136101778682,279.4786589262934
1769472000000,88307.8612070438,2026-01-27 00:00:00,bitcoin,1764540020523.9114,50644433646.50017,97440486481971.22,140,Antminer S19 XP,3010,0.030898089899260444,0.03567211776717359,4.427017225437201,15.38319626826105,2.2320780143225742,236.20021428482096,482.6413910976965
1769558400000,89204.22239644526,2026-01-28 00:00:00,bitcoin,1782508769730.2656,43778458930.62677,102477552064441.06,140,Antminer S19 XP,3010,0.09510992961194208,0.016815386710705447,4.8550547797968875,15.0644637491562,6.870741315166695,87.47833968635184,1303.1797403647568
1769644800000,89162.09701574955,2026-01-29 00:00:00,bitcoin,1781310220302.3276,45893249753.273575,105652375246003.2,110,Antminer S19 Pro,3250,0.07820909394128207,0.0351112337572882,9.28096936905547,11.261723048796961,6.1003093274200015,50.675744974642086,1479.997976103354
1769731200000,84570.40906135936,2026-01-30 00:00:00,bitcoin,1689639802554.1016,70962598615.0189,91382969799254.17,140,Antminer S19 XP,3010,0.10525059328865238,0.018378282653632314,1.227604934889543,15.99039735100385,7.603302859172247,93.27950142161477,1222.1334619353345
1769817600000,84141.77856967277,2026-01-31 00:00:00,bitcoin,1680807873673.8472,79515463845.849,87604323719907.62,110,Antminer S19 Pro,3250,0.10392495266106248,0.02928645730176123,9.547042582298356,12.894479582206086,8.106146307562874,39.48333157262974,1899.5357537657937
1769904000000,78725.85853884545,2026-02-01 00:00:00,bitcoin,1573735495563.3943,78488542272.81866,89301206291245.45,110,Antminer S19 Pro,3250,0.10589935510090948,0.03082451720529493,12.280978730752821,11.816506088393421,8.26014969787094,2.52402504900779,29714.44361437022
1769990400000,76937.06406636834,2026-02-02 00:00:00,bitcoin,1537520318473.685,58330740751.53287,83487125016572.52,140,Antminer S19 XP,3010,0.07365851939815861,0.025379642594351586,11.599062839191806,15.809331875062794,5.321091441322977,156.31387967886116,729.301839569251
1770076800000,78767.65815345927,2026-02-03 00:00:00,bitcoin,1573216672021.9187,84675130404.55545,89894531794235.06,234,Antminer S21 Pro,3540,0.060026555625317904,0.01915932030090194,9.186818409672973,25.284995719169203,5.09985616592701,397.22085326393244,377.62367903764823
1770163200000,75638.95670207398,2026-02-04 00:00:00,bitcoin,1512165605443.8088,73734215653.24066,87999196645238.78,234,Antminer S21 Pro,3540,0.1012402382332233,0.016379331291132882,20.13951859369806,24.873919496617404,8.601370640294652,279.8431323563492,536.0145833737726
1770249600000,73172.29203248928,2026-02-05 00:00:00,bitcoin,1463518712915.32,74109194166.40112,79381184801064.67,234,Antminer S21 Pro,3540,0.07061647017263294,0.010995680636872786,3.4878406180920987,26.821127251547818,5.999575305866895,416.31322503709436,360.30563282402255
1770336000000,62853.69038445987,2026-02-06 00:00:00,bitcoin,1262033077144.5305,142403234254.4544,81400270870937.55,234,Antminer S21 Pro,3540,0.046509797676309104,0.019118392037221713,12.136721850752975,22.282877829223278,3.951472410579222,341.6088292259883,439.09872101335185
1770422400000,70523.95417035831,2026-02-07 00:00:00,bitcoin,1410203662656.3728,128662818793.56021,82983892341809.67,234,Antminer S21 Pro,3540,0.10694766176053269,0.02959488371593849,1.488994006957303,24.26306639594117,9.086273343174858,246.97045824965602,607.3600910128648
1770508800000,69296.80677355142,2026-02-08 00:00:00,bitcoin,1385532837702.3442,68978204828.46071,88149638322986.27,140,Antminer S19 XP,3010,0.10943038890951125,0.03814914455345448,1.7077362930698339,13.309518912354818,7.905251294823092,3.794695192618427,30041.938604649135
1770595200000,70542.37329463876,2026-02-09 00:00:00,bitcoin,1411671712614.3147,42782981463.70375,74560784877385.16,140,Antminer S19 XP,3010,0.07196787805261531,0.03613613446789156,13.772780392250311,16.051559361521583,5.19895951052093,167.24466219668628,681.6361042717856
1770681600000,70096.40692272567,2026-02-10 00:00:00,bitcoin,1400898153463.9268,56115089203.17752,78327711582877.77,126,Whatsminer M50,3276,0.03681297545788087,0.03298194329605908,13.584442197307702,13.709428340425314,2.8943833824004255,207.78468207407997,404.2646414621271
1770768000000,68779.90981269129,2026-02-11 00:00:00,bitcoin,1374149240710.2896,43014177103.90287,84899938053816.69,234,Antminer S21 Pro,3540,0.06490434809252381,0.03365342029759896,21.072804308266967,23.03227824613477,5.514273413940823,317.2068116324851,472.8776132770742
1770854400000,66937.58141157958,2026-02-12 00:00:00,bitcoin,1337566230010.1792,54917156057.4172,76785764988856.66,140,Antminer S19 XP,3010,0.1023183893516343,0.029949547104279856,13.388968215841757,14.884887549858554,7.391480446762062,66.46887975956147,1715.088330243767
1770940800000,66184.57765470445,2026-02-13 00:00:00,bitcoin,1322855090692.983,47600564765.981926,79331136422005.23,126,Whatsminer M50,3276,0.11115966256916057,0.01780860572698009,23.034984489716404,12.98116572877675,8.73981730983768,10.573785901505435,7944.174469055645
1771027200000,68838.87490510389,2026-02-14 00:00:00,bitcoin,1376029371467.4585,43307347077.16525,82369224675372.44,234,Antminer S21 Pro,3540,0.04831254682478362,0.037215850921174895,1.1686763615983145,23.67268248977225,4.1046339782336165,378.70812201282564,396.0833984831199
1771113600000,69765.59638824302,2026-02-15 00:00:00,bitcoin,1395185595832.6794,38886730356.77217,83929276894969.36,110,Antminer S19 Pro,3250,0.03602762508227444,0.03012196935717502,2.3521844347377856,11.149914455833446,2.8101547564174063,146.0261243158145,513.6067286001205
1771200000000,68716.58337486399,2026-02-16 00:00:00,bitcoin,1373546624939.8215,44139541277.476685,78875988415384.8,126,Whatsminer M50,3276,0.10896154078195548,0.0268132189294132,1.0575806776891534,13.431279551611514,8.566992182440467,29.26195440846472,2870.6216552542023
1771286400000,68907.78353606178,2026-02-17 00:00:00,bitcoin,1377439978226.675,36789211960.55089,83169585764080.53,140,Antminer S19 XP,3010,0.06504644450809878,0.013329684076404433,4.4466444080049605,14.389236119982566,4.698955151265055,132.37509572819204,861.189178922885
1771372800000,67489.45540267964,2026-02-18 00:00:00,bitcoin,1349284955301.9707,38338996657.38213,77328494309393.97,110,Antminer S19 Pro,3250,0.07875848678408069,0.023411666314192763,12.990482662600275,11.787846865588754,6.143161969158294,65.17388022624712,1150.7677575685552
1771459200000,66456.3537620677,2026-02-19 00:00:00,bitcoin,1327723958117.1118,36348385076.441895,83751697145456.95,110,Antminer S19 Pro,3250,0.1171259230845683,0.02381074813605779,15.493732354258272,10.712812365593035,9.135822000596328,-56.856955716765434,250000.0
1771545600000,66918.68417467622,2026-02-20 00:00:00,bitcoin,1338094580095.8176,34180839195.07364,80191350048148.4,110,Antminer S19 Pro,3250,0.035990825512280056,0.0359369082856801,1.0940437907680511,11.126329268116335,2.8072843899578444,145.40467967808806,515.8018309042238
1771632000000,67970.29403133177,2026-02-21 00:00:00,bitcoin,1358591334156.9714,53528257484.904335,82417094810754.06,126,Whatsminer M50,3276,0.08834862067068859,0.026399446605633654,22.703301356294382,12.719999749275782,6.946321951612219,56.54366726324021,1485.5775025863863
1771718400000,67977.90904199042,2026-02-22 00:00:00,bitcoin,1359065859647.3735,20679811587.418015,94497891733443.69,140,Antminer S19 XP,3010,0.036669488031738036,0.02141201646911229,20.211969039609144,12.391032476182458,2.6490038154127555,133.92752648975775,851.206641292806
1771804800000,67585.11718938159,2026-02-23 00:00:00,bitcoin,1350654423261.9365,20354767532.065258,75785408718151.22,110,Antminer S19 Pro,3250,0.06379220356198503,0.03930400985531978,7.118699571770235,11.84890004215397,4.9757918778348325,102.02657826290745,735.1025710843312
1771891200000,64577.553200674425,2026-02-24 00:00:00,bitcoin,1291178509392.7466,56724400502.91585,85757539012430.12,234,Antminer S21 Pro,3540,0.10234330906741021,0.01332161779978947,1.852500725435231,21.859219211920635,8.695087538367172,186.59061687327056,803.8989447249519
1771977600000,64074.11098528222,2026-02-25 00:00:00,bitcoin,1281148417170.2803,44864477921.16241,65098335702488.33,110,Antminer S19 Pro,3250,0.0690125009480071,0.022676452849358337,4.0772897572573745,13.303859504932367,5.382975073944554,133.45986626296775,561.9666953076431
1772064000000,67947.39185585188,2026-02-26 00:00:00,bitcoin,1358175414542.9243,54747624390.78176,71230943271948.52,110,Antminer S19 Pro,3250,0.11974641185126553,0.011260740255142159,3.046665930119344,13.044050103466828,9.34022012439871,6.948232705376842,10794.111708717206
1772150400000,67469.06040327046,2026-02-27 00:00:00,bitcoin,1348944333913.3765,45543276394.82464,75021016614287.53,126,Whatsminer M50,3276,0.08031533564519419,0.03219712362300791,2.9588107031747244,13.788374458868486,6.314712949767748,107.54317860635547,781.08161845828
1772236800000,65883.99096235317,2026-02-28 00:00:00,bitcoin,1317715385672.9202,43031961580.21165,74015683975586.3,126,Whatsminer M50,3276,0.05890459373723581,0.03754229656597452,12.445480527977615,13.571949617386354,4.631314777996428,151.55237851503108,554.26381837794
1772323200000,67008.45435746174,2026-03-01 00:00:00,bitcoin,1340289147460.5789,46319353202.33809,81858887621912.36,140,Antminer S19 XP,3010,0.04981001933142778,0.01840111988651468,5.900338619841607,14.143592991585733,3.5982757965023424,158.02618251916834,721.3994426915424
1772409600000,65713.4989891121,2026-03-02 00:00:00,bitcoin,1314048555375.68,43467491553.81901,81210460478435.75,234,Antminer S21 Pro,3540,0.06154684808575456,0.03575025030397363,8.595353196699467,22.95524382328224,5.2290202133657075,323.4533749641626,463.74535438568057
1772496000000,68864.03691918531,2026-03-03 00:00:00,bitcoin,1377737947309.8953,60995565405.364334,81112591090792.6,126,Whatsminer M50,3276,0.06352799463835956,0.018766546913856933,23.74812800122374,13.197175529824001,4.994825050446382,129.4038477146619,649.1306207928353
1772582400000,68321.6178484252,2026-03-04 00:00:00,bitcoin,1367228918356.8262,52704039830.20494,81185291706542.03,110,Antminer S19 Pro,3250,0.03618423099515649,0.03732310484931745,16.423541974208273,11.204382297882361,2.822370017622206,147.293701741138,509.1867412756664
1772668800000,72669.7701652216,2026-03-05 00:00:00,bitcoin,1453089991035.7456,81081561357.69708,88196965609009.64,140,Antminer S19 XP,3010,0.06326167794840959,0.03261885710790352,22.775536009128032,14.03006537658846,4.570023614993109,125.46791951452721,908.5987911579309
1772755200000,70874.98687140146,2026-03-06 00:00:00,bitcoin,1417652016603.2668,55313274475.72516,88228608447604.9,110,Antminer S19 Pro,3250,0.07178146677653024,0.03414720330524316,3.4213573207947743,10.73052788150071,5.598954408569359,49.78053752127387,1506.6129000304288
1772841600000,68148.28339966535,2026-03-07 00:00:00,bitcoin,1364073902597.7644,46427994894.47989,75157541085838.98,110,Antminer S19 Pro,3250,0.09504639770149241,0.010540196668013636,9.171347395981662,12.408151782165028,7.413619020716408,45.66931617679194,1642.2404861431498
1772928000000,67271.1907777184,2026-03-08 00:00:00,bitcoin,1345067153653.0642,24588849466.218872,79249870791933.66,126,Whatsminer M50,3276,0.08910565362494471,0.03888431071222078,13.313563278776503,12.924408102274004,7.005842910607653,60.890289083323864,1379.530320262599
1773014400000,66036.15782362667,2026-03-09 00:00:00,bitcoin,1321622467264.5437,35845854760.95391,79682182405123.84,140,Antminer S19 XP,3010,0.09378890897062388,0.0318001297621097,1.8421934853297124,14.12366899309881,6.775310784037869,62.11741293849496,1835.2341896929313
1773100800000,68459.31537095344,2026-03-10 00:00:00,bitcoin,1369955697970.065,52419546997.01177,84476009458596.8,234,Antminer S21 Pro,3540,0.03075273136891714,0.019142532861584,0.10049864707098877,23.385939410271334,2.6127520571032004,414.86228726171066,361.5657643650178
1773187200000,69883.00887579883,2026-03-11 00:00:00,bitcoin,1397516391202.649,57031319359.51854,79372505018465.0,234,Antminer S21 Pro,3540,0.04959006596224824,0.03488183994576541,16.09042401112602,24.999524724979484,4.213172004152611,415.2572482914728,361.22187058060365
1773273600000,70226.818790692,2026-03-12 00:00:00,bitcoin,1405229147518.9683,48188681300.73879,83076243114274.98,126,Whatsminer M50,3276,0.08955158595598708,0.018445635952447897,15.403668403234448,13.14452658552441,7.040903894203528,66.44201407295981,1264.2602903000475
1773360000000,70544.42535461926,2026-03-13 00:00:00,bitcoin,1411413242207.7595,43093376170.49169,83936939301485.16,126,Whatsminer M50,3276,0.07355904313617724,0.03618261518698384,9.858931439990682,12.832426057680484,5.783506207538799,94.80092883758391,886.0672677997868
1773446400000,70965.28228600459,2026-03-14 00:00:00,bitcoin,1419133420991.5525,62328257621.5837,80615384721039.5,140,Antminer S19 XP,3010,0.030478212810151135,0.01337741171235811,11.751457824768783,15.287659184534824,2.2017460934053177,234.24405940055186,486.6718938005709
1773532800000,71217.1010283798,2026-03-15 00:00:00,bitcoin,1424666372555.8494,23763781398.02588,80706008440577.08,234,Antminer S21 Pro,3540,0.102404517818864,0.031110579323823873,9.97063201421015,25.15372986779864,8.700287833890687,285.26992768390517,525.8177797352978
1773619200000,72681.9132538886,2026-03-16 00:00:00,bitcoin,1453818980888.097,29137209887.5333,86061989933093.84,234,Antminer S21 Pro,3540,0.09955286159613036,0.02622095429934731,0.5761210762773326,24.194973359968877,8.458011121207235,263.7755338295159,568.6653262426847
1773705600000,74858.14870100339,2026-03-17 00:00:00,bitcoin,1496606935787.3132,56424669615.78771,86730064854233.45,234,Antminer S21 Pro,3540,0.07935772466942063,0.012896034105863225,8.048918549219099,25.065828511104343,6.7422322879139776,341.37455336237764,439.4000622558743
1773792000000,73926.27899152413,2026-03-18 00:00:00,bitcoin,1479034380091.9211,47796151709.5938,89107620090039.94,110,Antminer S19 Pro,3250,0.03598169931986449,0.01725681484776517,4.249974129534956,11.275884715335026,2.8065725469494303,149.91269838490123,500.29117485056076
1773878400000,71255.86350265636,2026-03-19 00:00:00,bitcoin,1425248408811.2256,46235388353.26782,79113592648988.64,234,Antminer S21 Pro,3540,0.09898635445793262,0.010372121088319444,2.36218053843285,26.223531532310435,8.409880674745956,326.07619239360105,460.01518509802014
1773964800000,69871.4514796119,2026-03-20 00:00:00,bitcoin,1397132369157.6367,46069506172.99344,81472801926949.31,110,Antminer S19 Pro,3250,0.08253422289582275,0.024063038963935173,22.961290413344393,11.575385478878424,6.437669385874175,49.96481612346077,1501.0562595622976
1774051200000,70552.62530009366,2026-03-21 00:00:00,bitcoin,1411553294477.2244,39288514955.56232,82647774158976.77,140,Antminer S19 XP,3010,0.10037639794421632,0.01903795782280001,14.384633401011975,14.739954878470787,7.251190987490187,66.32958339608464,1718.6901253284411
1774137600000,68733.54779458739,2026-03-22 00:00:00,bitcoin,1381324607061.9844,22788052215.99816,86347276036107.52,110,Antminer S19 Pro,3250,0.09765722931562563,0.027950724528932765,17.487750821678464,10.701261686495569,7.617263886618799,-11.646732670363615,250000.0
1774224000000,67848.87605821833,2026-03-23 00:00:00,bitcoin,1357220326650.4958,30380203636.611057,76838661175675.77,140,Antminer S19 XP,3010,0.10227018647620534,0.018917134231258514,7.56872983838682,15.248618316837044,7.387998271041073,77.4852680405458,1471.2474110607332
1774310400000,70892.82823994374,2026-03-24 00:00:00,bitcoin,1417921177640.1455,52502731112.03615,85250616892395.23,234,Antminer S21 Pro,3540,0.07662072597641623,0.018997573345209542,9.435531107856365,24.000738771788402,6.509696878956323,316.397923451629,474.08655013796897
1774396800000,70524.51175942823,2026-03-25 00:00:00,bitcoin,1410852097506.246,40395077210.95709,85034204003879.64,234,Antminer S21 Pro,3540,0.042629206637416345,0.0322957959619481,5.686175853521363,23.612328756082377,3.621777395914893,391.38320747169115,383.25609565364283
1774483200000,71309.26403856269,2026-03-26 00:00:00,bitcoin,1426722276575.147,36566429238.80042,92656372912202.1,140,Antminer S19 XP,3010,0.09040417260417198,0.011444285079350604,2.327176103170194,13.391639329190987,6.530797428925384,47.49192367463479,2400.4081363603905
1774569600000,68791.11093800364,2026-03-27 00:00:00,bitcoin,1375963897395.8403,52234708975.603966,77290478960138.39,126,Whatsminer M50,3276,0.08584264065467735,0.037086849855759614,4.296759298598011,13.576814553132055,6.749291778833352,88.15901656229443,952.8236960384465
1774656000000,66321.016242762,2026-03-28 00:00:00,bitcoin,1326110397917.7085,48874426380.128494,76981346945047.53,140,Antminer S19 XP,3010,0.09680278684791785,0.03556791623173544,19.14033708711566,14.625113680165528,6.993033321893585,70.62907741482496,1614.0661066609307
1774742400000,66321.06539994745,2026-03-29 00:00:00,bitcoin,1326978316239.483,23637115348.524387,75580776088839.6,126,Whatsminer M50,3276,0.04528929054456617,0.030034140496792195,16.26109932441062,13.483450317251659,3.5608251797759705,181.012087457604,464.05740732465824
1774828800000,65970.42899513361,2026-03-30 00:00:00,bitcoin,1320068534523.2778,25095464001.894596,71626461635602.67,110,Antminer S19 Pro,3250,0.04754776799102603,0.02779664710322153,13.126293023651446,12.38395910109757,3.70872590330003,156.0903292672595,480.4910102507645
1774915200000,66699.27436893585,2026-03-31 00:00:00,bitcoin,1334537611576.0498,37098483334.61913,89406163312093.47,110,Antminer S19 Pro,3250,0.11013685654973956,0.036769074944189566,11.402156948802434,9.938266809397046,8.590674810879687,-63.73890671114587,250000.0
1775001600000,68231.83047993251,2026-04-01 00:00:00,bitcoin,1364706648348.3545,56210727882.161446,75652352578531.48,110,Antminer S19 Pro,3250,0.09749800186068637,0.015559905385861434,22.138422807746988,12.279493730428596,7.604844145133537,36.072820892185135,2079.1276685613493
1775088000000,68089.0553821667,2026-04-02 00:00:00,bitcoin,1362124061745.4395,46822039842.98501,77659352439864.69,234,Antminer S21 Pro,3540,0.11174056398302906,0.012369074865724859,1.7456387466880416,25.47580878613432,9.49347831599815,271.13658077075166,553.2267153830721
1775174400000,66891.6645686824,2026-04-03 00:00:00,bitcoin,1338643103490.4976,47198627198.56218,87321886348646.12,110,Antminer S19 Pro,3250,0.09828437890475286,0.017185305097286142,6.734419517709983,10.412310716657267,7.6661815545707235,-21.78279180407035,250000.0
1775260800000,66939.69121715311,2026-04-04 00:00:00,bitcoin,1339404819037.8704,26755680223.76058,72017540779603.19,126,Whatsminer M50,3276,0.08374397753912717,0.03383734836100571,8.398508485697137,14.22656676655857,6.584286490036335,112.6017416290004,745.9920138425811
1775347200000,67304.24955635444,2026-04-05 00:00:00,bitcoin,1346790078680.91,21516550336.856274,84868632476732.27,110,Antminer S19 Pro,3250,0.08887194633250863,0.0110401080017945,18.77821949310691,10.846772828238922,6.932011813935673,13.27616376243082,5649.222270987396
1775433600000,68985.52642694542,2026-04-06 00:00:00,bitcoin,1380583534920.1562,26416194024.766064,75422816962412.3,140,Antminer S19 XP,3010,0.11002151315460089,0.02748420505250469,23.82035088388731,15.657190359750155,7.947954110288368,72.94375415052025,1562.8479960705029
1775520000000,68864.23452757328,2026-04-07 00:00:00,bitcoin,1378430433268.2437,45398732027.77202,88620335788959.0,140,Antminer S19 XP,3010,0.08209260790607464,0.039863125485739295,5.7760923541716735,13.13274212886197,5.930369995134832,57.73783067848079,1974.4420367093637
1775606400000,71975.62171045873,2026-04-08 00:00:00,bitcoin,1439691204997.3042,54821363017.72348,74130296323511.3,234,Antminer S21 Pro,3540,0.08691521918955486,0.03567088281512618,20.983376019289935,27.546392092958566,7.3843170223445815,396.5289187850862,378.28262427764605
1775692800000,71117.07713411814,2026-04-09 00:00:00,bitcoin,1423286125223.942,42583999503.6708,75496883863845.14,140,Antminer S19 XP,3010,0.04408290444032405,0.02564337067130768,19.93494625036299,16.155661728969804,3.184549016769009,230.8000480326905,493.93403931984034
1775779200000,71770.7468500515,2026-04-10 00:00:00,bitcoin,1436399827130.5452,39293023566.96442,82084344533581.7,126,Whatsminer M50,3276,0.07265290981044924,0.01190922727859927,5.391777543402399,13.686374465621935,5.71226238093676,122.55669587388854,685.3970678716438
1775865600000,72972.70823557042,2026-04-11 00:00:00,bitcoin,1460609915845.4644,38358391003.667854,90669703647172.34,110,Antminer S19 Pro,3250,0.0944757400762289,0.034941205431571296,9.583981924781341,10.741838653273208,7.369107725945854,-2.9847388468460956,250000.0
1775952000000,73053.88808483821,2026-04-12 00:00:00,bitcoin,1462802384989.1692,23868132454.73879,85723448817515.66,234,Antminer S21 Pro,3540,0.054384842848472885,0.027969355245316317,9.832148863020459,24.37100353521097,4.620536248406257,384.18068527080806,390.44128388251835
1776038400000,70756.75105500016,2026-04-13 00:00:00,bitcoin,1415861769817.8752,30101377740.873566,82285383848067.28,110,Antminer S19 Pro,3250,0.04820287624720814,0.013447989911787006,23.4772960446374,11.732532158591471,3.759824347282235,135.0145676726104,555.4956127539027
1776124800000,74514.63006655,2026-04-14 00:00:00,bitcoin,1491650187280.6667,53329034805.473694,93825746092781.92,110,Antminer S19 Pro,3250,0.0582444127401974,0.012815718544700686,4.34140563309356,10.842872188734493,4.543064193735397,84.82757318330624,884.146477206538
1776211200000,74181.10807228928,2026-04-15 00:00:00,bitcoin,1484804385765.1338,57684799834.52557,97593787752406.42,126,Whatsminer M50,3276,0.05173505651935501,0.03728880458309777,19.17979130651477,11.592353291366834,4.067617083777768,109.07541956100532,770.1093457909574
1776297600000,74833.50639132406,2026-04-16 00:00:00,bitcoin,1497468161198.8457,33592871494.555107,90722541748172.23,140,Antminer S19 XP,3010,0.049342137333275624,0.030076007888142353,8.020625140154639,14.082524717930418,3.564476000955831,157.2081281759043,725.1533449494572
1776384000000,75149.1930221427,2026-04-17 00:00:00,bitcoin,1503597305333.8933,44500754086.976234,84510055002945.83,140,Antminer S19 XP,3010,0.06823657585812783,0.03487860397950267,17.54088829862785,15.106359470635148,4.929410239991154,146.9751435859865,775.6413582498412
1776470400000,77128.44334858148,2026-04-18 00:00:00,bitcoin,1543927908120.292,64762179077.35212,87182987620438.2,110,Antminer S19 Pro,3250,0.11170546624951806,0.03636936700846802,10.080264103095908,11.790168174141533,8.713026367462408,-11.852412466292908,250000.0
1776556800000,75728.45681761758,2026-04-19 00:00:00,bitcoin,1515912560791.0652,66292316931.16393,81664810449228.03,234,Antminer S21 Pro,3540,0.07563536820648464,0.027153170561449665,13.88063431479696,26.54106663779896,6.425980882822936,395.11923931594737,379.63223522015386
1776643200000,73856.05501487634,2026-04-20 00:00:00,bitcoin,1478753744436.9177,62221359441.72641,87050799623667.22,140,Antminer S19 XP,3010,0.04691283427337907,0.025523390552651237,19.982682559827147,14.55280449209196,3.388983147908904,176.58130699215837,645.5949496684975
1776729600000,75874.54629352967,2026-04-21 00:00:00,bitcoin,1518784350281.418,48152404105.554855,80080823648059.75,234,Antminer S21 Pro,3540,0.03692745024427867,0.022912822309629707,19.29997355961322,27.236459089431047,3.1373561727539157,514.6397541669805,291.46601828845667
1776816000000,76350.25202878818,2026-04-22 00:00:00,bitcoin,1528459815743.431,41231756234.27609,91384528300537.66,140,Antminer S19 XP,3010,0.09265405306241327,0.01950839763373358,20.794156404952805,14.419281259291564,6.693328793228734,73.44524064855156,1552.1768189923991
1776902400000,78194.78334884858,2026-04-23 00:00:00,bitcoin,1566077005143.7695,49815267208.000084,100190189685573.58,234,Antminer S21 Pro,3540,0.06445188879927491,0.023037878825761353,1.4308158082718165,22.43262329467146,5.475832472386397,300.37039133521847,499.38344233336045
1776988800000,78260.61998045091,2026-04-24 00:00:00,bitcoin,1566737928291.1943,41704798844.827675,93805141216007.67,126,Whatsminer M50,3276,0.10396478519268233,0.03321638967190469,16.609213272953877,12.777631685597234,8.174127270989455,21.438465771566673,3918.190830213569
1777075200000,77444.79563692068,2026-04-25 00:00:00,bitcoin,1550504073873.627,33584952477.909107,87191591096459.22,234,Antminer S21 Pro,3540,0.08935596917766932,0.028057702930453947,3.359697041322309,25.398488587349544,7.591683141334786,325.8708300471094,460.3050846199253
1777161600000,77619.14219872655,2026-04-26 00:00:00,bitcoin,1553988530840.653,17276677148.502968,92317305562097.75,126,Whatsminer M50,3276,0.10166173054872317,0.03677569869864538,9.979645632441864,12.829732254104806,7.99305190266281,28.433743876593223,2954.236359607542
1777248000000,78645.12560170851,2026-04-27 00:00:00,bitcoin,1575064891879.2925,22944408006.92362,98640271893919.81,126,Whatsminer M50,3276,0.054475143547660386,0.023301400431375633,13.166121961312523,12.336232854676732,4.28305368629125,124.92870838489777,672.383482435447
1777334400000,77361.29911038803,2026-04-28 00:00:00,bitcoin,1549702864531.718,39453767786.252846,97320222434962.38,234,Antminer S21 Pro,3540,0.09231230302149523,0.02821268736156262,9.665747633923939,22.726975406790576,7.8428532647062354,238.19033092919688,629.7484848139708
1777420800000,76345.22521002527,2026-04-29 00:00:00,bitcoin,1528431321586.3352,32683167166.924606,83602231550537.53,126,Whatsminer M50,3276,0.05376557862243469,0.02893922659275966,12.470680219272179,14.048011857836443,4.227264853610305,177.95574346011747,472.02747361073875
1777507200000,75774.8855230121,2026-04-30 00:00:00,bitcoin,1517194764796.4153,42528290001.67072,90697219883755.03,110,Antminer S19 Pro,3250,0.11451616315052623,0.027750914869189767,23.91663141116686,11.234026418790677,8.932260725741047,-35.113695875177804,250000.0
1777593600000,76286.57710950871,2026-05-01 00:00:00,bitcoin,1528163519735.7407,31717874196.513115,87781640140906.25,126,Whatsminer M50,3276,0.0872736853380037,0.03107901319256549,3.2452155291085134,13.33942914282999,6.861806236015203,77.66202053777698,1081.6097677904227
1777680000000,78172.07422147921,2026-05-02 00:00:00,bitcoin,1564746221568.415,39070393404.50403,94176361424134.45,140,Antminer S19 XP,3010,0.05920606201578078,0.017123004051244187,16.21094508807421,14.360542064063146,4.2770459200200035,144.17155098796096,790.7246555842322
1777766400000,78655.34555331903,2026-05-03 00:00:00,bitcoin,1574625317385.0962,18618912381.93079,92464191063516.39,234,Antminer S21 Pro,3540,0.05425606760630453,0.025370913326373718,9.504023193254765,24.391796781387967,4.609595503831634,385.1327049933567,389.47614174336974
1777852800000,78562.55051754859,2026-05-04 00:00:00,bitcoin,1573067635502.928,21884574779.755363,78620185050534.92,110,Antminer S19 Pro,3250,0.047183392656447914,0.01312674408425043,3.1922351737758907,13.638590070301257,3.680304627202937,194.5818966262829,385.4418180744028
1777939200000,79823.88555955577,2026-05-05 00:00:00,bitcoin,1598023587523.132,55780483402.17884,89779839201478.95,234,Antminer S21 Pro,3540,0.0925176863004355,0.021535339829344375,3.8096823209834287,25.594635044981562,7.860302628085001,323.69663917356354,463.3968408908046
1778025600000,80925.09365495079,2026-05-06 00:00:00,bitcoin,1620550900862.796,41115413343.941505,93430369860273.78,140,Antminer S19 XP,3010,0.049684405169813456,0.02463001205863793,22.782554549894805,14.870530604050604,3.589201429467324,180.10654190416506,632.9586854244282
1778112000000,81424.99515650333,2026-05-07 00:00:00,bitcoin,1630523861201.5588,41133090710.83387,85682337794625.2,140,Antminer S19 XP,3010,0.08357729393347402,0.029566727786364173,21.11043592108229,16.23282274932137,6.037623713754162,147.52263773368296,772.7627552714987
1778198400000,80022.04125006415,2026-05-08 00:00:00,bitcoin,1602537556660.9,38385751841.67185,94590144424383.39,140,Antminer S19 XP,3010,0.05381715242328216,0.03851593157758611,21.769007049960525,14.317518850659427,3.8877510910579027,154.5596994547124,737.5790739901329
1778284800000,80189.06503567853,2026-05-09 00:00:00,bitcoin,1605561829780.81,34583448281.13733,84204144654430.28,126,Whatsminer M50,3276,0.08957720503144817,0.028019531996450676,23.796786619857276,14.66370323407118,7.04291816839258,111.95688530369132,750.288825668415
1778371200000,80678.03394296461,2026-05-10 00:00:00,bitcoin,1615753832504.217,18921531897.88494,88239499715385.25,126,Whatsminer M50,3276,0.10334457556864853,0.03230781748529679,4.999569360204431,14.016318106338318,8.12536390950942,60.06195923820023,1398.5557758258217
1778457600000,82145.65606759128,2026-05-11 00:00:00,bitcoin,1644787760960.26,28066045740.096794,100161272988160.06,234,Antminer S21 Pro,3540,0.10002227188301878,0.02518798178485608,8.530544096737483,23.520979198873697,8.497892219181276,242.35927605743927,618.915860948726
1778544000000,81725.20771701908,2026-05-12 00:00:00,bitcoin,1636812805155.4443,33905980449.09922,88685450819861.22,234,Antminer S21 Pro,3540,0.09847661978377036,0.029023120941289938,16.061256718196802,26.324631445494777,8.36657361682913,330.40840152663606,453.9836133310541
1778630400000,80480.88600120835,2026-05-13 00:00:00,bitcoin,1611919136783.8035,33067066161.61675,94937239797015.33,110,Antminer S19 Pro,3250,0.046895016512302684,0.012127966484013203,11.611260956655535,11.581996315991256,3.657811287959609,133.55888417428272,561.5500643306627
1778716800000,79277.8045183824,2026-05-14 00:00:00,bitcoin,1587717799781.685,44896912205.74269,82296968509108.56,110,Antminer S19 Pro,3250,0.037954645228606684,0.01763174742525541,10.041348801080005,13.087861160007778,2.9604623278313213,199.655298298627,375.6474315438478
1778803200000,81051.9828878728,2026-05-15 00:00:00,bitcoin,1623427124965.4011,44287881795.36913,102949892357053.05,234,Antminer S21 Pro,3540,0.09290539456386471,0.02085559279615416,8.587469984054234,22.679540475356834,7.893242322145946,235.25561126299328,637.6043453106602
1778889600000,79068.82024044942,2026-05-16 00:00:00,bitcoin,1583853006822.6218,38052335521.806335,89367915341271.56,126,Whatsminer M50,3276,0.06315124924149161,0.024174800650195408,14.250735166642853,13.677291536349172,4.965203820363036,144.69596481291742,580.5275918275026
1778976000000,78135.00994863857,2026-05-17 00:00:00,bitcoin,1565271173826.085,26082683404.305424,90589112325270.73,140,Antminer S19 XP,3010,0.06891116037630125,0.011369462365071512,13.814242287361967,15.009479194074821,4.978142225584002,142.60677572139122,799.4010061816426
1779062400000,77425.71519168488,2026-05-18 00:00:00,bitcoin,1547173050294.1145,22985134432.452282,90416613309148.89,234,Antminer S21 Pro,3540,0.0328034183514052,0.01420072292659953,3.874988017541762,24.83563343295025,2.786978423135386,453.1263169611126,331.0335206438099
1779148800000,76952.2148594993,2026-05-19 00:00:00,bitcoin,1541450290438.4524,43600665899.53078,92164680037906.22,110,Antminer S19 Pro,3250,0.05336188043475443,0.018304429233739174,11.321756100442538,11.33600476753029,4.162226673910846,111.04667614191668,675.3916695728079
1779235200000,76808.8105527178,2026-05-20 00:00:00,bitcoin,1538679326205.1785,28896388946.333775,81411442212333.94,126,Whatsminer M50,3276,0.03303087634870176,0.03914598072703152,13.283322629036398,14.361091398967977,2.597019622040327,236.25548664116283,355.5472983684971
1779321600000,77459.94434557436,2026-05-21 00:00:00,bitcoin,1551690153641.5295,28637186323.312496,89523271267128.66,234,Antminer S21 Pro,3540,0.10912671953411228,0.019940410213091522,13.686886529553371,24.948444651919452,9.27140609161818,261.9778234757048,572.567547931822
1779408000000,77546.33765297421,2026-05-22 00:00:00,bitcoin,1554827670331.5293,29075253047.052185,86328103915238.39,234,Antminer S21 Pro,3540,0.05190570148966774,0.024461231743362476,5.042572629896443,25.78121487953785,4.409908398562171,432.80586109593696,346.5757132312738
1779494400000,75482.52379955728,2026-05-23 00:00:00,bitcoin,1512164902010.444,30314018356.68882,79454317035906.39,126,Whatsminer M50,3276,0.08016034526157072,0.01588293138215179,17.814513414054883,14.81085471021812,6.302526985845736,138.58316506450484,606.134229658425
1779580800000,76672.79289056802,2026-05-24 00:00:00,bitcoin,1536316423810.9985,33021471675.838852,93829605076116.89,234,Antminer S21 Pro,3540,0.033508138859501733,0.028323402132273048,0.6047782757056712,23.36000298638685,2.8468514775032676,407.0612119331741,368.4949476950533
1779667200000,76988.16126107218,2026-05-25 00:00:00,bitcoin,1542380599548.2566,23346751407.595566,87395936132895.53,126,Whatsminer M50,3276,0.09001626521750922,0.01842049646547923,8.515964533035904,13.698172585455637,7.077438836461444,81.95534580315915,1024.948393259809
1779753600000,77274.40152182181,2026-05-26 00:00:00,bitcoin,1547932919218.8884,21579710482.715477,90607936729580.77,140,Antminer S19 XP,3010,0.059072461117868444,0.016209777353152804,18.725103564855203,14.768413562198756,4.267394591154816,156.69723579798486,727.5176196915788
1779840000000,75824.06332542913,2026-05-27 00:00:00,bitcoin,1519006468647.7368,39159693387.273636,89085946531497.9,126,Whatsminer M50,3276,0.11081272682618992,0.025497178853379373,13.533430105329657,13.139698489075794,8.712539833982357,16.14809298613645,5201.852631893818
1779926400000,74352.69928002391,2026-05-28 00:00:00,bitcoin,1489192939341.7922,36456563334.10269,85286321371472.69,126,Whatsminer M50,3276,0.10993063700406322,0.010165173974812624,6.267898380260646,13.670504136595646,8.643186403807466,34.15286531697873,2459.5300927281287
1780012800000,73539.84189606174,2026-05-29 00:00:00,bitcoin,1473190543991.798,39482623576.14358,96158338348205.36,126,Whatsminer M50,3276,0.0592761556525573,0.01022992097947676,16.678874864233144,11.991527463563513,4.660528462026664,103.2633033794388,813.454511438045
1780099200000,73382.71831425565,2026-05-30 00:00:00,bitcoin,1470438487484.5764,35500171846.420395,85915941998734.66,234,Antminer S21 Pro,3540,0.1110864806121421,0.016572064273055732,13.617382659745761,24.712252685590023,9.437907392807594,249.89702545013955,600.247240757688
1780185600000,73751.06787328025,2026-05-31 00:00:00,bitcoin,1477685075481.0342,18041892698.4912,78669461639350.2,234,Antminer S21 Pro,3540,0.11965419061489009,0.011101640875024634,19.109846626953292,27.274923874349476,10.165820034641063,304.939781857919,491.9003977968663
1780272000000,73593.37119702855,2026-06-01 00:00:00,bitcoin,1474566905230.025,16753747818.538012,84325902529940.53,126,Whatsminer M50,3276,0.10428740977115532,0.013240772623920741,17.64060446855576,13.642480434105106,8.199493305847316,46.62294718106704,1801.687904322601
1780358400000,71360.32521325785,2026-06-02 00:00:00,bitcoin,1430970894389.7837,51807946724.19844,86965625778275.42,234,Antminer S21 Pro,3540,0.1060384212979706,0.020165819480162547,14.642590128869632,23.654378159216026,9.009024273475584,231.02728323887993,649.2739640837202
1780444800000,66649.85561928031,2026-06-03 00:00:00,bitcoin,1335527869867.4976,66210108956.07544,83204521896253.02,110,Antminer S19 Pro,3250,0.05241078624981809,0.03407757038739438,11.716264207459536,10.700920021614555,4.088041327485811,94.21969415719565,796.0119237372007
1780531200000,64021.88915867498,2026-06-04 00:00:00,bitcoin,1282892747601.9075,47109696433.67548,72912669622587.02,110,Antminer S19 Pro,3250,0.08190321589719807,0.027161459301079025,3.196371016020562,11.813887658849428,6.3884508399814495,58.596437899372674,1279.9412846357156
1780617600000,63796.2543917893,2026-06-05 00:00:00,bitcoin,1277535354121.537,65428213201.18904,82810957863214.92,234,Antminer S21 Pro,3540,0.036053032257063106,0.025380031778692493,6.27199242924921,22.089833076145425,3.063065620560082,362.469690334227,413.8277047708117
1780704000000,60921.79441516493,2026-06-06 00:00:00,bitcoin,1221126222047.2139,74296044994.81367,66953827368282.234,234,Antminer S21 Pro,3540,0.03854261431395027,0.018804664696243648,10.058387350010047,26.266518283644327,3.274580512113215,481.4247998126,311.5751412440514
1780790400000,60861.88012897632,2026-06-07 00:00:00,bitcoin,1219858358359.3782,31865516854.60977,81438909453895.69,126,Whatsminer M50,3276,0.11990033508299615,0.03795261158298449,14.383182888153328,11.389753461957389,9.427043945565488,-57.78538117490967,280000.0
1780876800000,63254.57215050675,2026-06-08 00:00:00,bitcoin,1266954887605.9854,37684637505.908424,71115404013068.6,140,Antminer S19 XP,3010,0.059397532448331986,0.021910451237115748,12.328988525167315,15.313300095235967,4.290877744067503,172.3393372017206,661.4856587649789
1780963200000,63078.44049480062,2026-06-09 00:00:00,bitcoin,1263134225700.3467,34027346085.709057,76434140983957.14,234,Antminer S21 Pro,3540,0.09733655208439618,0.012612783003873146,6.9164286230287075,23.973465315526123,8.2697134650903,262.7792221797414,570.8213866977648
1781049600000,61658.311991466595,2026-06-10 00:00:00,bitcoin,1235553329907.982,40990944564.44563,81704770049689.0,110,Antminer S19 Pro,3250,0.10259985477241347,0.028511995483534038,0.15514458695305322,10.139306351583748,8.00278867224825,-40.071136286601714,250000.0
1781136000000,61492.514389714524,2026-06-11 00:00:00,bitcoin,1231789348363.8784,27715292454.952827,76841790335864.11,126,Whatsminer M50,3276,0.10722209439065063,0.013415151804298042,11.909741325619535,12.507302724314764,8.430229949370514,5.645516581660832,14879.06355157465
1781222400000,63552.30087011473,2026-06-12 00:00:00,bitcoin,1273718877820.8484,30075017169.00082,82043743313663.45,234,Antminer S21 Pro,3540,0.11978654676619409,0.020356694284050764,6.855023725493834,22.325620720483364,10.17706501325585,156.12333788349207,960.7788434035298
1781308800000,63537.739003707065,2026-06-13 00:00:00,bitcoin,1273276135244.3894,28141339067.429684,81041425634972.2,110,Antminer S19 Pro,3250,0.051734683673118106,0.025222358161534265,17.63059921705284,10.56955802173296,4.035305326503212,91.86091419022574,816.4517048533816
1781395200000,64377.57668942172,2026-06-14 00:00:00,bitcoin,1290225515375.4822,17522802429.204792,85079323641541.11,110,Antminer S19 Pro,3250,0.033631574417372974,0.03622667574055528,0.5747103664916038,10.085840165531465,2.623262804555092,119.71065416262451,626.5106520770826
1781481600000,65713.6235604093,2026-06-15 00:00:00,bitcoin,1317085172262.3992,22887575559.512203,85072402221576.31,140,Antminer S19 XP,3010,0.06700723661951273,0.02480639741020356,14.035867471338982,13.259266422416358,4.8406027733935995,94.22657613734943,1209.8497544241427
1781568000000,66300.95853652984,2026-06-16 00:00:00,bitcoin,1328696238979.8499,33915183708.415253,77982077237759.33,126,Whatsminer M50,3276,0.041707260284605224,0.031067762980949928,22.59538170014557,13.050370961729783,3.279191632616801,176.46871320672278,476.0050576308045
1781583963000,66041.09372508748,2026-06-16 04:26:03,bitcoin,1324222970083.7332,31822931229.428574,83198952939873.56,126,Whatsminer M50,3276,0.03201833002458496,0.03978450516997211,4.185822410675988,12.074510956304787,2.5174091798529674,170.0463866268879,493.9828576558406
1750118400000,2561.329843569428,2025-06-17 00:00:00,ethereum,309982828015.90594,24222149649.172424,30000000000000.0,140,Antminer S19 XP,3010,0.06243841444273375,0.013944673596939449,11.319587778014288,1.481861014854027,4.5105510593430855,-249.19403466800506,380000.0
1750204800000,2514.986700576147,2025-06-18 00:00:00,ethereum,303697873489.69434,25926506708.040215,30000000000000.0,140,Antminer S19 XP,3010,0.10053644259677127,0.018241945765585587,2.194127803611316,1.4487079561104372,7.262752613190757,-332.7546730457429,380000.0
1750291200000,2521.3334233964915,2025-06-19 00:00:00,ethereum,304290652058.44,17800721253.243202,31193534859356.438,126,Whatsminer M50,3276,0.08095626221025637,0.021837282267929393,15.016365894272463,1.2525101057030898,6.365105160019197,-270.0445182961499,280000.0
1750377600000,2522.1791903642184,2025-06-20 00:00:00,ethereum,304481216643.1207,10392473841.155851,30000000000000.0,126,Whatsminer M50,3276,0.05815001902893186,0.02265484535616494,13.212760334309415,1.3016885699235559,4.571987096130738,-214.77562245288212,280000.0
1750464000000,2405.695434213183,2025-06-21 00:00:00,ethereum,290401843920.2328,20482816663.29469,30000000000000.0,234,Antminer S21 Pro,3540,0.08889078049434478,0.022330632257966374,9.776772581107977,2.3065408645727636,7.552160710799533,-365.7019287201364,500000.0
1750550400000,2270.581996055585,2025-06-22 00:00:00,ethereum,273839538572.25955,16155611764.84833,30000000000000.0,234,Antminer S21 Pro,3540,0.050881636227792966,0.037228330076696646,12.513048515369789,2.143823334111231,4.322903813913291,-273.70574772739513,500000.0
1750636800000,2227.4287266371684,2025-06-23 00:00:00,ethereum,268777741291.43988,28181442532.315876,32501537793206.688,140,Antminer S19 XP,3010,0.03129433014648765,0.03142097933400569,21.517791803256245,1.1684143946532923,2.260702409782268,-191.10197378720258,380000.0
1750723200000,2423.899644268608,2025-06-24 00:00:00,ethereum,292612668627.3885,25494295400.420887,30000000000000.0,234,Antminer S21 Pro,3540,0.09879180477927846,0.02823715642272111,4.711063255465609,2.3099545000456456,8.3933517340475,-390.835250353389,500000.0
1750809600000,2446.539301545049,2025-06-25 00:00:00,ethereum,295402538889.65454,19669025068.963604,30000000000000.0,110,Antminer S19 Pro,3250,0.08613687763776082,0.019281181535883464,0.5415482809283336,1.1061194640611822,6.718676455745344,-272.54337641719155,250000.0
1750896000000,2417.2267855277296,2025-06-26 00:00:00,ethereum,291827501114.87933,15513055665.262428,31446942717451.71,234,Antminer S21 Pro,3540,0.0986072362050864,0.03471371152663884,20.679957232778424,2.182955394957924,8.37767078798414,-394.17479512411984,500000.0
1750982400000,2415.031864876594,2025-06-27 00:00:00,ethereum,291547094716.2168,16271811388.723804,30000000000000.0,234,Antminer S21 Pro,3540,0.033504421501889904,0.038651815344549666,13.850809977309755,2.276837717407329,2.8465356508005666,-225.42427133513047,500000.0
1751068800000,2423.0302896731746,2025-06-28 00:00:00,ethereum,292419308271.8665,13100825617.816572,30000000000000.0,110,Antminer S19 Pro,3250,0.1053407665047587,0.03463594847650679,21.375802931084216,1.0783389555425424,8.216579787371177,-318.3138916215257,250000.0
1751155200000,2437.133001780241,2025-06-29 00:00:00,ethereum,294208600645.2538,5787313890.541637,30000000000000.0,140,Antminer S19 XP,3010,0.0857573580032673,0.010046953155744187,14.326685361916141,1.415580289090549,6.195111542156029,-301.7192709252977,380000.0
1751241600000,2502.6672721177083,2025-06-30 00:00:00,ethereum,302158279316.21674,10236257918.833096,33475190206288.92,110,Antminer S19 Pro,3250,0.08070558156413761,0.02909204110550221,19.443866159032858,1.0038867123261699,6.295035362002734,-262.90112615696364,250000.0
1751328000000,2488.190781689803,2025-07-01 00:00:00,ethereum,300388851494.49866,16306915984.938057,30000000000000.0,234,Antminer S21 Pro,3540,0.08621526433030784,0.011534061443263022,10.31216072052355,2.411981023528415,7.324848857502954,-355.7193683525695,500000.0
1751414400000,2405.1045592800183,2025-07-02 00:00:00,ethereum,290294455719.4809,12933967031.524443,30000000000000.0,140,Antminer S19 XP,3010,0.10779899221815277,0.017728216610011654,17.996638350918452,1.386137490300952,7.787399197839355,-350.3711845594854,380000.0
1751500800000,2574.067718495133,2025-07-03 00:00:00,ethereum,310930535640.4307,21862573614.17975,30000000000000.0,234,Antminer S21 Pro,3540,0.08282428559030164,0.011785741010433151,21.912995205356545,2.494592345731127,7.036751303752028,-344.5981020739604,500000.0
1751587200000,2590.132231590221,2025-07-04 00:00:00,ethereum,312621047413.045,19823369642.62606,30000000000000.0,110,Antminer S19 Pro,3250,0.08228553418993613,0.02811386358848163,13.73095112933295,1.1604933400087116,6.418271666815018,-261.9000164708559,250000.0
1751673600000,2509.236345783362,2025-07-05 00:00:00,ethereum,302827514359.61035,16377116416.187033,30000000000000.0,110,Antminer S19 Pro,3250,0.11916112413591892,0.030597697404778204,4.338843613497109,1.1213751958890033,9.294567682601675,-349.36244126804684,250000.0
1751760000000,2517.37917835065,2025-07-06 00:00:00,ethereum,304028836772.5733,6801276942.284494,32315545528391.64,234,Antminer S21 Pro,3540,0.09810571503617112,0.013434629141977154,6.451142760724756,2.261063541740555,8.3350615494731,-390.55327356530967,500000.0
1751846400000,2571.358192115984,2025-07-07 00:00:00,ethereum,310345645222.7514,9051659015.949968,31481623614284.43,126,Whatsminer M50,3276,0.06980644249060217,0.021515166491349384,4.767469845537739,1.266088308211822,5.488461734381104,-243.33786945174515,280000.0
1751932800000,2543.6317028067488,2025-07-08 00:00:00,ethereum,307013209348.5054,15947822897.049152,30000000000000.0,126,Whatsminer M50,3276,0.0936657300029635,0.02368709526866626,5.92456866229759,1.311373634954317,7.364374355753001,-298.2566882906272,280000.0
1752019200000,2615.7759888945047,2025-07-09 00:00:00,ethereum,315738597830.34283,14750377128.581295,30000000000000.0,110,Antminer S19 Pro,3250,0.06503074245226097,0.021071590652827498,7.353970784424873,1.1804750439416871,5.072397911276355,-220.92435268670673,250000.0
1752105600000,2772.5795626609174,2025-07-10 00:00:00,ethereum,335050165487.70404,26626246774.244656,30238000273176.992,110,Antminer S19 Pro,3250,0.05059879162351491,0.013630750014555791,13.323210882076523,1.2508264590993867,3.946705746634163,-185.04304529270996,250000.0
1752192000000,2948.4462027029053,2025-07-11 00:00:00,ethereum,355346738000.49475,39308824585.23128,31024036453279.65,126,Whatsminer M50,3276,0.08371666891989835,0.022568433705624263,14.111799107131986,1.4715862125977235,6.582139377158087,-269.98326160347756,280000.0
1752278400000,2958.8514450990992,2025-07-12 00:00:00,ethereum,357144054434.9151,42455550664.554665,30000000000000.0,126,Whatsminer M50,3276,0.11353638883025563,0.032535341434252546,10.235993933804668,1.51161592746723,8.926685035390019,-339.1187399043504,280000.0
1752364800000,2942.9616055388096,2025-07-13 00:00:00,ethereum,355216449018.5163,17472135946.60354,33568322757572.957,234,Antminer S21 Pro,3540,0.11362255680139165,0.012130229935997664,14.770098715700051,2.5480292297708376,9.653372425846236,-421.49362921559526,500000.0
1752451200000,2974.2654952333387,2025-07-14 00:00:00,ethereum,359110100026.3572,18605172049.087772,30000000000000.0,234,Antminer S21 Pro,3540,0.06077147502949413,0.012405400422457104,1.9577982146727821,2.8806264265112502,5.163144518505821,-276.8088760931705,500000.0
1752537600000,3012.1797069059276,2025-07-15 00:00:00,ethereum,363606274489.50854,41336421998.04408,30000000000000.0,126,Whatsminer M50,3276,0.07749097195995254,0.020643138755079525,2.1069176893958392,1.5577761041643157,6.092650179379308,-252.71288892311642,280000.0
1752624000000,3133.069857747011,2025-07-16 00:00:00,ethereum,378233206915.81635,43416230283.76601,30000000000000.0,234,Antminer S21 Pro,3540,0.049047230871287505,0.03825177134856775,4.123907048583803,2.9550169393267858,4.167052734824587,-244.69440719826738,500000.0
1752710400000,3368.126521526108,2025-07-17 00:00:00,ethereum,406599729410.5382,54882159731.0286,32405909652010.074,234,Antminer S21 Pro,3540,0.11960679985489951,0.030057179401687423,12.433859952968273,2.965924346617343,10.161793715672264,-424.20941440498103,500000.0
1752796800000,3481.8828152374017,2025-07-18 00:00:00,ethereum,420347293649.25085,45678965280.66659,30000000000000.0,140,Antminer S19 XP,3010,0.1183006117081142,0.030360098700176943,5.135872288759526,1.980912574438133,8.546036189794169,-355.28704179401444,380000.0
1752883200000,3547.317079001209,2025-07-19 00:00:00,ethereum,427841866746.5711,72535524453.98022,30000000000000.0,234,Antminer S21 Pro,3540,0.08845580367367026,0.02085759972513595,6.798825683821856,3.40623312900824,7.515205080115026,-331.6024918665369,500000.0
1752969600000,3594.3185010809702,2025-07-20 00:00:00,ethereum,433877664505.94135,27017909119.384834,30000000000000.0,110,Antminer S19 Pro,3250,0.1023972653709726,0.027809823736256154,9.607508068151859,1.6109168183723486,7.986986698935863,-295.4487630835721,250000.0
1753056000000,3758.605581813957,2025-07-21 00:00:00,ethereum,453825859015.21515,55175056732.09093,30000000000000.0,234,Antminer S21 Pro,3540,0.094359014515533,0.010303935520832301,19.484786976249115,3.648019061721855,8.016741873239685,-339.3950176788682,500000.0
1753142400000,3765.453624023574,2025-07-22 00:00:00,ethereum,454513156113.6638,47245582310.60992,32106167729921.414,234,Antminer S21 Pro,3540,0.08338423971355213,0.029082881392286264,0.33269126190864284,3.350122959711183,7.0843250060633896,-320.3593947238995,500000.0
1753228800000,3746.9406687316323,2025-07-23 00:00:00,ethereum,452355960897.77356,52357062545.19388,30000000000000.0,126,Whatsminer M50,3276,0.034801319729000794,0.0373986084272871,15.585091685678938,1.9046118866237327,2.7362189623729583,-141.6148789391434,280000.0
1753315200000,3630.053531480921,2025-07-24 00:00:00,ethereum,438111570682.8548,47655045407.89862,30000000000000.0,110,Antminer S19 Pro,3250,0.07092879082973949,0.028377204050344575,16.05303674497645,1.6259832000766734,5.53244568471968,-221.36054120595688,250000.0
1753401600000,3708.4299352383423,2025-07-25 00:00:00,ethereum,447620332487.87305,47332291813.01175,30000000000000.0,234,Antminer S21 Pro,3540,0.09073076719506694,0.03621095780399035,19.16773872855928,3.505101217429241,7.708485980892887,-334.4348762372427,500000.0
1753488000000,3723.0529092785596,2025-07-26 00:00:00,ethereum,449379722345.43585,48622472830.12327,30000000000000.0,234,Antminer S21 Pro,3540,0.09097784524953162,0.031719191663982814,22.386070537447516,3.535322469229927,7.729477732400207,-334.15799122844174,500000.0
1753574400000,3742.4314258659915,2025-07-27 00:00:00,ethereum,451746443518.379,25352434514.72998,30000000000000.0,140,Antminer S19 XP,3010,0.06358103565801453,0.013616752492110707,0.48330837478295585,2.16590906302948,4.593094015934969,-231.148881920498,380000.0
1753660800000,3864.1248374654765,2025-07-28 00:00:00,ethereum,466077664312.2753,26045280361.31318,30000000000000.0,234,Antminer S21 Pro,3540,0.11475227879922274,0.037073599218575254,3.6908089323171884,3.648990594290205,9.749353606781964,-391.34422370808613,500000.0
1753747200000,3786.303845995956,2025-07-29 00:00:00,ethereum,457680388920.6686,38743589826.42135,30000000000000.0,234,Antminer S21 Pro,3540,0.04506213290131029,0.011993315330673247,21.268111057343834,3.6686294396081425,3.8284788112953225,-213.12881448394873,500000.0
1753833600000,3788.5983716058226,2025-07-30 00:00:00,ethereum,457213828532.1186,34923369443.87463,31570281491957.246,140,Antminer S19 XP,3010,0.07503235015940045,0.02601902417643291,11.004445492488369,2.0573705668180007,5.420336975515088,-259.22232559424594,380000.0
1753920000000,3807.4166010824188,2025-07-31 00:00:00,ethereum,459449027043.4022,28710848449.745983,30000000000000.0,126,Whatsminer M50,3276,0.09217955788957405,0.01426411371380373,13.550175334403125,1.9818654002362899,7.24752555950987,-274.6364714448741,280000.0
1754006400000,3696.6628530851194,2025-08-01 00:00:00,ethereum,446264222707.4442,31312115686.896267,30000000000000.0,234,Antminer S21 Pro,3540,0.09274222253026283,0.010351198321927123,15.912652889355538,3.587727485960351,7.879379226171131,-337.08288553965673,500000.0
1754092800000,3483.1789551579504,2025-08-02 00:00:00,ethereum,420327732498.14484,42431734230.15089,39451262906329.234,140,Antminer S19 XP,3010,0.0883775061091934,0.02266102780382917,16.297598507895298,1.5188749817750549,6.384391041328131,-304.2988151199256,380000.0
1754179200000,3397.4855484143177,2025-08-03 00:00:00,ethereum,410229849339.571,28164675444.895985,30000000000000.0,110,Antminer S19 Pro,3250,0.05477593921066741,0.01885122122962469,22.361769679596197,1.5367308672282562,4.272523258432058,-186.24043840278068,250000.0
1754265600000,3497.573127822404,2025-08-04 00:00:00,ethereum,422223994717.4719,18338718249.174084,33750158845103.516,126,Whatsminer M50,3276,0.044058591181795975,0.02458001481392809,23.926786017880072,1.6013529920931864,3.4640626730775264,-172.54795709619688,280000.0
1754352000000,3715.7090148550706,2025-08-05 00:00:00,ethereum,448517239894.4303,28536476594.95387,36201966967984.47,110,Antminer S19 Pro,3250,0.08723462941440398,0.027315996602036523,17.283779062342568,1.3807272166728188,6.8043010943235105,-266.87388299618743,250000.0
1754438400000,3612.442432236669,2025-08-06 00:00:00,ethereum,436373875222.1905,29411744198.367584,30000000000000.0,110,Antminer S19 Pro,3250,0.0839371904525494,0.011312172169268421,6.89330902092362,1.6465140892549979,6.5471008552988526,-251.18426964798235,250000.0
1754524800000,3684.0459195726726,2025-08-07 00:00:00,ethereum,444737780081.9074,23256150904.877857,30000000000000.0,140,Antminer S19 XP,3010,0.046142040926031684,0.01369009885371237,21.114057655064247,2.1319602700451643,3.3333010364965285,-194.37355632687425,380000.0
1754611200000,3911.2609462690816,2025-08-08 00:00:00,ethereum,471838906504.6792,31981627910.70641,30000000000000.0,234,Antminer S21 Pro,3540,0.0934625231013507,0.02675927189351276,1.1813019489782786,3.7330651367762524,7.940575962690756,-334.5586581107685,500000.0
1754697600000,4012.97697001236,2025-08-09 00:00:00,ethereum,484483868122.1773,37861934037.3479,30000000000000.0,140,Antminer S19 XP,3010,0.07096547925602907,0.020295020595179746,5.545940468987909,2.3067613294790736,5.1265462214555395,-242.9268800926273,380000.0
1754784000000,4265.563258333516,2025-08-10 00:00:00,ethereum,514414914903.2612,37686735734.66866,31331520132645.805,140,Antminer S19 XP,3010,0.09009845324428375,0.03187520462648344,21.537257219129156,2.3200011391759228,6.508712262367058,-283.9946670290674,380000.0
1754870400000,4253.591618951185,2025-08-11 00:00:00,ethereum,513073639261.6181,26481154882.304214,30000000000000.0,140,Antminer S19 XP,3010,0.10536303717931356,0.02956874945775819,6.148596346544519,2.4219280923410524,7.611425805833611,-314.0182647381101,380000.0
1754956800000,4228.824213261163,2025-08-12 00:00:00,ethereum,510225780028.6237,43010572110.88258,30000000000000.0,140,Antminer S19 XP,3010,0.045275558571923086,0.0353681308896972,5.295625430921963,2.3934365447010135,3.2707063512357233,-184.65142752937462,380000.0
1755043200000,4606.809427709522,2025-08-13 00:00:00,ethereum,556502855391.5187,52840297700.59488,30000000000000.0,126,Whatsminer M50,3276,0.0317230381197153,0.030774784800076758,3.3150070353659338,2.357806388315282,2.494192149124496,-120.75823949094308,280000.0
1755129600000,4763.652535322159,2025-08-14 00:00:00,ethereum,575091067506.1215,58870844448.59354,30000000000000.0,234,Antminer S21 Pro,3540,0.1001192327756208,0.022897932321704444,20.618682183525998,4.564660790644903,8.506130016616744,-326.57741011248856,500000.0
1755216000000,4554.291501538621,2025-08-15 00:00:00,ethereum,551514703070.4648,66924319529.18441,30000000000000.0,110,Antminer S19 Pro,3250,0.08487276826373544,0.030188998671832973,12.001398220586081,2.036166368719682,6.620075924571364,-241.68395334221714,250000.0
1755302400000,4430.532465017841,2025-08-16 00:00:00,ethereum,534578587192.13434,50038927770.639565,32671642911752.24,110,Antminer S19 Pro,3250,0.09296756126599096,0.018261435227662555,16.197436873299715,1.8412272107576757,7.251469778747294,-266.47394370635527,250000.0
1755388800000,4426.826913311333,2025-08-17 00:00:00,ethereum,534150282399.6513,21104759591.061535,33931677120297.453,234,Antminer S21 Pro,3540,0.10543394774897782,0.01918940496334638,5.737593217800712,3.764628453906574,8.957668200753156,-364.12452573873077,500000.0
1755475200000,4487.118013759226,2025-08-18 00:00:00,ethereum,541923097741.9142,28100356151.382523,30457357959142.105,110,Antminer S19 Pro,3250,0.10225298413420504,0.0336695547976238,18.192970104269197,1.9689174622420365,7.9757327624679935,-284.3711256734454,250000.0
1755561600000,4317.2757573282315,2025-08-19 00:00:00,ethereum,520793172158.0575,43935703176.22011,30000000000000.0,234,Antminer S21 Pro,3540,0.11648281322359422,0.023392585492047466,18.240133079090363,4.134836179559625,9.896379811476566,-381.17964229084157,500000.0
1755648000000,4074.495786100515,2025-08-20 00:00:00,ethereum,491872355111.46844,41626342123.38552,30000000000000.0,110,Antminer S19 Pro,3250,0.07823415709669064,0.03395141021555057,7.502352597799203,1.814588578027968,6.10226425354187,-232.79693693208375,250000.0
1755734400000,4330.491598768078,2025-08-21 00:00:00,ethereum,523004794309.38104,39857177022.84433,30000000000000.0,140,Antminer S19 XP,3010,0.07396460693939148,0.03467267121004835,9.856383192246788,2.452745464680021,5.3432032053016405,-245.04706555198192,380000.0
1755820800000,4224.438592580698,2025-08-22 00:00:00,ethereum,509951239220.54224,21703206731.83165,40307247318980.79,110,Antminer S19 Pro,3250,0.0661698479901657,0.03572687012983851,5.0325666583248205,1.3976953171665467,5.161248143232925,-217.07325144865797,250000.0
1755907200000,4829.225541798332,2025-08-23 00:00:00,ethereum,582817007170.4178,61856673933.04883,33713546125998.5,234,Antminer S21 Pro,3540,0.043832193855978405,0.037499057075236215,23.437464559749703,4.056243076146912,3.7239831900039255,-198.36553674904374,500000.0
1755993600000,4773.884088598777,2025-08-24 00:00:00,ethereum,576242312916.0488,27814037595.094646,30000000000000.0,234,Antminer S21 Pro,3540,0.08153465095938202,0.02292955661539889,15.49446184940188,4.574316887556517,6.927183945509097,-278.91934507191075,500000.0
1756080000000,4778.10916071381,2025-08-25 00:00:00,ethereum,577227233251.8729,41157770217.98017,30000000000000.0,234,Antminer S21 Pro,3540,0.05493112718933809,0.019566004549634166,22.429053137172374,4.594126297029551,4.666948566006164,-210.51800140263174,500000.0
1756166400000,4381.626176071471,2025-08-26 00:00:00,ethereum,529509245849.7141,48217069690.885376,30000000000000.0,234,Antminer S21 Pro,3540,0.1129176760991678,0.027465962397823417,7.281253047099196,4.178964037337262,9.593485761385297,-370.76898505477436,500000.0
1756252800000,4602.369685333965,2025-08-27 00:00:00,ethereum,555061696726.733,35263906282.176544,31754309951893.09,234,Antminer S21 Pro,3540,0.08248717238493877,0.021135172703128827,18.765381911925353,4.173989002766393,7.008110165824399,-293.3569682250735,500000.0
1756339200000,4500.1451479982325,2025-08-28 00:00:00,ethereum,543608856125.4653,35898825608.295586,31467616470611.9,126,Whatsminer M50,3276,0.08335561624572992,0.028032225004006987,18.380607453233807,2.2020084618163676,6.553751971704268,-247.21897196330366,280000.0
1756425600000,4507.560431032719,2025-08-29 00:00:00,ethereum,543249516158.12427,29189873860.227936,34174348628721.28,126,Whatsminer M50,3276,0.0619432194789309,0.03116757587931474,16.599735644796997,2.02439110775088,4.870223688311463,-202.04164408348416,280000.0
1756512000000,4364.358521430426,2025-08-30 00:00:00,ethereum,526830870964.3115,38006835596.328514,30000000000000.0,110,Antminer S19 Pro,3250,0.034679041677993676,0.030652150554764106,23.17533540640321,1.9503178687240028,2.704965250883507,-126.80608813145177,250000.0
1756598400000,4373.360357620914,2025-08-31 00:00:00,ethereum,527539496668.2519,19199178188.100254,30000000000000.0,234,Antminer S21 Pro,3540,0.03285693888356898,0.02123658661060364,9.445328066551573,4.197797572726462,2.7915255275480204,-166.14517197798006,500000.0
1756684800000,4388.931464519364,2025-09-01 00:00:00,ethereum,529740073153.04834,22269795530.723904,30000000000000.0,110,Antminer S19 Pro,3250,0.06810016297378778,0.015005806050962585,3.137215766154175,1.992956404616079,5.311812711955446,-203.7323558868477,250000.0
1756771200000,4303.202222745541,2025-09-02 00:00:00,ethereum,519534784996.7176,31725195638.84437,30000000000000.0,234,Antminer S21 Pro,3540,0.03761088402875141,0.022915880153866225,16.12101262185746,4.1233690975390465,3.19542070708272,-180.49488161964354,500000.0
1756857600000,4325.856306225941,2025-09-03 00:00:00,ethereum,521450862214.85895,32990260980.341236,33025384437984.18,234,Antminer S21 Pro,3540,0.08461622599861252,0.014277824322457262,17.50343521145295,3.7986430896635257,7.18899456084212,-310.0438774686912,500000.0
1756944000000,4449.8670977283255,2025-09-04 00:00:00,ethereum,537549763927.1384,30818352470.84173,30000000000000.0,126,Whatsminer M50,3276,0.10928757050756917,0.03670291105551425,13.801453763011551,2.2635520064753343,8.592625943587118,-306.53888478002017,280000.0
1757030400000,4298.094660544595,2025-09-05 00:00:00,ethereum,519319443328.1493,29893273380.076374,30000000000000.0,126,Whatsminer M50,3276,0.10946233348668499,0.020376323822135722,4.9636294352015105,2.223404283188678,8.606366508057121,-308.15553341272,280000.0
1757116800000,4306.613513100346,2025-09-06 00:00:00,ethereum,519830732357.0378,37950930494.82325,30000000000000.0,140,Antminer S19 XP,3010,0.08931408691190092,0.014633792416699714,12.106942600064528,2.489856069634044,6.452049638515722,-277.1991403997837,380000.0
1757203200000,4273.110024157841,2025-09-07 00:00:00,ethereum,515852185188.91895,14497961323.191992,32034730174364.234,126,Whatsminer M50,3276,0.04901086483256379,0.010763432797172526,7.492553677659106,2.090391401279833,3.853430236595495,-169.55783172613653,280000.0
1757289600000,4304.032421076036,2025-09-08 00:00:00,ethereum,519663340480.02106,14920604279.616674,30000000000000.0,140,Antminer S19 XP,3010,0.10766971482229848,0.029374671588594525,10.259196676000538,2.45113839934223,7.778060198762842,-318.14098731595163,380000.0
1757376000000,4309.685702772004,2025-09-09 00:00:00,ethereum,519912892077.1541,26393884729.75394,30000000000000.0,140,Antminer S19 XP,3010,0.10974840917818873,0.029107069523642295,15.485245820271935,2.4550346008313024,7.928225079032353,-322.52904767936485,380000.0
1757462400000,4309.342746120013,2025-09-10 00:00:00,ethereum,520461727067.3641,28408982228.170376,30000000000000.0,140,Antminer S19 XP,3010,0.04769882264576628,0.02021812499743875,17.88515382458003,2.47731434830274,3.445762947930156,-187.38679132215583,380000.0
1757548800000,4347.476803670656,2025-09-11 00:00:00,ethereum,524803924739.0028,34848418445.62599,34651037726156.402,140,Antminer S19 XP,3010,0.09636834771936095,0.01215135666542953,5.573392581632235,2.181591184981499,6.961649439246635,-301.7350809612874,380000.0
1757635200000,4459.31901599882,2025-09-12 00:00:00,ethereum,538261336997.6129,33593064568.960487,30431774435083.383,140,Antminer S19 XP,3010,0.055786759403441064,0.02228886684685696,9.72780865552688,2.5218181208263304,4.030035499304582,-203.5798546876809,380000.0
1757721600000,4708.841744149995,2025-09-13 00:00:00,ethereum,567724477218.3574,39138140052.58744,35543408805727.734,110,Antminer S19 Pro,3250,0.10223762811176366,0.019336524851901807,6.4598777037991,1.7968077088372718,7.974534992717566,-289.49848518307545,250000.0
1757808000000,4667.699652630318,2025-09-14 00:00:00,ethereum,563397805739.7904,30452117451.68358,30000000000000.0,126,Whatsminer M50,3276,0.11975141099132423,0.03031361919205028,4.767158732684859,2.3901072441416504,9.415334937781877,-327.42349747587343,280000.0
1757894400000,4609.786110950785,2025-09-15 00:00:00,ethereum,556354045428.2224,23827529566.903904,30000000000000.0,140,Antminer S19 XP,3010,0.032702340479645355,0.02817337748358071,18.801293279900122,2.628513710609537,2.36241707624958,-150.35043430253464,380000.0
1757980800000,4524.244939102515,2025-09-16 00:00:00,ethereum,545926863107.31946,33863743706.690956,31082946879156.465,234,Antminer S21 Pro,3540,0.11076292792118386,0.0209378118459262,21.82206466648782,4.192605090109937,9.410418356183781,-364.86773131554867,500000.0
1758067200000,4504.266635522813,2025-09-17 00:00:00,ethereum,543407922913.00836,28053763147.05997,30000000000000.0,126,Whatsminer M50,3276,0.08603674802387923,0.016536776627649703,8.885572456429841,2.3391894915122395,6.76455327662948,-249.42758022018387,280000.0
1758153600000,4591.768794331328,2025-09-18 00:00:00,ethereum,554600592896.1794,41727122821.76891,30354245597162.395,126,Whatsminer M50,3276,0.1176044357248339,0.03964107898466775,18.030694184970404,2.3014343309133594,9.24653115442934,-325.01957137214606,280000.0
1758240000000,4590.6367372135155,2025-09-19 00:00:00,ethereum,554210013387.6136,29381752919.13096,33490513827597.438,140,Antminer S19 XP,3010,0.07185085657737848,0.023620048635883444,21.527886944745866,2.355764671574607,5.190505879149821,-243.3755695605898,380000.0
1758326400000,4470.479474009387,2025-09-20 00:00:00,ethereum,539242810184.06946,28156319659.26727,30833824181235.793,110,Antminer S19 Pro,3250,0.10626491375142363,0.03064822707340711,20.306981052725558,1.9437244882053604,8.288663272611043,-294.5148301988371,250000.0
1758412800000,4481.799472368209,2025-09-21 00:00:00,ethereum,540941822331.27405,14314030981.454111,30762920859342.066,140,Antminer S19 XP,3010,0.03561546617384495,0.014216589027350823,4.387521324941422,2.5279489103092,2.572861276398559,-159.68070431601413,380000.0
1758499200000,4452.87113037789,2025-09-22 00:00:00,ethereum,537406899904.3973,15910684640.581882,32285761010987.277,110,Antminer S19 Pro,3250,0.060175114507046615,0.024567690989781933,22.951005156320672,1.8605991537120816,4.693658931549636,-189.1584600017933,250000.0
1758585600000,4199.951774017639,2025-09-23 00:00:00,ethereum,507148578276.2705,52988093949.58233,31012042972616.5,234,Antminer S21 Pro,3540,0.0360314883976089,0.010826101596083965,9.0402345703071,3.941271297172228,3.0612352542608523,-181.93225204599204,500000.0
1758672000000,4166.1905498775295,2025-09-24 00:00:00,ethereum,503209949445.43353,29902684711.810097,32759055116818.305,126,Whatsminer M50,3276,0.11778088201311634,0.025163653537313497,8.141775868172072,1.9640110178151164,9.260404067399259,-335.558458154191,280000.0
1758758400000,4148.65682762035,2025-09-25 00:00:00,ethereum,500734284408.361,29988924904.58222,33499818146909.867,234,Antminer S21 Pro,3540,0.1035276516544653,0.03892052221353107,1.498351854666728,3.501661185186893,8.795709284563372,-367.1547763146277,500000.0
1758844800000,3863.0632875907245,2025-09-26 00:00:00,ethereum,466825639887.3833,63461265827.195854,35877663412530.18,110,Antminer S19 Pro,3250,0.10672926791213734,0.021526201389574007,11.668167698517191,1.4570801989251636,8.324882897146713,-310.2007476133132,250000.0
1758931200000,4037.0979210260916,2025-09-27 00:00:00,ethereum,486889364203.26996,43443403793.85234,30000000000000.0,110,Antminer S19 Pro,3250,0.11441687082905047,0.011169880377247348,2.616326775382289,1.8403325136635578,8.924515924665936,-316.692168996738,250000.0
1759017600000,4018.167453105732,2025-09-28 00:00:00,ethereum,485207355886.1105,17011629273.367075,30751283414641.844,234,Antminer S21 Pro,3540,0.03765931375078068,0.010928673727580307,5.964955702258224,3.802262998533027,3.199535296266327,-190.25150226533236,500000.0
1759104000000,4141.839664086501,2025-09-29 00:00:00,ethereum,499628731251.1227,21656522951.624653,30000000000000.0,110,Antminer S19 Pro,3250,0.0647037833262,0.021639602798406085,7.606622922414753,1.868088627193112,5.0468950994436,-199.5308608341813,250000.0
1759190400000,4215.61278947927,2025-09-30 00:00:00,ethereum,508909498092.11896,34604598514.675,30000000000000.0,234,Antminer S21 Pro,3540,0.03639314001396019,0.01480074809389582,19.411831763800418,4.072989477353527,3.091961175586058,-178.9024842803093,500000.0
1759276800000,4144.230463371581,2025-10-01 00:00:00,ethereum,500218841768.296,34013325290.49775,30000000000000.0,126,Whatsminer M50,3276,0.04897137913950257,0.010700562889845578,21.011727609501516,2.16498479085686,3.85032571346425,-167.22689434488836,280000.0
1759363200000,4343.951983440489,2025-10-02 00:00:00,ethereum,524308225825.147,42741046618.56157,31094737574008.035,234,Antminer S21 Pro,3540,0.05064291993339051,0.03268640841850531,7.259191619075272,3.9757142842996966,4.302622477540858,-218.14057913056817,500000.0
1759449600000,4484.006245909478,2025-10-03 00:00:00,ethereum,540553843152.3364,41104321433.11955,30827934645521.234,126,Whatsminer M50,3276,0.07221964899428208,0.02375569026645672,20.608754909869774,2.249493478512932,5.678197682526434,-219.52779278707175,280000.0
1759536000000,4515.759068159723,2025-10-04 00:00:00,ethereum,545075315730.44794,45970576945.09693,30765192702991.953,234,Antminer S21 Pro,3540,0.05417059507082783,0.018677343159179637,20.573542496874985,4.237724360725235,4.602333757217533,-219.2716152281023,500000.0
1759622400000,4487.706651673285,2025-10-05 00:00:00,ethereum,541611848322.7991,20597928707.86516,30000000000000.0,110,Antminer S19 Pro,3250,0.039088029613598495,0.03700249549049442,18.351622809236964,1.992300992583279,3.0488663098606827,-135.86362618498876,250000.0
1759708800000,4515.321391965295,2025-10-06 00:00:00,ethereum,545075062109.96124,40355486904.311195,30000000000000.0,234,Antminer S21 Pro,3540,0.045074198018469694,0.013484168806015768,3.520682736364357,4.368388229996022,3.8295038636491854,-192.16680234292824,500000.0
1759795200000,4689.131734746596,2025-10-07 00:00:00,ethereum,566339901682.9528,41164885082.65789,32996373258335.746,110,Antminer S19 Pro,3250,0.04325480071968818,0.03867756486865957,16.567748325617494,1.8893911976016344,3.373874456135678,-148.70116442268798,250000.0
1759881600000,4454.32846286666,2025-10-08 00:00:00,ethereum,537522914209.85065,49804861778.9329,30000000000000.0,234,Antminer S21 Pro,3540,0.11757691181210685,0.019419001521320586,22.680577549933652,4.283455045715244,9.9893344275566,-379.509714788574,500000.0
1759968000000,4527.578004547945,2025-10-09 00:00:00,ethereum,546454608029.64813,36623453162.8216,30000000000000.0,234,Antminer S21 Pro,3540,0.09833632562266262,0.036652110169260434,16.38097149041177,4.2773776228649325,8.354654224901417,-330.65163139442785,500000.0
1760054400000,4368.649439385323,2025-10-10 00:00:00,ethereum,527213250874.5829,42731695438.879875,30000000000000.0,140,Antminer S19 XP,3010,0.11709853187426057,0.028088286294383844,7.958804378588015,2.491234973840046,8.459197942596584,-337.37222239602943,380000.0
1760140800000,3835.632842050135,2025-10-11 00:00:00,ethereum,463578765352.86365,90784076986.425,31962882047096.69,110,Antminer S19 Pro,3250,0.06957664378571177,0.034801220792244625,12.01390361833995,1.601896469089319,5.4269782152855175,-218.91911905255267,250000.0
1760227200000,3749.218185954949,2025-10-12 00:00:00,ethereum,453043143808.8669,54140013164.198265,30000000000000.0,140,Antminer S19 XP,3010,0.05505316334963909,0.039520394896313926,15.497401040425288,2.1128542625316866,3.9770405203779275,-214.25892106872055,380000.0
1760313600000,4159.729307791921,2025-10-13 00:00:00,ethereum,501175375996.802,57642806541.61372,35942109817413.66,110,Antminer S19 Pro,3250,0.1018463877488268,0.01865216313456237,12.253689809484086,1.57076442426641,7.944018244408491,-295.3642812709291,250000.0
1760400000000,4246.217461554773,2025-10-14 00:00:00,ethereum,512317800004.74445,46426992105.166855,30000000000000.0,140,Antminer S19 XP,3010,0.05936285262370321,0.03883406456222779,2.8788706015432757,2.394645786341021,4.288372473536319,-215.14513394919226,380000.0
1760486400000,4128.888447033946,2025-10-15 00:00:00,ethereum,498801738230.5064,62876294833.97642,30000000000000.0,126,Whatsminer M50,3276,0.056944503633481344,0.02168445684707261,7.4895370716484955,2.133021789291266,4.477204653678837,-186.99215259829376,280000.0
1760572800000,3983.1544356894233,2025-10-16 00:00:00,ethereum,480502921991.1765,44806571765.16941,30000000000000.0,234,Antminer S21 Pro,3540,0.0509255392987048,0.02156535714210767,19.25750473328718,3.8219717060973735,4.32663381881796,-223.47319671495092,500000.0
1760659200000,3890.1993012479857,2025-10-17 00:00:00,ethereum,469582926617.41595,44673230678.7307,30931944525024.203,110,Antminer S19 Pro,3250,0.04167110804018118,0.02021161312763517,20.67403310629242,1.7042115338330313,3.2503464271341325,-150.5507134656997,250000.0
1760745600000,3831.244175835675,2025-10-18 00:00:00,ethereum,462727285553.6246,52519500424.67195,30000000000000.0,110,Antminer S19 Pro,3250,0.05308167549150893,0.026242228220427554,3.2952007851736855,1.71987188695332,4.140370688337697,-176.78163070819798,250000.0
1760832000000,3889.4990302043157,2025-10-19 00:00:00,ethereum,469204461222.8663,19845543405.385517,34286158912369.258,234,Antminer S21 Pro,3540,0.06197877736264989,0.014624351295354613,22.857282057569392,3.288716333790889,5.265716924730735,-267.6433510615287,500000.0
1760918400000,3985.0765644046796,2025-10-20 00:00:00,ethereum,480734836101.83966,29233928200.2202,30000000000000.0,110,Antminer S19 Pro,3250,0.09065947873311574,0.026611344560740335,7.891742828366624,1.788250187253529,7.071439341183027,-262.6623412845516,250000.0
1761004800000,3978.7901551344357,2025-10-21 00:00:00,ethereum,480395580826.9953,35767064768.00727,30000000000000.0,110,Antminer S19 Pro,3250,0.03563083579975064,0.02625114437230012,15.89552972953728,1.786089938479227,2.77920519238055,-133.96012428370634,250000.0
1761091200000,3877.4871979550117,2025-10-22 00:00:00,ethereum,467810730089.432,46069514674.15889,30273801073516.305,140,Antminer S19 XP,3010,0.048945624569880865,0.0328570543781461,18.043803502960348,2.1803992419822533,3.5358319189281935,-198.9963136417115,380000.0
1761177600000,3801.7907952382916,2025-10-23 00:00:00,ethereum,458856134706.02246,41712359613.706055,30000000000000.0,110,Antminer S19 Pro,3250,0.10281212762625087,0.03500949885812757,19.486709631309203,1.6912841632432403,8.019345954847568,-294.0085204147965,250000.0
1761264000000,3855.8421162401205,2025-10-24 00:00:00,ethereum,465361564940.0126,32116755772.61905,30000000000000.0,126,Whatsminer M50,3276,0.043222973122539365,0.02321324050937272,22.697992853422324,1.9888507604090708,3.3983630387865347,-158.9520350179906,280000.0
1761350400000,3933.232269901015,2025-10-25 00:00:00,ethereum,474759372126.45776,30026152396.570248,30000000000000.0,126,Whatsminer M50,3276,0.06083806318702693,0.019069997480544814,7.5100691526917425,2.037374192308806,4.783331880016806,-199.04539729790665,280000.0
1761436800000,3952.213557935584,2025-10-26 00:00:00,ethereum,477319399731.4925,12389144280.82482,30000000000000.0,234,Antminer S21 Pro,3540,0.1078193029672326,0.017780046919512835,20.60415490923731,3.806954245323176,9.160327980096083,-368.93454537652053,500000.0
1761523200000,4161.590896249249,2025-10-27 00:00:00,ethereum,502918445052.51886,25813518444.008472,30000000000000.0,110,Antminer S19 Pro,3250,0.043943278002909834,0.015838715101146157,3.160485682468969,1.8881260777075186,3.427575684226967,-150.35015486225012,250000.0
1761609600000,4123.206220671679,2025-10-28 00:00:00,ethereum,497221249584.5864,36948961061.03095,33261079989209.215,234,Antminer S21 Pro,3540,0.03744631520563709,0.011729427465970747,16.920981752486227,3.60432819732262,3.1814389398709277,-195.64665560978256,500000.0
1761696000000,3982.3127893175442,2025-10-29 00:00:00,ethereum,481161348044.65594,35659878225.70066,30000000000000.0,126,Whatsminer M50,3276,0.07360841955720097,0.0202734393650414,17.80746550833566,2.0602666831198513,5.787388379265369,-228.48031755103224,280000.0
1761782400000,3897.359267616961,2025-10-30 00:00:00,ethereum,470349941761.83514,33522381291.769722,30000000000000.0,110,Antminer S19 Pro,3250,0.057217756015068275,0.018107430763923498,16.26535778883169,1.7641672042530434,4.462984969175325,-185.13119961433512,250000.0
1761868800000,3802.2953645331804,2025-10-31 00:00:00,ethereum,458793317252.3975,36685058456.47925,30004090804384.652,110,Antminer S19 Pro,3250,0.08070675280354687,0.03899252157599222,6.055553667243672,1.6842972128378082,6.295126718676657,-242.49155184183212,250000.0
1761955200000,3847.298177365196,2025-11-01 00:00:00,ethereum,464417354244.41925,32814597904.07948,30000000000000.0,234,Antminer S21 Pro,3540,0.10234244014351276,0.02673126478750132,20.95303552836488,3.672122161571181,8.695013714592845,-359.02007992398325,500000.0
1762041600000,3872.2118961957594,2025-11-02 00:00:00,ethereum,467387016348.6048,12518543682.642963,30000000000000.0,126,Whatsminer M50,3276,0.04234336393374688,0.020418311170915228,4.05260312088948,2.0030092835407562,3.3292046459269145,-156.45252753825145,280000.0
1762128000000,3910.0947691627284,2025-11-03 00:00:00,ethereum,471549372393.21094,15511617607.50217,30000000000000.0,110,Antminer S19 Pro,3250,0.08226291760988565,0.02741402802981088,1.28723499649994,1.7531562076630385,6.416507573571081,-244.06720764390792,250000.0
1762214400000,3600.71550248779,2025-11-04 00:00:00,ethereum,434149656995.1001,47914058739.68866,31661214288738.523,234,Antminer S21 Pro,3540,0.07549578843508775,0.014175901040370866,17.21915977468589,3.2984539698147364,6.414122185445056,-301.80337980224294,500000.0
1762300800000,3296.7437604313104,2025-11-05 00:00:00,ethereum,397489340792.3503,68784285690.87129,33147631468636.914,126,Whatsminer M50,3276,0.04296709074118796,0.023321312476066086,11.411417165585608,1.5388236267351094,3.3782445424351617,-171.8492941376682,280000.0
1762387200000,3427.6905913706814,2025-11-06 00:00:00,ethereum,413918683595.6081,44374527842.85683,30000000000000.0,234,Antminer S21 Pro,3540,0.08615986369760842,0.028787029642631915,20.378352479008225,3.2647098334774496,7.320142019748812,-329.9962989214742,500000.0
1762473600000,3308.918164921951,2025-11-07 00:00:00,ethereum,399007356776.52936,33880974985.82207,30000000000000.0,140,Antminer S19 XP,3010,0.05462763760746945,0.02466693495377354,9.201531385398216,1.8935625407301733,3.946300540763593,-219.9154733343359,380000.0
1762560000000,3434.3512285299594,2025-11-08 00:00:00,ethereum,414691375367.5941,38972602140.84989,30000000000000.0,110,Antminer S19 Pro,3250,0.07390508866896112,0.022053364019629727,4.038686124185108,1.5483359379734687,5.764596916178967,-230.65449601283163,250000.0
1762646400000,3401.4594003397083,2025-11-09 00:00:00,ethereum,410599145957.86835,20876971421.901554,30000000000000.0,140,Antminer S19 XP,3010,0.03740450918493557,0.03981545166699094,20.074612619276873,1.916287576344421,2.702101743519745,-181.90775834859306,380000.0
1762732800000,3576.2547046627064,2025-11-10 00:00:00,ethereum,431294295578.2351,25994213654.36895,31223393927490.395,126,Whatsminer M50,3276,0.07136256514922608,0.03640944286446781,13.17383115936172,1.7484181771277145,5.610810322292751,-232.53843102161773,280000.0
1762819200000,3564.6105957999334,2025-11-11 00:00:00,ethereum,430271977432.51276,31866555691.672695,32907053326116.406,140,Antminer S19 XP,3010,0.05758171212385382,0.028702178744783202,4.540699017368517,1.8519849262549843,4.1597028838272,-227.5648720604998,380000.0
1762905600000,3416.781328259322,2025-11-12 00:00:00,ethereum,411969837331.5966,36501187500.23736,33456583720683.676,140,Antminer S19 XP,3010,0.10401430900668189,0.02708132083546848,17.2892159660747,1.7489366075208732,7.513993682642699,-331.28504558698813,380000.0
1762992000000,3409.6144555411624,2025-11-13 00:00:00,ethereum,411695018306.39923,31722707429.919136,34394064503078.695,126,Whatsminer M50,3276,0.035128085429763145,0.02861981439473752,12.266727323748013,1.525511396087492,2.7619105888296973,-153.75864244893282,280000.0
1763078400000,3235.7276362968546,2025-11-14 00:00:00,ethereum,392354946592.3496,47957135381.43061,30000000000000.0,234,Antminer S21 Pro,3540,0.06767465474264969,0.016039363234672997,14.503511573767675,3.1223255605963427,5.749638666935518,-287.15272652350865,500000.0
1763164800000,3106.601287865052,2025-11-15 00:00:00,ethereum,376914348602.9677,45035057857.22528,30000000000000.0,140,Antminer S19 XP,3010,0.07125882817182942,0.021854132297929558,11.061560116957965,1.7829116468909871,5.1477377471329575,-259.2781163405925,380000.0
1763251200000,3170.1129807404664,2025-11-16 00:00:00,ethereum,382460593691.1359,19159039393.797318,30000000000000.0,234,Antminer S21 Pro,3540,0.09525054686692068,0.01118378598672698,19.889015611632153,3.0741058743907663,8.092486461813582,-358.88475095601785,500000.0
1763337600000,3101.686799467,2025-11-17 00:00:00,ethereum,374435480317.1664,30332766567.569996,30751076511073.715,140,Antminer S19 XP,3010,0.08168588175811899,0.0242663811246048,19.909505176393196,1.7323307760487376,5.900988098206515,-283.39305299806665,380000.0
1763424000000,3021.3021576301335,2025-11-18 00:00:00,ethereum,364584346775.1596,39723178401.3899,30000000000000.0,234,Antminer S21 Pro,3540,0.09004911034747629,0.026290737518729894,17.02533172378527,2.8850408271960726,7.650572415121586,-351.29928097109877,500000.0
1763510400000,3117.2225871583155,2025-11-19 00:00:00,ethereum,375944681644.45795,40531057646.65946,35898370256539.805,126,Whatsminer M50,3276,0.09993443570865805,0.016832492083096288,2.5296330575150945,1.3524619107432132,7.8572450731575305,-311.81016153909616,280000.0
1763596800000,3017.7483614097955,2025-11-20 00:00:00,ethereum,363582387251.9456,39173261740.03148,32004232994976.54,140,Antminer S19 XP,3010,0.10759826762923698,0.03892086541496541,20.132492685697652,1.5951322008767457,7.772898853536079,-343.6663329131133,380000.0
1763683200000,2832.068358334293,2025-11-21 00:00:00,ethereum,342850824587.94714,41625324784.96392,30000000000000.0,126,Whatsminer M50,3276,0.058248794705022346,0.037283638328117256,16.104311532789836,1.4397439877958196,4.579753234887677,-210.86694407942238,280000.0
1763769600000,2764.735218675169,2025-11-22 00:00:00,ethereum,333838550169.9107,49920072209.17851,30000000000000.0,140,Antminer S19 XP,3010,0.07842204348275127,0.031664297063677176,16.728579984103188,1.5707973833078852,5.6652084211939515,-281.1656644699153,380000.0
1763856000000,2768.6178294996353,2025-11-23 00:00:00,ethereum,334406681065.5302,15277324087.122278,30000000000000.0,126,Whatsminer M50,3276,0.10560972705952798,0.026001598862960877,8.71158816969292,1.4239818187231625,8.303459180328327,-323.0509875148216,280000.0
1763942400000,2799.8149340924633,2025-11-24 00:00:00,ethereum,338053142179.2997,20170660685.078762,30000000000000.0,126,Whatsminer M50,3276,0.11905060178685507,0.03609907478943055,21.10270934776816,1.4250985947029515,9.360234514889692,-354.72074427226886,280000.0
1764028800000,2953.327645752226,2025-11-25 00:00:00,ethereum,357075035362.9083,32699089921.17828,30000000000000.0,140,Antminer S19 XP,3010,0.11005673799393868,0.013919570314703887,17.40891840563658,1.7086953988043927,7.95049875268213,-345.58743394966547,380000.0
1764115200000,2955.046469321271,2025-11-26 00:00:00,ethereum,356667974212.06213,23359001752.780495,32215052500847.52,140,Antminer S19 XP,3010,0.0634320536361939,0.03371529382824655,2.702171196700667,1.5601721145391005,4.582331554678648,-248.99811653751976,380000.0
1764201600000,3027.477249132549,2025-11-27 00:00:00,ethereum,365169111971.85614,21096541004.26908,30000000000000.0,140,Antminer S19 XP,3010,0.047564986549678535,0.013744624419005449,9.786672825747903,1.7519066093357902,3.436094628348777,-208.85897390372293,380000.0
1764288000000,3015.6118196920934,2025-11-28 00:00:00,ethereum,364039549664.8285,16563145331.437607,30040518902800.867,110,Antminer S19 Pro,3250,0.07404532836659299,0.033826319876482165,21.2731286870434,1.3413737185557641,5.775535612594253,-237.19152348782134,250000.0
1764374400000,3033.135645414151,2025-11-29 00:00:00,ethereum,366085841851.63794,20184482703.163284,30000000000000.0,234,Antminer S21 Pro,3540,0.0967477306652438,0.018273027047540708,1.132720840737096,2.920189651418617,8.219687197319114,-367.31825971034823,500000.0
1764460800000,2991.2330117032593,2025-11-30 00:00:00,ethereum,361028197396.32526,12634811464.603792,30000000000000.0,110,Antminer S19 Pro,3250,0.07433121636779678,0.03631271743054567,23.073998871409188,1.328898165586663,5.79783487668815,-238.23476799971124,250000.0
1764547200000,2992.8341859495977,2025-12-01 00:00:00,ethereum,361717332403.24976,11969903297.072994,30000000000000.0,110,Antminer S19 Pro,3250,0.07348627769823016,0.03832126281476193,16.299901639669507,1.3268382989537582,5.731929660461952,-236.3194075119125,250000.0
1764633600000,2799.0367919901605,2025-12-02 00:00:00,ethereum,338070271128.47876,37491168510.09445,30871108366239.902,126,Whatsminer M50,3276,0.10544073789736205,0.014463879082153469,15.153023463441038,1.4155765993843006,8.290172576442194,-322.90454597840346,280000.0
1764720000000,2995.751149322771,2025-12-03 00:00:00,ethereum,362328288750.46765,27518473791.0893,31109159692552.695,140,Antminer S19 XP,3010,0.06252634011604677,0.023880268151961804,6.4934221557117935,1.6545598465783908,4.516902809983218,-244.20362223547818,380000.0
1764806400000,3195.4089919085554,2025-12-04 00:00:00,ethereum,385765592436.29456,30631265956.32816,30000000000000.0,234,Antminer S21 Pro,3540,0.1073815207330481,0.03942962134488055,5.97100292974025,3.010122321785707,9.123134001479768,-391.7236837241552,500000.0
1764892800000,3133.698235618616,2025-12-05 00:00:00,ethereum,378383036980.8902,27914236368.18745,30648986832096.367,126,Whatsminer M50,3276,0.06661243208565512,0.024502223079194398,22.60939726772629,1.5800534489849278,5.237335860302548,-226.38513900619526,280000.0
1764979200000,3022.6564205232035,2025-12-06 00:00:00,ethereum,365052689720.72375,27606937714.571938,30000000000000.0,110,Antminer S19 Pro,3250,0.05954097951105054,0.03590642567543635,7.158538901618946,1.3434246164248949,4.644196401861942,-203.18982022977812,250000.0
1765065600000,3039.358573133242,2025-12-07 00:00:00,ethereum,366786121380.61804,11344831475.877346,30000000000000.0,140,Antminer S19 XP,3010,0.07085909200797291,0.027661945663939595,18.612127121255984,1.7339633041069848,5.118860806655963,-259.8802584098027,380000.0
1765152000000,3052.976330436545,2025-12-08 00:00:00,ethereum,368370755428.0437,19363787894.936527,33790155779468.125,126,Whatsminer M50,3276,0.09862022628073816,0.021259897237588057,9.4349231569699,1.4008933392740286,7.753916671096756,-307.25736662134847,280000.0
1765238400000,3125.321462183988,2025-12-09 00:00:00,ethereum,377375140776.36505,25795397174.943024,30061457386917.477,140,Antminer S19 XP,3010,0.04134018250775948,0.018573506665776104,3.3420976988328954,1.7959919039033407,2.986414784360545,-194.04601974704948,380000.0
1765324800000,3322.469217836626,2025-12-10 00:00:00,ethereum,401258190140.9822,34333058805.569298,30000000000000.0,126,Whatsminer M50,3276,0.047677729428481565,0.01609669273258262,0.2571671446886148,1.7262217142873508,3.7486137985849344,-177.33842919559416,280000.0
1765411200000,3326.260211637518,2025-12-11 00:00:00,ethereum,401626272710.5994,31463676851.579826,30000000000000.0,140,Antminer S19 XP,3010,0.11563003430967828,0.032853945741330916,13.06217608836602,1.8875087114492277,8.353113678531159,-352.3014823457913,380000.0
1765497600000,3236.0986208578574,2025-12-12 00:00:00,ethereum,390987823733.6906,29805046870.5563,30000000000000.0,110,Antminer S19 Pro,3250,0.04579424646432216,0.021596215204690836,23.418691645174384,1.4596381351500871,3.5719512242171287,-167.53605933867792,250000.0
1765584000000,3085.316694358101,2025-12-13 00:00:00,ethereum,372579486045.7623,25083388430.41613,30000000000000.0,234,Antminer S21 Pro,3540,0.08109545861379491,0.025338263866022535,8.859268651420908,2.9490502108969356,6.889870163828016,-326.5579319212658,500000.0
1765670400000,3115.225428835284,2025-12-14 00:00:00,ethereum,375945831930.448,10086309656.917572,30000000000000.0,110,Antminer S19 Pro,3250,0.0821383019995744,0.024769764400035456,8.572616015833077,1.400560796549979,6.406787555966804,-254.35346944917143,250000.0
1765756800000,3065.4912355563642,2025-12-15 00:00:00,ethereum,369527922358.0662,17335964454.11176,30000000000000.0,234,Antminer S21 Pro,3540,0.07406620158452203,0.027318370876993937,8.258198828386611,2.924147621303437,6.292664486620992,-309.38883929286,500000.0
1765843200000,2964.488557692104,2025-12-16 00:00:00,ethereum,357786162656.10895,30596317990.005627,30000000000000.0,140,Antminer S19 XP,3010,0.08802707237191366,0.03596731436873657,12.493052095316603,1.6768036740374694,6.359075708147043,-298.80149435662054,380000.0
1765929600000,2964.2627915054686,2025-12-17 00:00:00,ethereum,357203725063.4325,25164041190.99286,30000000000000.0,126,Whatsminer M50,3276,0.050684405321785655,0.03942218030750288,10.575957202183044,1.503600446144467,3.985010684020075,-191.10897380293494,280000.0
1766016000000,2827.8041755024283,2025-12-18 00:00:00,ethereum,341276921875.79224,26836168118.615532,30000000000000.0,110,Antminer S19 Pro,3250,0.07973960409990734,0.022227526257214508,21.117951041448347,1.2746544522707235,6.219689119792772,-252.5177066923281,250000.0
1766102400000,2826.5948465107654,2025-12-19 00:00:00,ethereum,340860880536.8325,30216518962.55933,30179001018106.414,234,Antminer S21 Pro,3540,0.06349559297222074,0.03482556766318909,12.132499001363767,2.659587407022733,5.394585578919874,-290.38327849024756,500000.0
1766188800000,2976.796869557769,2025-12-20 00:00:00,ethereum,359446094628.4511,28622463845.69733,30000000000000.0,110,Antminer S19 Pro,3250,0.08955005336662701,0.03293583383964153,12.186188116525651,1.3271188580723352,6.984904162596907,-273.90022580240384,250000.0
1766275200000,2977.162263207443,2025-12-21 00:00:00,ethereum,359186900440.0731,9046978663.974163,32459729736079.65,234,Antminer S21 Pro,3540,0.04271011890358345,0.027205868543667196,3.3209182732933584,2.624993932760084,3.62865170204845,-238.4430664119843,500000.0
1766361600000,3001.6008377810244,2025-12-22 00:00:00,ethereum,362519624877.1173,11543764853.447407,30000000000000.0,110,Antminer S19 Pro,3250,0.08137896751555286,0.03868141430835799,23.585748981849264,1.3302265319342896,6.347559466213123,-254.68665469503165,250000.0
1766448000000,3005.786780691547,2025-12-23 00:00:00,ethereum,362935746891.54517,21151887764.71905,30000000000000.0,234,Antminer S21 Pro,3540,0.046674331984499134,0.016014235465852084,5.999349380851912,2.9005174784054546,3.965451245403047,-240.2813463432611,500000.0
1766534400000,2965.193660040505,2025-12-24 00:00:00,ethereum,357776430595.61365,23108092257.350555,30000000000000.0,234,Antminer S21 Pro,3540,0.05507787568035327,0.013277926309288642,1.760737619030464,2.869302970448129,4.679416317802814,-262.6367337539739,500000.0
1766620800000,2945.9878145019857,2025-12-25 00:00:00,ethereum,355561429533.282,14559942619.27862,30000000000000.0,140,Antminer S19 XP,3010,0.04968388202912249,0.035618859008662664,15.915509975405012,1.6669414067962027,3.589163637783808,-216.0000002629615,380000.0
1766707200000,2904.252344599994,2025-12-26 00:00:00,ethereum,350482502400.1858,11886240841.229004,39781607598529.97,234,Antminer S21 Pro,3540,0.04645540018819354,0.02317449449901245,14.288792883764945,2.0980641654057366,3.9468507999889235,-263.796932370829,500000.0
1766793600000,2926.695639112761,2025-12-27 00:00:00,ethereum,353065144652.60986,19054108852.23608,30000000000000.0,140,Antminer S19 XP,3010,0.10431398564046003,0.035409065626211815,9.963495695825898,1.6563854842730477,7.535642322666832,-334.71103848514684,380000.0
1766880000000,2948.8621262576116,2025-12-28 00:00:00,ethereum,355905880030.65027,7543851649.166359,32574992717542.977,234,Antminer S21 Pro,3540,0.055713681089480126,0.03679270615586245,10.132613613136273,2.5653088470918792,4.733434345362232,-273.3770982814439,500000.0
1766966400000,2947.8597605720547,2025-12-29 00:00:00,ethereum,355840750170.65576,9618433974.572294,30000000000000.0,126,Whatsminer M50,3276,0.11344114036780044,0.011873727808572144,18.84153410511435,1.538163332623542,8.919196220277941,-338.09765329629863,280000.0
1767052800000,2934.215601758931,2025-12-30 00:00:00,ethereum,354107974761.1568,28073445244.481457,30000000000000.0,126,Whatsminer M50,3276,0.11729338728106717,0.03650394288958182,4.697103362391577,1.492880869121052,9.222075281586624,-348.54249904063386,280000.0
1767139200000,2970.055474481003,2025-12-31 00:00:00,ethereum,358439004174.8074,18029693561.070618,30000000000000.0,126,Whatsminer M50,3276,0.08141344229433876,0.023449571661082667,19.686079654677354,1.531589657315644,6.401050486950091,-262.7504915557001,280000.0
1767225600000,2966.7741798134107,2026-01-01 00:00:00,ethereum,358047402285.7328,16641494487.095573,30000000000000.0,234,Antminer S21 Pro,3540,0.04287010103991538,0.025312974670126966,15.569930733480437,2.8358168378990527,3.6422437843512108,-232.52614172689806,500000.0
1767312000000,3000.4191168879165,2026-01-02 00:00:00,ethereum,362099985541.6034,10247591868.396807,30000000000000.0,140,Antminer S19 XP,3010,0.06370934190416232,0.028797775332796306,10.055274570708585,1.7097486596470675,4.602362859156686,-245.1117593186219,380000.0
1767398400000,3121.9006724537576,2026-01-03 00:00:00,ethereum,376770956000.15674,25946903012.673847,30000000000000.0,140,Antminer S19 XP,3010,0.10179590370133926,0.0377914782019026,10.992686798012848,1.7624993265444375,7.353736083384748,-326.0704360385426,380000.0
1767484800000,3126.041091396286,2026-01-04 00:00:00,ethereum,377099111945.0166,12643882377.41065,30000000000000.0,234,Antminer S21 Pro,3540,0.06306516558273634,0.010573482832892922,6.159532972466299,3.0332396839832034,5.358016467909279,-278.07663685111555,500000.0
1767571200000,3139.057041912684,2026-01-05 00:00:00,ethereum,378922486584.18475,14200482273.251047,39626012277437.84,126,Whatsminer M50,3276,0.03783154964725099,0.02430530404953451,18.050743984727397,1.2244392020306127,2.9744677594654614,-169.16752338971213,280000.0
1767657600000,3228.2962247842056,2026-01-06 00:00:00,ethereum,389933475562.2665,29465114559.519062,30000000000000.0,126,Whatsminer M50,3276,0.08011064198353691,0.03063166127291682,12.308993815326426,1.652514953266489,6.298619115313606,-256.04979152808016,280000.0
1767744000000,3295.101927879638,2026-01-07 00:00:00,ethereum,397608381234.7261,28511408890.511658,30370362166552.78,140,Antminer S19 XP,3010,0.10606087663464313,0.031681208730946854,7.700509025996246,1.8492651122851054,7.661837728086619,-332.71051180737874,380000.0
1767830400000,3164.794750249208,2026-01-08 00:00:00,ethereum,381974224305.5651,22954348981.589577,36545454410667.84,126,Whatsminer M50,3276,0.10163337484291521,0.03077597294611324,14.305202778262807,1.3296605955244958,7.990822463649365,-316.5015227104127,280000.0
1767916800000,3104.220322474917,2026-01-09 00:00:00,ethereum,374637574706.1186,21609631690.502533,30000000000000.0,110,Antminer S19 Pro,3250,0.04576108261173179,0.014033053882243655,23.897626849231752,1.4109779359367667,3.5693644437150795,-168.91826190001606,250000.0
1768003200000,3083.1361173724354,2026-01-10 00:00:00,ethereum,372149000810.8756,19574607996.93425,30000000000000.0,140,Antminer S19 XP,3010,0.090548815297122,0.018981867651150435,10.446294711757293,1.7746405996889376,6.541246417064093,-301.3315078545879,380000.0
1768089600000,3082.9653288303607,2026-01-11 00:00:00,ethereum,372186920089.48895,5878919562.197727,30000000000000.0,126,Whatsminer M50,3276,0.04984538370920824,0.020761465762510405,22.096593618686867,1.5941908964746763,3.9190434487527885,-186.41224323501004,280000.0
1768176000000,3119.3619360372772,2026-01-12 00:00:00,ethereum,376488796661.5709,10976584243.860346,30000000000000.0,140,Antminer S19 XP,3010,0.0496386781096955,0.034133116230385147,8.280404158189587,1.7677617140870754,3.585898106644403,-212.87742511005314,380000.0
1768262400000,3090.2827206647894,2026-01-13 00:00:00,ethereum,373050228025.3664,21435545247.17046,30000000000000.0,110,Antminer S19 Pro,3250,0.10866645959746667,0.01836279617243659,1.3135849661996613,1.3984745014740707,8.4759838486024,-316.4919470805165,250000.0
1768348800000,3319.9354070565078,2026-01-14 00:00:00,ethereum,400762250132.68756,35290013880.99956,30000000000000.0,140,Antminer S19 XP,3010,0.05247020574662071,0.016321148916016093,4.901810552842293,1.9161241646282579,3.79044766313588,-214.56303828856198,380000.0
1768435200000,3356.4964063628336,2026-01-15 00:00:00,ethereum,405103415124.21326,34009585603.430943,30000000000000.0,140,Antminer S19 XP,3010,0.053692261186621,0.03872344057114289,10.048683439864421,1.8931072483431421,3.878728948121501,-217.9019843266841,380000.0
1768521600000,3318.2037023491666,2026-01-16 00:00:00,ethereum,400452010716.34735,29777568895.58042,30000000000000.0,140,Antminer S19 XP,3010,0.03005880516851696,0.010265898553404066,5.271238286269656,1.9269136680752332,2.171448085373665,-165.66936585228626,380000.0
1768608000000,3296.062650076136,2026-01-17 00:00:00,ethereum,397812097503.19434,24378384071.00059,32691132561608.54,140,Antminer S19 XP,3010,0.10836021307129659,0.03993462567045934,0.0054489172381329,1.7038377347212306,7.827941792270465,-342.05645505981045,380000.0
1768694400000,3306.8712226908783,2026-01-18 00:00:00,ethereum,399282930965.6771,11391111157.284075,30872275052182.086,110,Antminer S19 Pro,3250,0.10133353318882211,0.03030463896572187,21.960036905940655,1.4365162715290327,7.904015588728125,-298.1916461826394,250000.0
1768780800000,3284.3194316465483,2026-01-19 00:00:00,ethereum,396399594662.77765,14974443677.834782,30000000000000.0,234,Antminer S21 Pro,3540,0.08645960415816102,0.034854078983473515,20.253105869542296,3.108614515900369,7.345607969277361,-335.4431369346431,500000.0
1768867200000,3185.6644636922747,2026-01-20 00:00:00,ethereum,384410444146.86456,29820379988.891647,30000000000000.0,140,Antminer S19 XP,3010,0.0975239187544958,0.018838581890385796,17.815013555686733,1.8339233189589912,7.0451278908247765,-314.66947048930695,380000.0
1768953600000,2935.6234193160412,2026-01-21 00:00:00,ethereum,354099948267.15643,34750583222.71903,30000000000000.0,140,Antminer S19 XP,3010,0.04368437106820426,0.0104294583300118,4.027550295504687,1.704463798581396,3.1557589659670757,-201.8721883549037,380000.0
1769040000000,2976.0491465641335,2026-01-22 00:00:00,ethereum,359040539115.96747,37121407320.265114,30000000000000.0,126,Whatsminer M50,3276,0.07124912351288179,0.0321360855568459,2.8887258290396653,1.5210293204658598,5.601891087076818,-239.0925196649954,280000.0
1769126400000,2948.277889615024,2026-01-23 00:00:00,ethereum,355853612997.0337,22312421297.363728,36516798862020.21,140,Antminer S19 XP,3010,0.06160974486139028,0.03502433791002027,1.6225139873371957,1.3713679972590005,4.450687968786833,-250.71293247916833,380000.0
1769212800000,2950.9128485703054,2026-01-24 00:00:00,ethereum,356101993294.33496,22825744038.274715,30000000000000.0,126,Whatsminer M50,3276,0.03843988736313148,0.03221428395860557,17.37670053055011,1.5080605535221747,3.0222977040388495,-162.0937811821669,280000.0
1769299200000,2949.197384616335,2026-01-25 00:00:00,ethereum,356007725632.75543,9410994743.450907,30000000000000.0,234,Antminer S21 Pro,3540,0.07375174366934316,0.014285508619025158,22.291391056509248,2.8509098382266513,6.265948142147395,-310.78448245095564,500000.0
1769385600000,2814.1853835458546,2026-01-26 00:00:00,ethereum,339890716407.5777,23388699485.203304,30752379888074.645,110,Antminer S19 Pro,3250,0.11286656853083718,0.03260283766770907,10.332859701912888,1.2243493781814834,8.803592345405301,-331.5439556833812,250000.0
1769472000000,2927.836546921288,2026-01-27 00:00:00,ethereum,353726198245.0733,31319240379.377583,30000000000000.0,110,Antminer S19 Pro,3250,0.0336053207145625,0.033067683463229226,2.859376127905156,1.3051133495793048,2.621215015735875,-143.64971665136378,250000.0
1769558400000,3021.091516998928,2026-01-28 00:00:00,ethereum,364796970141.98334,28728856609.94036,32962626173089.65,234,Antminer S21 Pro,3540,0.05623148221444145,0.029756215470101648,12.297427697570559,2.6162106034650825,4.777426728938946,-273.16981709754924,500000.0
1769644800000,3006.8071129555346,2026-01-29 00:00:00,ethereum,362995505292.5032,23451982502.82752,30000000000000.0,110,Antminer S19 Pro,3250,0.04867868425851331,0.03298347798386759,8.371965779007123,1.3404320157953504,3.796937372164038,-177.8618273577273,250000.0
1769731200000,2818.817890220326,2026-01-30 00:00:00,ethereum,340223818598.2187,37820864892.228645,32099742263511.094,234,Antminer S21 Pro,3540,0.051433198829912666,0.035377643190331966,8.995798184399945,2.4921406723315487,4.36976457258938,-264.6620503410683,500000.0
1769817600000,2702.40799526457,2026-01-31 00:00:00,ethereum,326260413678.2401,41803190280.20533,30000000000000.0,234,Antminer S21 Pro,3540,0.11175910966914378,0.028408123427123753,14.911934979736975,2.5749173491448487,9.495053957490455,-415.9374315837015,500000.0
1769904000000,2443.9290245632774,2026-02-01 00:00:00,ethereum,294721167713.188,48591221287.94092,33622998654125.33,234,Antminer S21 Pro,3540,0.07212621488108611,0.012658141419090371,17.249234718292858,2.1113948181643636,6.127843216297077,-328.82678527731474,500000.0
1769990400000,2269.3288518651166,2026-02-02 00:00:00,ethereum,273917533154.59314,41592993667.771126,30000000000000.0,110,Antminer S19 Pro,3250,0.07196694716458368,0.024628834290016326,2.6544863729558603,1.0204052312051635,5.613421878837527,-241.95716609563758,250000.0
1770076800000,2344.512261445349,2026-02-03 00:00:00,ethereum,282937489226.0722,51461557534.321014,37866295338756.56,126,Whatsminer M50,3276,0.0984518078209754,0.012329480040148152,0.8541655393554333,0.9687600597759402,7.74067493811637,-319.82411301687955,280000.0
1770163200000,2226.985635575225,2026-02-04 00:00:00,ethereum,268883359333.4935,47572474187.92975,30000000000000.0,234,Antminer S21 Pro,3540,0.04390429836044332,0.022226290930972926,23.863927264457157,2.1354247529074954,3.730109188703265,-256.17386640720645,500000.0
1770249600000,2152.0870116729375,2026-02-05 00:00:00,ethereum,259876828100.02466,45329629877.16246,30000000000000.0,140,Antminer S19 XP,3010,0.07385388186900457,0.022213194673768828,5.585480373973244,1.2346523244627632,5.33520442621689,-281.34989638595715,380000.0
1770336000000,1820.5693215574129,2026-02-06 00:00:00,ethereum,222173472032.49194,56436780638.71162,30000000000000.0,110,Antminer S19 Pro,3250,0.06869866927089537,0.011980295324207248,1.2919325978030178,0.8292360137182725,5.358496203129839,-240.04447234901363,250000.0
1770422400000,2060.7349645674162,2026-02-07 00:00:00,ethereum,248748810142.69376,65078857952.97811,30000000000000.0,234,Antminer S21 Pro,3540,0.08372196214919905,0.020464616019084378,4.557007898302079,1.9795695729412754,7.113017904195952,-362.33678327097357,500000.0
1770508800000,2091.040353689534,2026-02-08 00:00:00,ethereum,252512585445.0919,40809475718.479546,30000000000000.0,234,Antminer S21 Pro,3540,0.11996019329253947,0.013329942963739445,0.9349883123631413,2.023312031298032,10.191818022134154,-453.38851305841706,500000.0
1770595200000,2095.1305644770564,2026-02-09 00:00:00,ethereum,253245483591.40662,19286038988.323254,32392564324761.72,140,Antminer S19 XP,3010,0.09925040046738423,0.03424705630027666,9.40346147081212,1.0994962121467824,7.169848929763837,-340.443914861845,380000.0
1770681600000,2104.4577921908335,2026-02-10 00:00:00,ethereum,253911548161.0788,25731465365.115547,41578766585429.305,126,Whatsminer M50,3276,0.06580791327156844,0.03843064077893412,19.257642826831784,0.7709987560718384,5.174081373063797,-248.7591451764254,280000.0
1770768000000,2018.9237788543585,2026-02-11 00:00:00,ethereum,243588125385.22418,23450565532.755688,30000000000000.0,126,Whatsminer M50,3276,0.10447977470466423,0.012169494257738158,8.189866794185296,1.0531386361404154,8.21461780637952,-331.5110417738398,280000.0
1770854400000,1939.4321739711042,2026-02-12 00:00:00,ethereum,234040160527.6989,23726060466.889244,30000000000000.0,126,Whatsminer M50,3276,0.04536375269812321,0.03865345621875104,10.660401765080797,0.984549949536818,3.5666796921372392,-194.13055894467928,280000.0
1770940800000,1945.7351413092624,2026-02-13 00:00:00,ethereum,234801316580.30408,20191974576.36766,30388074752977.258,234,Antminer S21 Pro,3540,0.03274173176780641,0.025677297980102355,16.214082565618533,1.8354100880164663,2.781737530992833,-236.72315662262434,500000.0
1771027200000,2047.3626742531244,2026-02-14 00:00:00,ethereum,247095469776.81912,20594568667.212955,30000000000000.0,234,Antminer S21 Pro,3540,0.048400353521784574,0.018986970338616217,12.213457681677124,1.9696908083358584,4.112094035210818,-272.60543013958215,500000.0
1771113600000,2085.5236826118394,2026-02-15 00:00:00,ethereum,251943149870.57593,16091018722.533241,30000000000000.0,234,Antminer S21 Pro,3540,0.060637040050283364,0.012305862258284905,20.674696464511783,2.0200685316281395,5.151722922672075,-302.2829650646514,500000.0
1771200000000,1963.9572853026268,2026-02-16 00:00:00,ethereum,237059805728.8081,31079407276.992832,30000000000000.0,110,Antminer S19 Pro,3250,0.07595226817136039,0.025018728042112533,20.784856201098158,0.8827416954442681,5.92427691736611,-255.41272332432192,250000.0
1771286400000,2000.6104432030938,2026-02-17 00:00:00,ethereum,241437650925.12573,19705943204.54316,30000000000000.0,140,Antminer S19 XP,3010,0.08536162264870797,0.03383546633472246,0.23785669178768742,1.134107708203622,6.166523620142663,-309.3058106915046,380000.0
1771372800000,1992.004854467171,2026-02-18 00:00:00,ethereum,240295806016.11963,21432577907.82225,32115234556212.645,234,Antminer S21 Pro,3540,0.11195451454929796,0.031212594318000945,18.67311135559678,1.767899343247805,9.511655556108355,-440.6460197191499,500000.0
1771459200000,1954.7534951528544,2026-02-19 00:00:00,ethereum,235735616203.12518,19828649642.21613,30000000000000.0,140,Antminer S19 XP,3010,0.07588686085954119,0.011506780343919214,11.057606405800172,1.1337214735488428,5.482066828493255,-288.7836939816657,380000.0
1771545600000,1946.9092613594232,2026-02-20 00:00:00,ethereum,235006669215.33435,19134139969.172134,31286819806109.297,140,Antminer S19 XP,3010,0.07511480801631563,0.012187055061037105,23.732172991287914,1.0819842464211307,5.426293731098641,-288.66261787365863,380000.0
1771632000000,1967.8121148578189,2026-02-21 00:00:00,ethereum,237381191118.92096,21428203502.98199,31005636172143.93,126,Whatsminer M50,3276,0.03452187088406839,0.022086198478979115,11.597569821010444,0.9832138838321406,2.714247576388993,-168.59767744337222,280000.0
1771718400000,1973.6643315860636,2026-02-22 00:00:00,ethereum,238204433973.60416,10481601460.735386,30000000000000.0,110,Antminer S19 Pro,3250,0.033142039739060145,0.018858714821438298,23.68550268931914,0.8927095323872766,2.5850790996466912,-154.93775368444912,250000.0
1771804800000,1954.1913563168575,2026-02-23 00:00:00,ethereum,235501329876.95392,10142077738.794188,30000000000000.0,234,Antminer S21 Pro,3540,0.07960439657247348,0.016971529691681433,18.10966466893768,1.8839166535935024,6.763189532797347,-354.7115197094487,500000.0
1771891200000,1853.695790383818,2026-02-24 00:00:00,ethereum,223731652427.76767,31366211602.76786,30000000000000.0,126,Whatsminer M50,3276,0.069436075192351,0.018430134967261407,5.966517230719352,0.9608218469504075,5.4593419759234045,-251.6222705358566,280000.0
1771977600000,1852.8102933693347,2026-02-25 00:00:00,ethereum,223610046968.4375,19343806620.90055,36552694090458.45,126,Whatsminer M50,3276,0.10552623554822688,0.03410448229890654,12.921479502886985,0.7756149246823675,8.29689474374379,-342.3050612385094,280000.0
1772064000000,2053.1886740789387,2026-02-26 00:00:00,ethereum,247536737253.7812,26646705598.64601,30000000000000.0,234,Antminer S21 Pro,3540,0.04446116262406606,0.037876841608955616,23.811255347485986,1.937260526779163,3.777420376540653,-263.538128826178,500000.0
1772150400000,2027.3015182289616,2026-02-27 00:00:00,ethereum,244470152452.73337,23012726588.17416,35593563996690.68,140,Antminer S19 XP,3010,0.032247449590534466,0.022153080835826993,20.58073458604617,0.9803466642112154,2.32955575842021,-198.80960615960316,380000.0
1772236800000,1931.3205870910035,2026-02-28 00:00:00,ethereum,233144085915.65958,21664624267.05581,30000000000000.0,126,Whatsminer M50,3276,0.07041348911371133,0.03718333006397491,2.3368054509893064,0.9819314266453761,5.536190168076439,-253.29442890959857,280000.0
1772323200000,1965.036620141305,2026-03-01 00:00:00,ethereum,237260462029.16663,22174654477.74997,30000000000000.0,140,Antminer S19 XP,3010,0.05137307010770317,0.019644871037436458,16.952927923439905,1.1303026688913973,3.711190584580477,-235.75997080400572,380000.0
1772409600000,1938.411487707785,2026-03-02 00:00:00,ethereum,233982481666.26425,22612368031.39022,30617834115253.02,110,Antminer S19 Pro,3250,0.03446529360049537,0.02429310959031375,8.293910060899513,0.8543138848986905,2.688292900838639,-159.1860371448651,250000.0
1772496000000,2029.443994398502,2026-03-03 00:00:00,ethereum,245115922455.21896,25981401238.01784,30000000000000.0,140,Antminer S19 XP,3010,0.0952138458162866,0.01678086993447999,0.16757428512835482,1.1707605235038223,6.878248221768543,-329.55796428127496,380000.0
1772582400000,1982.4582786533451,2026-03-04 00:00:00,ethereum,239664309988.1716,23812766657.95574,30000000000000.0,110,Antminer S19 Pro,3250,0.040043369996152274,0.029214281265275317,9.68354325664799,0.8872229433874841,3.1233828596998774,-171.25146415603848,250000.0
1772668800000,2125.8345858015964,2026-03-05 00:00:00,ethereum,256536391246.6736,34189044586.860294,30000000000000.0,140,Antminer S19 XP,3010,0.08474875500069945,0.03936943345524427,5.634106121399311,1.198192369192452,6.1222500612505275,-306.0550640950756,380000.0
1772755200000,2074.5222481851615,2026-03-06 00:00:00,ethereum,250411621366.98474,22447894281.234646,33612786004548.95,126,Whatsminer M50,3276,0.05529447751502002,0.028104792881301358,19.652862492491316,0.9502491073636729,4.347473000140934,-218.5833834499845,280000.0
1772841600000,1980.7782841320018,2026-03-07 00:00:00,ethereum,239165082328.51263,19315502583.71804,30535729048896.45,126,Whatsminer M50,3276,0.04561464453195198,0.020734422523406466,8.095934612298372,1.0063116606974376,3.586405811680192,-194.0694911961493,280000.0
1772928000000,1969.6937981965013,2026-03-08 00:00:00,ethereum,237705413185.15485,9708504242.945522,30000000000000.0,110,Antminer S19 Pro,3250,0.06417763706273857,0.02943452337971585,19.86056865489161,0.8813103810149148,5.0058556908936085,-227.9030259630275,250000.0
1773014400000,1938.6249253514961,2026-03-09 00:00:00,ethereum,234130530358.1918,16256963053.691586,30000000000000.0,234,Antminer S21 Pro,3540,0.10213011986006583,0.013687620353961627,0.014350532035087404,1.8751532964621478,8.676974983311194,-412.3879839388047,500000.0
1773100800000,1992.355228734493,2026-03-10 00:00:00,ethereum,240568829023.63785,23948772987.557167,30000000000000.0,110,Antminer S19 Pro,3250,0.06528842192141154,0.036659772407961956,7.38765960062686,0.8848136198233538,5.092496909870101,-230.39716536806907,250000.0
1773187200000,2035.2089486782504,2026-03-11 00:00:00,ethereum,245646280321.6054,24001624664.90548,30000000000000.0,110,Antminer S19 Pro,3250,0.097569268428995,0.02509251852339509,5.787965143386287,0.9146980131651351,7.61040293746161,-305.03781439556093,250000.0
1773273600000,2051.7311684113824,2026-03-12 00:00:00,ethereum,247646084116.33203,19128555868.09481,30000000000000.0,140,Antminer S19 XP,3010,0.04129376671192356,0.023480492261189263,5.6056166656466635,1.1755525801995383,2.9830617072693575,-212.55860714542794,380000.0
1773360000000,2076.5162283684745,2026-03-13 00:00:00,ethereum,250636874415.3797,20100511777.3683,30000000000000.0,140,Antminer S19 XP,3010,0.09954942776985712,0.027575943653605575,1.6364788743711047,1.1847636013583172,7.191450662094478,-338.5339451554181,380000.0
1773446400000,2093.00633968562,2026-03-14 00:00:00,ethereum,252501564143.83582,28482320998.799824,30000000000000.0,110,Antminer S19 Pro,3250,0.051323999241598375,0.028743515883682073,4.490982489852041,0.937151498593882,4.003271940844673,-196.1502799341904,250000.0
1773532800000,2096.556369062344,2026-03-15 00:00:00,ethereum,253100179300.2875,9282981861.045782,32059137856927.555,126,Whatsminer M50,3276,0.09096538168999854,0.01215327418679539,13.333189677254877,1.0234077771539258,7.152062169994445,-300.5262984518822,280000.0
1773619200000,2175.059915408281,2026-03-16 00:00:00,ethereum,262512054941.10397,14747913813.60742,30000000000000.0,140,Antminer S19 XP,3010,0.08092033993568967,0.03047851663670207,6.992665748105868,1.23728384154116,5.845685356954221,-296.58537879572515,380000.0
1773705600000,2351.172929558985,2026-03-17 00:00:00,ethereum,283735615158.5437,37734375007.812355,30000000000000.0,234,Antminer S21 Pro,3540,0.11362302454905186,0.017257950409465886,10.01747477589955,2.265961951049618,9.653412165687447,-429.9568397724682,500000.0
1773792000000,2318.1196031651903,2026-03-18 00:00:00,ethereum,279844075617.11676,24944176216.695835,30000000000000.0,140,Antminer S19 XP,3010,0.06485902661777826,0.031418578975197696,9.044805128332523,1.3173848157596681,4.685416082868301,-259.3742713465923,380000.0
1773878400000,2203.380058379178,2026-03-19 00:00:00,ethereum,266107991165.40198,24417846816.558723,30000000000000.0,140,Antminer S19 XP,3010,0.03595486699509964,0.0346760438315259,21.02171819999747,1.2479672204566248,2.5973795917259976,-198.8157044714145,380000.0
1773964800000,2137.450038431429,2026-03-20 00:00:00,ethereum,258058898457.4955,24108916783.710667,30000000000000.0,234,Antminer S21 Pro,3540,0.03172399369961276,0.034118755226575606,21.727175976252372,2.024641835745884,2.6952705047191006,-228.45219340252984,500000.0
1774051200000,2146.971987874902,2026-03-21 00:00:00,ethereum,259208652759.6241,16150931145.105274,30000000000000.0,110,Antminer S19 Pro,3250,0.10441727048754777,0.026575029022236674,11.83096731974064,0.9634611120155665,8.144547098028726,-319.59924624706144,250000.0
1774137600000,2078.0492129718186,2026-03-22 00:00:00,ethereum,251826217028.40793,8184480973.487277,30768173301531.934,234,Antminer S21 Pro,3540,0.07722620738952889,0.025605096769322534,7.923742807574506,1.9361494403577464,6.561138579814375,-347.0830075170322,500000.0
1774224000000,2053.1449566818205,2026-03-23 00:00:00,ethereum,247825857616.28088,15324406138.541382,30000000000000.0,110,Antminer S19 Pro,3250,0.09977196466514543,0.014286278840182352,2.563216896056727,0.9329873247901148,7.782213243881343,-309.6434442394035,250000.0
1774310400000,2151.498274966905,2026-03-24 00:00:00,ethereum,259554597861.1581,28068766677.710217,32331517480547.586,110,Antminer S19 Pro,3250,0.05109830400103632,0.033260384512094066,22.881669105170282,0.889715205596596,3.985667712080833,-197.0452418611938,250000.0
1774396800000,2155.6817607237,2026-03-25 00:00:00,ethereum,260196677160.7846,17313748265.95867,30000000000000.0,110,Antminer S19 Pro,3250,0.061057537096191036,0.01814228141340143,1.4454466776071389,0.9757499433248698,4.762487893502901,-217.76880517200763,250000.0
1774483200000,2168.2595767488515,2026-03-26 00:00:00,ethereum,261686587476.22174,16105449679.631647,30000000000000.0,234,Antminer S21 Pro,3540,0.0327093484990187,0.024900862684538397,7.143606661638731,2.0734260315357464,2.7789862484766292,-229.50013984155984,500000.0
1774569600000,2059.332619583916,2026-03-27 00:00:00,ethereum,248549670710.29474,17644048977.134975,30000000000000.0,110,Antminer S19 Pro,3250,0.11653430921167009,0.0185282227878255,7.1535888280801,0.931771973871574,9.089676118510267,-348.90379100582754,250000.0
1774656000000,1991.9001004362854,2026-03-28 00:00:00,ethereum,240350263112.52786,18794766454.176136,30000000000000.0,126,Whatsminer M50,3276,0.09010811160307321,0.014014850889990793,7.689630867365158,1.0371011507191674,7.0846601666800275,-298.0934371454925,280000.0
1774742400000,1992.7681119939894,2026-03-29 00:00:00,ethereum,240522260218.70126,7979293174.014605,30000000000000.0,234,Antminer S21 Pro,3540,0.11398845789833756,0.028886730906752096,3.9428842385378227,1.897820592149883,9.68445938304276,-441.9324970601197,500000.0
1774828800000,1983.184167632635,2026-03-30 00:00:00,ethereum,239326397494.90433,10326299594.555487,30000000000000.0,126,Whatsminer M50,3276,0.053894676668616505,0.011629961044687115,18.79587434216873,1.0350606720722855,4.237415058393304,-212.7372982562972,280000.0
1774915200000,2023.82401658508,2026-03-31 00:00:00,ethereum,244309802342.48956,17467477810.849476,32854954620701.082,110,Antminer S19 Pro,3250,0.08503172501030948,0.032459357023786,2.9399486871837412,0.8242665477089143,6.632474550804139,-278.4129067595234,250000.0
1775001600000,2104.8765857093113,2026-04-01 00:00:00,ethereum,254040532514.3724,21496491501.1208,30000000000000.0,140,Antminer S19 XP,3010,0.0910649971463374,0.0195276038578335,15.237759819675908,1.2108844103585827,6.578535393851413,-319.36286283811825,380000.0
1775088000000,2139.0578887146285,2026-04-02 00:00:00,ethereum,258116059272.45245,18985751706.48486,30000000000000.0,110,Antminer S19 Pro,3250,0.058579473023182956,0.010004040790134559,2.972304640939619,0.9762505440414109,4.56919889580827,-211.95511721967242,250000.0
1775174400000,2056.8902960008427,2026-04-03 00:00:00,ethereum,248300421924.8768,18107142808.132233,30000000000000.0,126,Whatsminer M50,3276,0.1063298311514067,0.025333874177116893,1.6928553022309574,1.0586446103248583,8.3600766444482,-335.709627690367,280000.0
1775260800000,2053.6088145168164,2026-04-04 00:00:00,ethereum,247829585497.51974,10901803576.733706,30000000000000.0,126,Whatsminer M50,3276,0.1152445316610223,0.011405557255828093,21.826308088461037,1.0720599538909312,9.060986057316217,-356.33444976942525,280000.0
1775347200000,2064.9940579142453,2026-04-05 00:00:00,ethereum,249240961118.02728,6614766426.338903,30956223431520.38,234,Antminer S21 Pro,3540,0.10963696059264039,0.018285086734626983,4.563090391648936,1.9266639801299,9.314756171950728,-429.9760990879582,500000.0
1775433600000,2109.005555869251,2026-04-06 00:00:00,ethereum,254592970362.67072,10308136462.203756,32870009204325.445,140,Antminer S19 XP,3010,0.09651602783454352,0.031209294623671485,19.710003709432904,1.0941321912211894,6.972317850767424,-334.67890311972036,380000.0
1775520000000,2107.828320222534,2026-04-07 00:00:00,ethereum,254578699899.6768,17715610730.53405,32829070026712.188,234,Antminer S21 Pro,3540,0.054971821175245864,0.011880688648655977,13.071140906571259,1.8665335388935378,4.670405927048889,-292.44950497799385,500000.0
1775606400000,2241.8159903072574,2026-04-08 00:00:00,ethereum,270468163882.67227,21326991149.979954,30000000000000.0,126,Whatsminer M50,3276,0.05534544378950686,0.03518015477068007,1.8685564706104705,1.1421663981919075,4.351480172506187,-212.94607989609503,280000.0
1775692800000,2190.478568186725,2026-04-09 00:00:00,ethereum,264371759670.03903,21125273662.90435,30000000000000.0,110,Antminer S19 Pro,3250,0.11670242884014341,0.010114597679757493,22.930756594513618,0.9996069274637621,9.102789449531185,-347.2621423286894,250000.0
1775779200000,2188.9744265525896,2026-04-10 00:00:00,ethereum,264230455241.25476,17278828176.633224,33317837875179.477,140,Antminer S19 XP,3010,0.030925604634212282,0.017404716076057068,5.9270680078054205,1.1363195714540364,2.234065678775495,-191.26571655297707,380000.0
1775865600000,2245.0457222392993,2026-04-11 00:00:00,ethereum,270956686144.31454,16110889862.863766,30000000000000.0,110,Antminer S19 Pro,3250,0.094444497591793,0.03222712168456214,20.631488288462556,1.0016222563365824,7.366670812159854,-295.1181233413648,250000.0
1775952000000,2285.4701387600003,2026-04-12 00:00:00,ethereum,275866964719.991,11696324641.23899,30000000000000.0,110,Antminer S19 Pro,3250,0.0935621546299736,0.019488104491879203,4.05144013882954,1.0330795083679016,7.29784806113794,-292.10972324976785,250000.0
1776038400000,2192.1608453362987,2026-04-13 00:00:00,ethereum,264544626755.8191,14967971355.94253,30000000000000.0,140,Antminer S19 XP,3010,0.08604205868548177,0.013056771641980406,20.49462917140447,1.2694197987383593,6.215678319439203,-306.72108895435866,380000.0
1776124800000,2371.8632958349403,2026-04-14 00:00:00,ethereum,286322430134.9875,23820082860.198566,30000000000000.0,234,Antminer S21 Pro,3540,0.11910979614781791,0.020807017564012837,0.31749150972705564,2.277647168367874,10.11956828071861,-443.5909667038554,500000.0
1776211200000,2323.217827319875,2026-04-15 00:00:00,ethereum,280391279509.0663,24070653200.686302,30000000000000.0,110,Antminer S19 Pro,3250,0.058069149218735266,0.018111798591535767,12.282730957667535,1.0516162832303533,4.529393639061351,-208.4999873415966,250000.0
1776297600000,2359.683410161545,2026-04-16 00:00:00,ethereum,284827964173.4559,17326838284.48319,30000000000000.0,126,Whatsminer M50,3276,0.06059746774139233,0.035281357064816644,18.466621906117364,1.2020917025178413,4.764415303699231,-223.53637470210836,280000.0
1776384000000,2348.7047080527386,2026-04-17 00:00:00,ethereum,283412286692.5497,20472335141.626884,30000000000000.0,110,Antminer S19 Pro,3250,0.03710454626519,0.019400437527554295,22.435092419826802,1.0617577568639787,2.8941546086848198,-159.1385722212919,250000.0
1776470400000,2421.00695362286,2026-04-18 00:00:00,ethereum,292201557219.6431,25049986905.615837,30000000000000.0,140,Antminer S19 XP,3010,0.06985183228893636,0.03366797415328022,21.82085126895569,1.3726603510533695,5.046096364552763,-268.5364137383151,380000.0
1776556800000,2350.9360042357484,2026-04-19 00:00:00,ethereum,283736558086.4004,13349871162.941334,30000000000000.0,140,Antminer S19 XP,3010,0.05349436736113632,0.036756164344322044,19.67099686914348,1.3286718231473842,3.8644330981684876,-234.40617158396643,380000.0
1776643200000,2264.8143990219965,2026-04-20 00:00:00,ethereum,273471912491.04132,16902057633.758123,30000000000000.0,140,Antminer S19 XP,3010,0.060904803195987976,0.023014522587295885,21.316592391871296,1.2982591888254447,4.399762982878171,-251.3784471549151,380000.0
1776729600000,2315.024147296644,2026-04-21 00:00:00,ethereum,279392380110.18536,23156669964.6911,30000000000000.0,234,Antminer S21 Pro,3540,0.10511146112300648,0.03729829431563176,4.781272460089836,2.1856255951840775,8.930269737010631,-410.67265758812994,500000.0
1776816000000,2327.5116327297133,2026-04-22 00:00:00,ethereum,280906616299.54285,17130568289.747871,30000000000000.0,110,Antminer S19 Pro,3250,0.11419360621747461,0.021319541618895786,6.82042309708149,1.050118007739631,8.90710128496302,-339.8761649833683,250000.0
1776902400000,2377.9343971512685,2026-04-23 00:00:00,ethereum,287037182366.73193,20905574032.85398,30000000000000.0,234,Antminer S21 Pro,3540,0.04671597648046671,0.038922352494703244,6.935244598105404,2.2412321669439588,3.968989361780452,-260.1660491784281,500000.0
1776988800000,2330.8275816492055,2026-04-24 00:00:00,ethereum,281372763547.7247,19629913368.43663,30000000000000.0,234,Antminer S21 Pro,3540,0.06352580383981192,0.012678685735767189,9.04929434404077,2.2568212505921625,5.3971522942304215,-302.5432646424811,500000.0
1777075200000,2315.512435446713,2026-04-25 00:00:00,ethereum,279460269416.0835,13635648616.699389,30000000000000.0,140,Antminer S19 XP,3010,0.11357675059038547,0.030610577995097282,9.439696089244528,1.3170009057121332,8.204784462649446,-364.96684004145277,380000.0
1777161600000,2319.1503239938397,2026-04-26 00:00:00,ethereum,279895755954.1626,6121295053.320906,32361956979333.9,140,Antminer S19 XP,3010,0.03556276146203004,0.02481442121370786,13.069327791712212,1.23010824140316,2.56905388801705,-198.50170273175002,380000.0
1777248000000,2369.743028837697,2026-04-27 00:00:00,ethereum,286067495300.5766,11012462134.513592,30000000000000.0,234,Antminer S21 Pro,3540,0.038312447530024066,0.021629464163669412,3.8371143207945932,2.273699785615335,3.255025542150845,-237.77310602939863,500000.0
1777334400000,2299.7704586966606,2026-04-28 00:00:00,ethereum,277513443377.6996,12150745861.189976,41605239618086.086,110,Antminer S19 Pro,3250,0.04465118902856064,0.028981356362458025,16.589919930863744,0.7423190666102008,3.48279274422773,-186.38087699519252,250000.0
1777420800000,2288.0449269490086,2026-04-29 00:00:00,ethereum,276138338870.7167,12066840793.75513,30000000000000.0,126,Whatsminer M50,3276,0.08356915507141872,0.031115712749029936,4.021596943308156,1.1706299998471714,6.570541248335226,-278.66400412130827,280000.0
1777507200000,2253.4583579638706,2026-04-30 00:00:00,ethereum,272009746069.51898,19379367781.632473,30000000000000.0,234,Antminer S21 Pro,3540,0.04354250439053977,0.010130898089509273,7.447403570509141,2.1875390107211437,3.699371173020259,-253.68829820230678,500000.0
1777593600000,2255.980291785015,2026-05-01 00:00:00,ethereum,272335661344.34506,11369388536.740932,30000000000000.0,110,Antminer S19 Pro,3250,0.11712687433056601,0.015008592662415962,12.080283134547697,1.0244082615272438,9.135896197784149,-347.5113047543738,250000.0
1777680000000,2294.6636890449554,2026-05-02 00:00:00,ethereum,276769010103.0854,12312967150.130577,30133560538417.305,140,Antminer S19 XP,3010,0.07020430745326683,0.03139138151902956,19.114573476563457,1.2983113575924894,5.0715591704239955,-271.5307677182785,380000.0
1777766400000,2316.3293345288466,2026-05-03 00:00:00,ethereum,279471189560.5661,6497751064.097067,30000000000000.0,140,Antminer S19 XP,3010,0.07513661643151497,0.029991562407346194,17.747261597729455,1.3183068197256937,5.427869171012641,-281.6202038719417,380000.0
1777852800000,2324.133330261142,2026-05-04 00:00:00,ethereum,280472981497.3088,9355399348.19334,30000000000000.0,110,Antminer S19 Pro,3250,0.052199275422486584,0.038981425153860313,15.492824553852534,1.0296702141836171,4.071543482953953,-195.42286472977676,250000.0
1777939200000,2345.9956663961593,2026-05-05 00:00:00,ethereum,283101054323.2373,23880953186.743664,32320433115715.03,126,Whatsminer M50,3276,0.07238642271912601,0.03283113370752349,3.738558253924084,1.1121331472657099,5.691310099868564,-254.04197524475228,280000.0
1778025600000,2361.0857066652707,2026-05-06 00:00:00,ethereum,284952981344.09186,16430576394.726986,30000000000000.0,140,Antminer S19 XP,3010,0.08957222693733104,0.03852318123194014,13.129088294773865,1.3319602046836676,6.4706976739527935,-312.4954574114071,380000.0
1778112000000,2350.4781193929102,2026-05-07 00:00:00,ethereum,283646020806.41174,21825138299.97193,30000000000000.0,140,Antminer S19 XP,3010,0.09760594232586385,0.031076215046044207,2.0987160431972507,1.336246280197976,7.051053273620404,-329.7775431360062,380000.0
1778198400000,2291.184888890017,2026-05-08 00:00:00,ethereum,276516619989.3092,22081476649.42533,30000000000000.0,140,Antminer S19 XP,3010,0.09784812744389217,0.018941566259183293,9.056716243119618,1.3188508738374267,7.068548726546769,-330.82426891461364,380000.0
1778284800000,2306.8311830289026,2026-05-09 00:00:00,ethereum,278346024281.21814,18394366323.260735,30000000000000.0,110,Antminer S19 Pro,3250,0.08201020014246795,0.013160947667525694,9.92439672695902,1.0494638176475328,6.3967956111125,-264.5866204706157,250000.0
1778371200000,2326.4573018792307,2026-05-10 00:00:00,ethereum,280783646742.2664,11017131520.707546,36955750754143.22,234,Antminer S21 Pro,3540,0.11139237974944714,0.03345471590034807,0.9554745466980918,1.7901318476229877,9.46389658351303,-438.5462754100347,500000.0
1778457600000,2368.837665726271,2026-05-11 00:00:00,ethereum,285963726467.4334,17501460235.16661,31788859033675.87,140,Antminer S19 XP,3010,0.10356670625754984,0.029324476644277477,6.575714387279324,1.2731992445369238,7.4816588600454,-344.58712179858765,380000.0
1778544000000,2339.603401986634,2026-05-12 00:00:00,ethereum,282369663646.8243,15115287938.074223,30000000000000.0,234,Antminer S21 Pro,3540,0.09813433032287629,0.011445580371798887,22.935587214395746,2.2681476764578816,8.33749270423157,-390.413684166544,500000.0
1778630400000,2274.643164858102,2026-05-13 00:00:00,ethereum,274512686207.31485,14692651356.32512,30000000000000.0,126,Whatsminer M50,3276,0.03500449695124146,0.02080151397702935,22.887182587912548,1.1761621481133344,2.752193568294408,-163.94760927209884,280000.0
1778716800000,2257.6171092097293,2026-05-14 00:00:00,ethereum,272478138096.27826,13975758933.83422,30000000000000.0,140,Antminer S19 XP,3010,0.03061901659976844,0.03870399446452858,8.455849302060944,1.2733509156298508,2.211917759167272,-186.49033863945596,380000.0
1778803200000,2281.4964960855596,2026-05-15 00:00:00,ethereum,275345080771.5522,16314146159.781778,30000000000000.0,140,Antminer S19 XP,3010,0.04912025494759256,0.025012034371306037,1.0344026147597774,1.3051479358260478,3.5484472174140866,-225.6323117809745,380000.0
1778889600000,2223.5888907434723,2026-05-16 00:00:00,ethereum,268396651061.30658,16912505585.208876,30000000000000.0,126,Whatsminer M50,3276,0.0897171234522107,0.022981874080591137,4.298278543876357,1.14720308317953,7.053919114306614,-293.8681476004792,280000.0
1778976000000,2179.876738047661,2026-05-17 00:00:00,ethereum,263107467414.07,11230210593.107407,30000000000000.0,140,Antminer S19 XP,3010,0.06700777399942912,0.02373098815477882,9.413227042404962,1.2486540234357582,4.840641593718759,-266.0929604418233,380000.0
1779062400000,2128.0002275811294,2026-05-18 00:00:00,ethereum,256819394719.64435,9287604931.97313,30115373327696.1,234,Antminer S21 Pro,3540,0.06621656333693805,0.01626648172015491,22.746712751261516,2.045081612210439,5.625759221106257,-315.7536616002079,500000.0
1779148800000,2128.491500875394,2026-05-19 00:00:00,ethereum,256878631052.22052,17747081554.3689,30000000000000.0,110,Antminer S19 Pro,3250,0.10961281994066523,0.021061215125943857,3.388777524892438,0.9605783292310766,8.549799955371888,-331.843315450891,250000.0
1779235200000,2111.7475988138285,2026-05-20 00:00:00,ethereum,254883636590.25598,10684756632.328907,34915418927087.55,234,Antminer S21 Pro,3540,0.11060065633186549,0.0210943976796153,18.324380248037095,1.7418683249885145,9.396631761955293,-437.9762364423367,500000.0
1779321600000,2127.2938085253463,2026-05-21 00:00:00,ethereum,256733858594.53214,11880070016.234482,30000000000000.0,110,Antminer S19 Pro,3250,0.11182577376482271,0.011570650605624172,2.60838094499261,0.969345140634141,8.722410353656171,-336.7586230573276,250000.0
1779408000000,2131.694272748801,2026-05-22 00:00:00,ethereum,257402121517.96973,13232124105.785456,30000000000000.0,110,Antminer S19 Pro,3250,0.05824902688635245,0.03302702885553755,23.550181857390644,0.9502646685795052,4.543424097135492,-211.96144952334626,250000.0
1779494400000,2064.3781409811045,2026-05-23 00:00:00,ethereum,249169080012.44092,13157867768.68006,31746027983874.34,234,Antminer S21 Pro,3540,0.09219502314653355,0.02249513295711637,9.158795978619239,1.8701159811245431,7.832889166529491,-387.2165288954818,500000.0
1779580800000,2115.708147579567,2026-05-24 00:00:00,ethereum,255408951155.47876,15881194900.795416,30000000000000.0,234,Antminer S21 Pro,3540,0.05444698631469327,0.0346653966044927,18.605628933577343,2.002913224211164,4.62581595729634,-287.0204153258887,500000.0
1779667200000,2098.138643929662,2026-05-25 00:00:00,ethereum,253223759462.88235,10016986051.91297,30000000000000.0,234,Antminer S21 Pro,3540,0.04715488497670048,0.03551044003359686,8.222185987467164,1.9845416366645448,4.006279027620473,-268.9854550620112,500000.0
1779753600000,2111.2088364861415,2026-05-26 00:00:00,ethereum,254705706468.91397,9520275612.667746,33935248443022.047,234,Antminer S21 Pro,3540,0.04661692116126323,0.01635982164095974,15.06405305181141,1.8003882826293534,3.9605736218609247,-273.1388935102805,500000.0
1779840000000,2070.833946428856,2026-05-27 00:00:00,ethereum,249887411816.00323,14289357242.495832,30000000000000.0,126,Whatsminer M50,3276,0.06078968587772346,0.029720604465103856,4.6083860337608815,1.0610241611052993,4.779528262450129,-228.22178970701154,280000.0
1779926400000,2022.5062490754037,2026-05-28 00:00:00,ethereum,244028506668.3107,13266188767.021996,30000000000000.0,140,Antminer S19 XP,3010,0.06869618578018395,0.024168454124889452,3.504504463127101,1.1579915897303386,4.9626124607604885,-272.47195946423784,380000.0
1780012800000,2007.5624108851769,2026-05-29 00:00:00,ethereum,242251731321.9799,16829611058.685492,30000000000000.0,110,Antminer S19 Pro,3250,0.10478542539495615,0.03640470213764455,22.513539349635153,0.8918032619642228,8.17326318080658,-322.61046423193744,250000.0
1780099200000,2012.230102947315,2026-05-30 00:00:00,ethereum,242817771057.2567,13389782791.04652,30000000000000.0,234,Antminer S21 Pro,3540,0.04079019841254409,0.016472220375293625,22.023534669706404,1.9408535846730626,3.465535257129746,-254.07378350703385,500000.0
1780185600000,2019.175626778262,2026-05-31 00:00:00,ethereum,243678354050.8948,6649283564.115899,31917246993898.613,234,Antminer S21 Pro,3540,0.09614332626554048,0.030334396009301327,21.299254565109177,1.8047639915711533,8.16833699952032,-399.24052357180835,500000.0
1780272000000,2003.971930485462,2026-06-01 00:00:00,ethereum,241848544615.5136,7997871254.165891,30000000000000.0,234,Antminer S21 Pro,3540,0.07783094227703748,0.028232563667581676,15.010402803998243,1.909776202062698,6.612516855857105,-349.4155529471655,500000.0
1780358400000,2003.3651516762716,2026-06-02 00:00:00,ethereum,241630774740.1433,17853069879.427395,30276802328655.594,126,Whatsminer M50,3276,0.05591508084083932,0.018859044327154982,19.398437069190678,1.0284565727932249,4.39626731603015,-217.70098896377442,280000.0
1780444800000,1856.053796035668,2026-06-03 00:00:00,ethereum,223998330354.8286,23020084375.75209,30000000000000.0,234,Antminer S21 Pro,3540,0.0743537626079542,0.014098027109535179,1.656886485872998,1.7945385683005943,6.317095671171789,-344.0100464194692,500000.0
1780531200000,1811.3503544806065,2026-06-04 00:00:00,ethereum,218603067989.72678,22903130202.65802,32958241270610.71,234,Antminer S21 Pro,3540,0.056994786279932035,0.029549192814318295,8.0349370053763,1.5691400718997937,4.842277042343026,-306.5274424466303,500000.0
1780617600000,1769.1790948329233,2026-06-05 00:00:00,ethereum,213353942238.62924,26321504052.23819,30000000000000.0,234,Antminer S21 Pro,3540,0.08364737597144753,0.03215792374396992,7.528874994171749,1.679209177137994,7.106681062534183,-371.15748989521904,500000.0
1780704000000,1580.6197586525523,2026-06-06 00:00:00,ethereum,190674884167.2772,39419487821.76727,30000000000000.0,140,Antminer S19 XP,3010,0.06904595305697198,0.0194688203129005,15.255487726862718,0.909346698457976,4.987879648835655,-280.68932184466377,380000.0
1780790400000,1568.766143257666,2026-06-07 00:00:00,ethereum,189332154992.4709,17844096160.95486,30000000000000.0,126,Whatsminer M50,3276,0.044796497617099085,0.029344978120669413,8.542986563295372,0.8040930394137764,3.522079828646798,-198.2062703436573,280000.0
1780876800000,1687.0442636989208,2026-06-08 00:00:00,ethereum,203483035194.4283,16509959473.19324,30000000000000.0,234,Antminer S21 Pro,3540,0.0404924767100127,0.0218539272283451,3.5641627594483394,1.6182987339318609,3.4402408212826794,-262.99159595385794,500000.0
1780963200000,1690.0951127719102,2026-06-09 00:00:00,ethereum,203763555387.61655,16654264816.130854,30000000000000.0,110,Antminer S19 Pro,3250,0.0792026113864917,0.03139620649847853,14.315209809925049,0.7546796520395025,6.177803688146353,-266.8603877498722,250000.0
1781049600000,1637.8350754267938,2026-06-10 00:00:00,ethereum,197708727281.66705,14127918160.208885,30000000000000.0,110,Antminer S19 Pro,3250,0.1112171729957493,0.015976458246821593,19.545214096057954,0.7429866069051284,8.674939493668445,-342.1252532695662,250000.0
1781136000000,1621.2977067034271,2026-06-11 00:00:00,ethereum,195685388741.0592,13051388908.792965,34113890499701.062,110,Antminer S19 Pro,3250,0.0609561917901917,0.03670645007908523,9.170963867039356,0.6331647862130493,4.754582959634952,-227.80921186932372,250000.0
1781222400000,1671.88909163853,2026-06-12 00:00:00,ethereum,201775713182.1136,11763657711.167143,30000000000000.0,126,Whatsminer M50,3276,0.09597000965003609,0.01862228789396739,3.174449162363561,0.8664167580790751,7.545546038724437,-317.0405450860276,280000.0
1781308800000,1665.0473448741673,2026-06-13 00:00:00,ethereum,200946776683.38855,9602343868.343925,30000000000000.0,126,Whatsminer M50,3276,0.08927952194457903,0.021033579632684585,4.720516735507753,0.8607510699766429,7.019513133370581,-301.4295285684848,280000.0
1781395200000,1678.7301752214464,2026-06-14 00:00:00,ethereum,202495430937.61218,6125140041.837916,30000000000000.0,110,Antminer S19 Pro,3250,0.11383994228785328,0.011742758562410494,5.699599324065216,0.7648147081777287,8.879515498452555,-347.60769037491144,250000.0
1781481600000,1724.6319835654128,2026-06-15 00:00:00,ethereum,208127792180.32346,7779768456.967004,30000000000000.0,234,Antminer S21 Pro,3540,0.10388829155692267,0.013345366369638291,7.197542231868869,1.6687454592438498,8.82634925067615,-423.0614470763024,500000.0
1781568000000,1794.048837218593,2026-06-16 00:00:00,ethereum,216492207073.0023,18208174941.63196,30000000000000.0,126,Whatsminer M50,3276,0.08099447330149166,0.025475857081369842,15.427081692151418,0.9232303075372209,6.36810946885648,-280.01304150624446,280000.0
1781583982000,1771.2476013023786,2026-06-16 04:26:22,ethereum,213757777710.24405,17586068740.331924,30000000000000.0,110,Antminer S19 Pro,3250,0.08913274484106966,0.018027780301839144,14.422691628905255,0.80183277805293,6.9523540976034335,-288.68230625318176,250000.0
1750118400000,87.19451377120998,2025-06-17 00:00:00,litecoin,6639220730.506057,312335922.4112181,30520986419891.65,110,Antminer S19 Pro,3250,0.11085478199256313,0.035064406772265834,16.70591667760894,0.038125496198629504,8.646672995419925,-362.42309164330555,250000.0
1750204800000,84.47351349479052,2025-06-18 00:00:00,litecoin,6419781912.497802,358377214.8113306,32740285198826.83,234,Antminer S21 Pro,3540,0.06595669061282412,0.010440801659648615,8.700047628756316,0.07511551271969395,5.603680434465538,-374.1902809857086,500000.0
1750291200000,85.02164097820658,2025-06-19 00:00:00,litecoin,6457889898.189958,284249151.7712765,30000000000000.0,140,Antminer S19 XP,3010,0.05941152352719996,0.021372821460158085,19.77594364511948,0.048818837696647,4.291888459604925,-285.62542199058163,380000.0
1750377600000,85.11575131315323,2025-06-20 00:00:00,litecoin,6467861513.700184,245465298.52710092,30000000000000.0,126,Whatsminer M50,3276,0.03097299752716767,0.02012036640307278,4.8981038677382465,0.044041880793966245,2.4352209575760306,-188.4020389701286,280000.0
1750464000000,82.84950348863147,2025-06-21 00:00:00,litecoin,6294823115.123301,324674722.72854316,30000000000000.0,234,Antminer S21 Pro,3540,0.10438959667723177,0.010579828927528031,11.256977940435695,0.08038947109178234,8.868940133697611,-471.9898532115082,500000.0
1750550400000,79.71063519990433,2025-06-22 00:00:00,litecoin,6052916511.144345,269408063.97584176,30697010659410.156,110,Antminer S19 Pro,3250,0.10208826303630283,0.013731051970015307,19.222529316994326,0.0354194757288275,7.962884516831621,-341.9906178997505,250000.0
1750636800000,80.14445130250282,2025-06-23 00:00:00,litecoin,6087863003.938739,419500512.0859814,30000000000000.0,110,Antminer S19 Pro,3250,0.039400906629013625,0.022409280247559057,4.323807545582862,0.03611901174981538,3.0732707170630627,-195.2812178260641,250000.0
1750723200000,85.1379470362546,2025-06-24 00:00:00,litecoin,6471958214.4991255,376105211.29920685,30000000000000.0,234,Antminer S21 Pro,3540,0.08191716430194301,0.0247859375334234,2.6367147297787907,0.08142384935994862,6.959682279093079,-414.68108622532725,500000.0
1750809600000,84.78131261914129,2025-06-25 00:00:00,litecoin,6443683289.6145,266256925.46321282,30000000000000.0,126,Whatsminer M50,3276,0.07175835283501986,0.022128692417646072,21.208415224511754,0.04377891848579579,5.641928733300601,-284.61116111111085,280000.0
1750896000000,84.63828175461558,2025-06-26 00:00:00,litecoin,6432893465.484663,286752018.7354363,30000000000000.0,140,Antminer S19 XP,3010,0.04068381859582003,0.025928130352362813,8.230311906220702,0.04837249842664561,2.938999055362039,-245.0521300413951,380000.0
1750982400000,84.33129526621656,2025-06-27 00:00:00,litecoin,6409668188.458929,270977537.0089688,32297199527303.184,140,Antminer S19 XP,3010,0.11825114043546511,0.027853950247170446,16.412882997816766,0.0446804310562125,8.542462385057998,-413.2667919533869,380000.0
1751068800000,84.81879055960836,2025-06-28 00:00:00,litecoin,6446632389.262841,248852717.7555219,30000000000000.0,110,Antminer S19 Pro,3250,0.04932262987170199,0.010297714633835069,0.6083665023345235,0.038699199142982296,3.847165129992755,-218.42064459215987,250000.0
1751155200000,86.30182839318583,2025-06-29 00:00:00,litecoin,6560193139.7897215,208705149.11906156,36715013232435.484,126,Whatsminer M50,3276,0.036051076208150505,0.023922854783605115,16.56112532182679,0.03634669237846524,2.834479815789625,-200.61066036900144,280000.0
1751241600000,87.99783679129132,2025-06-30 00:00:00,litecoin,6686508244.213785,205983527.75282258,30000000000000.0,140,Antminer S19 XP,3010,0.08353626415517186,0.03890497722662765,7.5864314771272925,0.04962254153714347,6.034659722569614,-337.8844487643075,380000.0
1751328000000,86.07485604853117,2025-07-01 00:00:00,litecoin,6547191655.291054,306551522.8350086,30000000000000.0,126,Whatsminer M50,3276,0.09649800094197293,0.025570968403886462,1.3377804860986018,0.044290410820292565,7.587058826061679,-342.94971912390827,280000.0
1751414400000,83.19938636182195,2025-07-02 00:00:00,litecoin,6324297489.083169,318807922.2979684,30000000000000.0,126,Whatsminer M50,3276,0.032919910144246826,0.030326268023768595,14.635506277154809,0.04260189749337486,2.5882950151812625,-193.0374601973033,280000.0
1751500800000,87.33809900104266,2025-07-03 00:00:00,litecoin,6640004897.569615,397676215.5438186,30000000000000.0,110,Antminer S19 Pro,3250,0.08928458748543198,0.019355915737506495,5.779291585756158,0.03948393939758811,6.964197823863695,-311.9080832006499,250000.0
1751587200000,88.97662176563378,2025-07-04 00:00:00,litecoin,6764109527.4558115,644210977.5204477,30000000000000.0,140,Antminer S19 XP,3010,0.0779062688356309,0.03321974134458287,9.28337380924512,0.050471285437294025,5.627948860685976,-325.65766059079385,380000.0
1751673600000,86.87396805743026,2025-07-05 00:00:00,litecoin,6603964044.553598,420436834.5265966,30000000000000.0,234,Antminer S21 Pro,3540,0.03929385079875435,0.03318764445628345,1.9339394948763262,0.08236834728602742,3.33840556386217,-306.0144498306176,500000.0
1751760000000,87.43485192782455,2025-07-06 00:00:00,litecoin,6647967513.736448,205340687.7267358,30000000000000.0,110,Antminer S19 Pro,3250,0.04552714892517258,0.02563888142962417,3.531918026278688,0.03927442660795805,3.551117616163461,-209.5219623533318,250000.0
1751846400000,87.40380934142549,2025-07-07 00:00:00,litecoin,6647164659.549771,243934336.48823926,30000000000000.0,140,Antminer S19 XP,3010,0.08111768675844724,0.039280414698376405,7.15145365190025,0.04926831221440264,5.859941691430229,-332.65353470980807,380000.0
1751932800000,86.07791161720696,2025-07-08 00:00:00,litecoin,6546418316.208922,349545773.35662174,30000000000000.0,140,Antminer S19 XP,3010,0.05667218521619595,0.0137665064428796,2.1542280134437712,0.049809496179384745,4.093998660017995,-279.65900824849166,380000.0
1752019200000,87.6785589941046,2025-07-09 00:00:00,litecoin,6668042766.496718,290955309.2009851,30000000000000.0,140,Antminer S19 XP,3010,0.11444841557861844,0.01050842994668743,21.859830352471565,0.05090332855417001,8.267753541399395,-404.83883971869005,380000.0
1752105600000,90.76133405802098,2025-07-10 00:00:00,litecoin,6906580739.379529,518506626.33160514,30000000000000.0,140,Antminer S19 XP,3010,0.10368662065356457,0.03310474635271288,0.14512903641548203,0.051489773171674184,7.490321476013504,-381.4982844185882,380000.0
1752192000000,94.67733047780915,2025-07-11 00:00:00,litecoin,7200952614.473861,609325356.616815,30000000000000.0,140,Antminer S19 XP,3010,0.11852104858622967,0.03421466612094647,11.612645252743473,0.05364969899185159,8.56196054986923,-413.5826588596547,380000.0
1752278400000,94.21249972458064,2025-07-12 00:00:00,litecoin,7162091747.981659,948875440.3102366,30000000000000.0,126,Whatsminer M50,3276,0.053370375505537256,0.013606216873617287,2.9579389951812347,0.04907293600959367,4.196192403747361,-241.0802506987997,280000.0
1752364800000,92.79126145755784,2025-07-13 00:00:00,litecoin,7058212483.875901,513825417.4467952,30000000000000.0,110,Antminer S19 Pro,3250,0.11727512695181792,0.017967484988758182,7.384298147470765,0.04200860648491835,9.147459902241797,-377.3302055393731,250000.0
1752451200000,94.59945275727617,2025-07-14 00:00:00,litecoin,7191008902.832247,479740256.7984652,30000000000000.0,126,Whatsminer M50,3276,0.06881104828124021,0.010526570900998868,22.22542943563837,0.049428331353075596,5.41019986006423,-277.4898125280013,280000.0
1752537600000,95.48240960812184,2025-07-15 00:00:00,litecoin,7263160205.595168,704156937.2862259,32652156487621.344,234,Antminer S21 Pro,3540,0.06127669157823792,0.018799258323416942,3.8806692785756844,0.08441490284609897,5.206067716487094,-361.98291774256313,500000.0
1752624000000,96.27674433546555,2025-07-16 00:00:00,litecoin,7326368484.526387,681408998.7850418,30000000000000.0,140,Antminer S19 XP,3010,0.03453145742724179,0.03319425621756014,23.179975673239984,0.054613661889179606,2.494552484543947,-231.53149801297636,380000.0
1752710400000,97.53897581627878,2025-07-17 00:00:00,litecoin,7420838096.137645,780993823.3962113,30000000000000.0,110,Antminer S19 Pro,3250,0.034748873207364236,0.02553881583137737,4.939065047746121,0.04381754734449107,2.7104121101744103,-184.16450355156425,250000.0
1752796800000,101.8720685747783,2025-07-18 00:00:00,litecoin,7752285652.221782,1154475579.0420003,30000000000000.0,140,Antminer S19 XP,3010,0.09228101303519892,0.02044286779504864,17.79758660320391,0.05854982151396988,6.66638038166277,-356.56825013779735,380000.0
1752883200000,101.64061436343907,2025-07-19 00:00:00,litecoin,7729050420.79448,2134956836.9914668,30000000000000.0,110,Antminer S19 Pro,3250,0.07121360949906251,0.02115217884718991,13.120254357535481,0.04586567495538969,5.554661540926876,-269.4305426458112,250000.0
1752969600000,113.17888001438212,2025-07-20 00:00:00,litecoin,8611988463.605427,1575226182.2894206,30000000000000.0,126,Whatsminer M50,3276,0.050386946343249514,0.010040608771464045,21.227489462322218,0.059165148767766816,3.9616232692916498,-233.74041028238315,280000.0
1753056000000,116.81497450474652,2025-07-21 00:00:00,litecoin,8900309742.410622,2116275346.3751292,30000000000000.0,110,Antminer S19 Pro,3250,0.08525732756927093,0.018994015826957075,13.295838132075144,0.05282937881531007,6.6500715504031325,-302.0839318143013,250000.0
1753142400000,115.9569366190881,2025-07-22 00:00:00,litecoin,8825623411.131733,1403856908.2573419,30000000000000.0,234,Antminer S21 Pro,3540,0.052757230642510006,0.029393762249137916,12.829421259751408,0.11037438909578658,4.48225431538765,-339.48973112208927,500000.0
1753228800000,119.08761800919198,2025-07-23 00:00:00,litecoin,9059224362.012619,1441587033.0691776,34332372185826.688,234,Antminer S21 Pro,3540,0.08198685789099804,0.03922583331449071,4.690992008841597,0.09804690067288542,6.965603446419194,-414.3600297057226,500000.0
1753315200000,112.3185508782886,2025-07-24 00:00:00,litecoin,8553499764.587461,1439880817.143065,30000000000000.0,110,Antminer S19 Pro,3250,0.06232878722844213,0.03541182480951698,3.9895046892398094,0.049945774754234847,4.861645403818486,-248.5176555385942,250000.0
1753401600000,112.31248403318017,2025-07-25 00:00:00,litecoin,8546726640.698375,1022887227.7316972,30000000000000.0,110,Antminer S19 Pro,3250,0.10411970039506371,0.010707848939365874,21.99573962677234,0.05122216433796401,8.12133663081497,-346.27010066097677,250000.0
1753488000000,113.61874531232598,2025-07-26 00:00:00,litecoin,8645058340.006947,1139720751.536777,30000000000000.0,110,Antminer S19 Pro,3250,0.10386265446901013,0.03695681814024518,7.868116772400818,0.05044301991558194,8.10128704858279,-345.6919875266829,250000.0
1753574400000,114.00402433286135,2025-07-27 00:00:00,litecoin,8679606135.336102,510456071.33469886,32082076868912.58,110,Antminer S19 Pro,3250,0.07296153583101611,0.03349595239895878,8.929974119109502,0.047499382961933845,5.690999794819256,-273.47167902238635,250000.0
1753660800000,114.71690082768733,2025-07-28 00:00:00,litecoin,8732379058.074045,564740620.7084485,30000000000000.0,234,Antminer S21 Pro,3540,0.0615737198401514,0.03341128370712941,18.235767802281323,0.10874207801116795,5.231303237619263,-362.01016812157616,500000.0
1753747200000,108.64321285623063,2025-07-29 00:00:00,litecoin,8267536475.978513,758915782.5431883,30000000000000.0,140,Antminer S19 XP,3010,0.06263038169031851,0.023739872770107143,8.131763578147376,0.06223129405415009,4.524418773308609,-292.1989577109671,380000.0
1753833600000,108.51745700935655,2025-07-30 00:00:00,litecoin,8255877804.934135,615564904.1582073,30000000000000.0,110,Antminer S19 Pro,3250,0.10251430731013961,0.021940158788635086,22.849498719336065,0.04892945340998473,7.996115970190889,-342.58226217009377,250000.0
1753920000000,110.58808015186307,2025-07-31 00:00:00,litecoin,8421261216.24909,764442571.7883196,30000000000000.0,110,Antminer S19 Pro,3250,0.059536153451785076,0.019087471864995778,17.710266455971208,0.050008511613368466,4.643819969239236,-241.9810103954427,250000.0
1754006400000,106.11412786398522,2025-08-01 00:00:00,litecoin,8078191759.62194,650141710.6155901,30000000000000.0,234,Antminer S21 Pro,3540,0.04881534363361614,0.011970845768630974,14.33830182176208,0.10281854882998546,4.147351595112028,-329.6693247217946,500000.0
1754092800000,106.64585785576958,2025-08-02 00:00:00,litecoin,8116619389.814827,1108589883.706693,31119638526566.1,234,Antminer S21 Pro,3540,0.03762195076877761,0.016847060904810973,21.14148385307406,0.09912433485500877,3.196360937315346,-301.2504314071434,500000.0
1754179200000,106.43241232696334,2025-08-03 00:00:00,litecoin,8110244397.046775,883215577.2234467,30000000000000.0,126,Whatsminer M50,3276,0.07200238087959675,0.017398109049340738,1.190541800387586,0.05522486847768397,5.661115194277414,-284.84337644065863,280000.0
1754265600000,110.46941958625,2025-08-04 00:00:00,litecoin,8410556023.245414,582815700.7357017,30000000000000.0,110,Antminer S19 Pro,3250,0.07339188890278577,0.024522312091306047,6.16950461254101,0.04967807301440482,5.72456733441729,-274.4133445087532,250000.0
1754352000000,121.18423239882743,2025-08-05 00:00:00,litecoin,9224471236.621843,1236473426.2881362,30000000000000.0,126,Whatsminer M50,3276,0.10568178393626164,0.03242333219790082,11.160872021301838,0.06191768244300537,8.309124580204635,-364.0828735995156,280000.0
1754438400000,120.36713881777632,2025-08-06 00:00:00,litecoin,9177654844.878752,1780190786.842012,30000000000000.0,234,Antminer S21 Pro,3540,0.04991148268014576,0.0242142948519384,5.447484947316505,0.11518366420608041,4.240479568505184,-332.09221046230647,500000.0
1754524800000,119.32744116295628,2025-08-07 00:00:00,litecoin,9088177597.531656,865634239.7743108,30000000000000.0,234,Antminer S21 Pro,3540,0.064289214630156,0.01173533348341482,17.853724495251647,0.11564905738559302,5.462011674978053,-368.72421186110716,500000.0
1754611200000,122.56716084446933,2025-08-08 00:00:00,litecoin,9314166968.357698,1098052508.1962395,30849237942022.297,140,Antminer S19 XP,3010,0.10275651650043217,0.03873369402964612,22.060992745289404,0.06722570106542354,7.42313075199122,-379.0104848611073,380000.0
1754697600000,123.93437353004454,2025-08-09 00:00:00,litecoin,9445659837.086712,1075043610.6198313,30000000000000.0,110,Antminer S19 Pro,3250,0.10412612496740761,0.038281729572823366,10.170482878342161,0.054947124721581204,8.121837747457795,-346.17338534875313,250000.0
1754784000000,120.50544288308949,2025-08-10 00:00:00,litecoin,9181962713.467182,775086192.8194301,30000000000000.0,126,Whatsminer M50,3276,0.06461499683808913,0.03355568629445225,8.211182402685479,0.06149880646306611,5.08028951139792,-267.23038781471234,280000.0
1754870400000,123.80995049520597,2025-08-11 00:00:00,litecoin,9431277721.722492,844483391.6095089,30000000000000.0,234,Antminer S21 Pro,3540,0.07132116209580128,0.039739837046926615,23.07721757130159,0.11659313057487697,6.059445931659277,-386.61891736586534,500000.0
1754956800000,120.30862892792014,2025-08-12 00:00:00,litecoin,9164970323.354607,1281509925.743223,30000000000000.0,234,Antminer S21 Pro,3540,0.05729573017643546,0.02633446998400789,10.67645838786098,0.11487752598988127,4.867845235789957,-350.92236462733564,500000.0
1755043200000,130.79623281126348,2025-08-13 00:00:00,litecoin,9968516391.83088,1293240347.2759202,30000000000000.0,126,Whatsminer M50,3276,0.11392993905773809,0.03888305050759618,11.737161610782797,0.06638266151156473,8.957627528475598,-383.4040126755877,280000.0
1755129600000,130.95841495874757,2025-08-14 00:00:00,litecoin,9974742387.503927,1190160421.7675955,30000000000000.0,140,Antminer S19 XP,3010,0.04067793891674223,0.012268151218502523,8.439596936205728,0.07589499681446692,2.9385743073454584,-244.2137126492631,380000.0
1755216000000,121.40117693949556,2025-08-15 00:00:00,litecoin,9252721808.175106,1295626245.330474,30000000000000.0,234,Antminer S21 Pro,3540,0.1140374480701323,0.020970422447841138,21.82916335229132,0.11655937521811567,9.68862158803844,-495.49519971794314,500000.0
1755302400000,118.96186655017937,2025-08-16 00:00:00,litecoin,9062962679.419939,947312344.5928208,34197000122285.098,110,Antminer S19 Pro,3250,0.09154798066518088,0.016761438040202976,13.654931598764417,0.04730480390752259,7.140742491884109,-316.9697973059643,250000.0
1755388800000,120.8682011273418,2025-08-17 00:00:00,litecoin,9201430256.552608,579493321.443248,30000000000000.0,234,Antminer S21 Pro,3540,0.07784149374180581,0.0158749925240281,18.292190092359473,0.11665163427867863,6.613413308303822,-403.23618355408763,500000.0
1755475200000,121.09687168371397,2025-08-18 00:00:00,litecoin,9228478128.935282,628767993.6329743,30000000000000.0,110,Antminer S19 Pro,3250,0.03293931547060463,0.014224088466780282,19.483361240421274,0.05503214675800695,2.5692666067071612,-179.59370046514127,250000.0
1755561600000,117.60107139372343,2025-08-19 00:00:00,litecoin,8956045377.321972,707180144.2478609,30000000000000.0,126,Whatsminer M50,3276,0.07280365726398075,0.028672409246979898,8.204377006014196,0.06031984160808648,5.724114748723222,-286.58051388012075,280000.0
1755648000000,112.52767285418741,2025-08-20 00:00:00,litecoin,8576838425.016319,695330258.9711639,36207251206387.195,110,Antminer S19 Pro,3250,0.06669732945024591,0.033439655672419154,10.408663951689121,0.0415450550849421,5.202391697119181,-258.99206592769383,250000.0
1755734400000,116.07657994576094,2025-08-21 00:00:00,litecoin,8856622972.855389,577442964.6192896,30000000000000.0,126,Whatsminer M50,3276,0.04450969307776103,0.02734895198261082,20.363322585750353,0.05961902257546044,3.499530108545883,-219.86399924577935,280000.0
1755820800000,114.53360891367224,2025-08-22 00:00:00,litecoin,8721450387.482407,458726500.6798623,30000000000000.0,110,Antminer S19 Pro,3250,0.08907686431505912,0.01440888128764629,8.718128440219445,0.05203973253350497,6.947995416574612,-311.0453371878999,250000.0
1755907200000,122.86051271148945,2025-08-23 00:00:00,litecoin,9364577115.484173,830635051.8289796,30000000000000.0,126,Whatsminer M50,3276,0.11740358166314571,0.03433371309800413,19.054443202844432,0.06265021734994591,9.230739204683168,-391.70933628666336,280000.0
1755993600000,121.30688386198435,2025-08-24 00:00:00,litecoin,9245827058.94066,459023477.55523306,30000000000000.0,110,Antminer S19 Pro,3250,0.08059699299580726,0.029078641214911854,22.58381574178649,0.05429687447108798,6.286565453672966,-291.134724042723,250000.0
1756080000000,118.26320218670334,2025-08-25 00:00:00,litecoin,9024738990.591331,691150526.9346027,30000000000000.0,140,Antminer S19 XP,3010,0.09432779487995512,0.021644971183809866,14.957048953632167,0.0678870278480074,6.814239902127957,-360.7239195617318,380000.0
1756166400000,109.39563713913786,2025-08-26 00:00:00,litecoin,8336994005.08357,946047648.5524024,31214085219079.996,110,Antminer S19 Pro,3250,0.03616054073094151,0.030223908866081887,17.799054898845334,0.04700536689307757,2.8205221770134377,-187.3721709702775,250000.0
1756252800000,113.51198070666055,2025-08-27 00:00:00,litecoin,8652464638.401758,552951138.2599785,33211576128750.78,110,Antminer S19 Pro,3250,0.06759002962352953,0.017797149377284986,19.322335488987235,0.046428001453433745,5.272022310635303,-260.93449594212274,250000.0
1756339200000,112.13224646582667,2025-08-28 00:00:00,litecoin,8549713454.408978,563812675.3108544,30000000000000.0,140,Antminer S19 XP,3010,0.04047226366480463,0.020355766254826314,20.28095157351942,0.06445247350288372,2.923716327145486,-244.11124894261138,380000.0
1756425600000,113.67962068865508,2025-08-29 00:00:00,litecoin,8663821996.884052,446683192.26661694,30000000000000.0,234,Antminer S21 Pro,3540,0.08515162519828594,0.03752457529395971,9.481280108563103,0.10730025804273766,7.234482076846374,-422.14878789744245,500000.0
1756512000000,109.96803923235993,2025-08-30 00:00:00,litecoin,8384014577.800779,584883496.3083521,32389108049611.234,234,Antminer S21 Pro,3540,0.1144633942392739,0.018715135170142613,1.2303230202239561,0.09801946992591233,9.724809974568712,-497.1370484726173,500000.0
1756598400000,110.70863747056706,2025-08-31 00:00:00,litecoin,8440755717.000929,327312486.6346032,30000000000000.0,110,Antminer S19 Pro,3250,0.08955999592244747,0.024099648044738096,9.64503050968175,0.04980722083211585,6.985679681950902,-312.2428405002302,250000.0
1756684800000,108.91599056930494,2025-09-01 00:00:00,litecoin,8306989343.84629,324492861.51893866,30000000000000.0,140,Antminer S19 XP,3010,0.036912274348297934,0.03670423412188044,16.170149514818156,0.061559059571153076,2.6665426989210426,-236.48284251383,380000.0
1756771200000,108.46769319068763,2025-09-02 00:00:00,litecoin,8268663383.560483,509989885.0710905,30000000000000.0,110,Antminer S19 Pro,3250,0.061919958448657456,0.031231640508025824,10.808409258739026,0.04844240308660968,4.8297567589952815,-247.60609734392685,250000.0
1756857600000,111.65964396836841,2025-09-03 00:00:00,litecoin,8507601458.066671,581331850.5724739,30000000000000.0,126,Whatsminer M50,3276,0.07955970414967664,0.011866096784941082,17.975115620649564,0.05826331997418811,6.255302179064175,-302.5778324393663,280000.0
1756944000000,112.93809108856333,2025-09-04 00:00:00,litecoin,8612918428.924242,435224347.1292931,30000000000000.0,126,Whatsminer M50,3276,0.0662886980519927,0.01441909132836911,8.567578307247933,0.05877815018477487,5.2118825956398735,-271.2598000303196,280000.0
1757030400000,111.10474983967215,2025-09-05 00:00:00,litecoin,8476870927.153409,368494471.3602385,30000000000000.0,110,Antminer S19 Pro,3250,0.10502796094276551,0.010235247723157506,15.23385938649671,0.05069556159424839,8.19218095353571,-348.4112284249106,250000.0
1757116800000,112.0897651892183,2025-09-06 00:00:00,litecoin,8545663183.655892,515331503.6313866,30000000000000.0,234,Antminer S21 Pro,3540,0.10332039042389903,0.0289276537068749,4.47407531649539,0.10674463273534539,8.778100370414462,-468.4740054637068,500000.0
1757203200000,112.12269778020817,2025-09-07 00:00:00,litecoin,8551852915.279329,268329142.93464962,30000000000000.0,234,Antminer S21 Pro,3540,0.08506479180928993,0.02343020276231255,17.984866479478967,0.10738047693811292,7.227104712117273,-421.9250603887081,500000.0
1757289600000,114.97439883606002,2025-09-08 00:00:00,litecoin,8769804422.57886,371135794.5643903,30616057681446.816,110,Antminer S19 Pro,3250,0.06361121506194348,0.014028245527068266,13.09670325151262,0.05120860409410156,4.961674774831591,-251.4806517887914,250000.0
1757376000000,112.6736685051471,2025-09-09 00:00:00,litecoin,8591894684.103176,612832393.394904,30000000000000.0,110,Antminer S19 Pro,3250,0.05298027363869197,0.03873802363170311,4.897545325118414,0.04993091530129537,4.132461343817973,-226.642579522167,250000.0
1757462400000,111.98136069427463,2025-09-10 00:00:00,litecoin,8542468393.219153,559004322.3684245,30000000000000.0,126,Whatsminer M50,3276,0.03952868863918164,0.025889791718368596,7.005868163947374,0.057601928521209135,3.1079036155670168,-208.17571727804088,280000.0
1757548800000,117.37549341448891,2025-09-11 00:00:00,litecoin,8946392967.037264,679043386.1185497,30000000000000.0,234,Antminer S21 Pro,3540,0.06194079151378986,0.017256798823386675,17.966609005963978,0.11312171486126707,5.262489647011587,-362.8143712978429,500000.0
1757635200000,115.90244027844963,2025-09-12 00:00:00,litecoin,8842163625.138222,647083639.9837666,30000000000000.0,110,Antminer S19 Pro,3250,0.06718552654869475,0.025018107134641226,11.582429655876496,0.0520948100855076,5.240471070798191,-259.8179544880471,250000.0
1757721600000,118.19546386962303,2025-09-13 00:00:00,litecoin,9020433596.00716,703637621.4472172,30000000000000.0,126,Whatsminer M50,3276,0.09082406325936662,0.030388609982053234,5.184754569433733,0.0605176014502739,7.140951149704441,-329.07967311429167,280000.0
1757808000000,119.29990919573402,2025-09-14 00:00:00,litecoin,9101740752.65376,714459287.4080075,30000000000000.0,234,Antminer S21 Pro,3540,0.0892343841867816,0.012287176539206935,23.214508568887144,0.1155578110444382,7.581353280508965,-432.30719741726915,500000.0
1757894400000,115.14991303422664,2025-09-15 00:00:00,litecoin,8785397465.766422,644621294.3053315,30000000000000.0,140,Antminer S19 XP,3010,0.036309732567713124,0.01824111445143676,17.16300047560531,0.06632986821573478,2.6230150806915957,-235.03388970760915,380000.0
1757980800000,113.72812123760494,2025-09-16 00:00:00,litecoin,8676936230.375837,548929371.9913502,30000000000000.0,126,Whatsminer M50,3276,0.06557333838880419,0.03420896472651981,22.971235980955107,0.05800083202451659,5.155638157481341,-269.5957864303714,280000.0
1758067200000,114.981232333193,2025-09-17 00:00:00,litecoin,8773728183.101309,524508739.612305,30000000000000.0,234,Antminer S21 Pro,3540,0.04636009804956257,0.023789946112079838,10.250521088648238,0.11007754529614594,3.9387539302908365,-323.19362488317404,500000.0
1758153600000,117.06243141513526,2025-09-18 00:00:00,litecoin,8935110253.114082,619286276.3378711,30000000000000.0,234,Antminer S21 Pro,3540,0.04411314347851251,0.026397314260968845,11.402408176601291,0.11177065726279972,3.747852669934423,-317.415793713482,500000.0
1758240000000,118.28437291867637,2025-09-19 00:00:00,litecoin,9027835353.252048,645934510.4439123,30000000000000.0,126,Whatsminer M50,3276,0.10445719347635213,0.022984480066284077,21.55092518844046,0.061025595121800655,8.212842379884709,-361.2211702095539,280000.0
1758326400000,114.0472271215825,2025-09-20 00:00:00,litecoin,8698046149.713163,516627684.35519487,30000000000000.0,140,Antminer S19 XP,3010,0.033772369504463176,0.011316998279290153,12.601184165889231,0.06615801672874813,2.4397159730024196,-229.5400720215435,380000.0
1758412800000,113.872283587663,2025-09-21 00:00:00,litecoin,8687425020.78468,304911761.41443735,30250208139596.65,126,Whatsminer M50,3276,0.06772645883119091,0.014972493394604679,16.974693885736013,0.05874115272114893,5.324925099143554,-274.6521850593388,280000.0
1758499200000,114.14399609765512,2025-09-22 00:00:00,litecoin,8712880886.303545,347578563.43854004,30000000000000.0,234,Antminer S21 Pro,3540,0.045138329018986637,0.023366249162256728,6.052149059892719,0.10932344350388098,3.834952433453105,-320.1022030318101,500000.0
1758585600000,105.83701173798529,2025-09-23 00:00:00,litecoin,8080849746.358502,854801764.9254891,30000000000000.0,110,Antminer S19 Pro,3250,0.10913971941106265,0.016275563962237834,10.721435248863372,0.04799725028548058,8.512898114062887,-358.1136925799889,250000.0
1758672000000,106.18395741471893,2025-09-24 00:00:00,litecoin,8106207759.842474,472325132.4342712,35677766379308.375,110,Antminer S19 Pro,3250,0.08013364619475316,0.011499370859790362,2.9627967794485226,0.04068785392226171,6.250424403190746,-290.4587631447212,250000.0
1758758400000,105.63718913677596,2025-09-25 00:00:00,litecoin,8061824633.388532,541827948.1387328,30000000000000.0,126,Whatsminer M50,3276,0.05082425727391632,0.035309489921554714,4.94352086104708,0.05381310258545227,3.9960064039043965,-234.93246570623498,280000.0
1758844800000,102.13186501929682,2025-09-26 00:00:00,litecoin,7799287231.788328,583267846.3504511,30000000000000.0,234,Antminer S21 Pro,3540,0.07521845584497387,0.03943577587492347,0.022641966423146087,0.0962091042769937,6.390560008588981,-397.1638604626929,500000.0
1758931200000,104.62993366176015,2025-09-27 00:00:00,litecoin,7986677083.586704,396219984.58750254,30000000000000.0,110,Antminer S19 Pro,3250,0.09583377237328042,0.03379428621990218,0.9423612395678456,0.04660482487597549,7.4750342451158724,-327.01954927386356,250000.0
1759017600000,104.46748963269711,2025-09-28 00:00:00,litecoin,7975959669.414611,260243109.6122556,34819770428934.41,234,Antminer S21 Pro,3540,0.11623062080274904,0.03561354765114001,23.454811756246304,0.08512480146646409,9.87495354340156,-502.0281955913862,500000.0
1759104000000,106.79839544288862,2025-09-29 00:00:00,litecoin,8157667969.238918,292529431.6149912,30000000000000.0,126,Whatsminer M50,3276,0.0498401403820877,0.01725931390951136,5.816488683282295,0.055422594592892234,3.918631197401263,-232.5629247509178,280000.0
1759190400000,106.83456205206005,2025-09-30 00:00:00,litecoin,8152921518.375804,457692728.8164663,33723198012803.85,110,Antminer S19 Pro,3250,0.10975635949164106,0.03881880926539599,15.919457028096048,0.042112872817233145,8.560996040348003,-359.7331616925898,250000.0
1759276800000,106.8888085430267,2025-10-01 00:00:00,litecoin,8161730433.386563,431615873.4975513,30000000000000.0,234,Antminer S21 Pro,3540,0.11408737027507412,0.015907771133602852,20.138392771190677,0.10315648603206475,9.692862978570298,-496.0245281094803,500000.0
1759363200000,115.06687777106265,2025-10-02 00:00:00,litecoin,8789349880.145548,808254205.6638755,30000000000000.0,110,Antminer S19 Pro,3250,0.11247784900788596,0.03854289431085497,13.215851021677542,0.051001807949425645,8.773272222615105,-365.83477910663703,250000.0
1759449600000,119.6368317454063,2025-10-03 00:00:00,litecoin,9125191788.70587,1478673971.4244776,30000000000000.0,126,Whatsminer M50,3276,0.08718729211757188,0.03984457881897853,3.6754680020149486,0.060658215646674965,6.855013655451971,-320.4973298608256,280000.0
1759536000000,120.5011351645648,2025-10-04 00:00:00,litecoin,9197048797.176481,1113555151.799275,30000000000000.0,234,Antminer S21 Pro,3540,0.0866838588991237,0.03135168417238146,17.474794496067993,0.11446844076643971,7.36466065206955,-425.8390996724267,500000.0
1759622400000,120.42821442197699,2025-10-05 00:00:00,litecoin,9199245196.77299,513519375.5353129,30000000000000.0,110,Antminer S19 Pro,3250,0.06628895698654405,0.03943431195375466,14.406033842389993,0.05332865684291479,5.170538644950436,-257.6829663098923,250000.0
1759708800000,118.8473929105979,2025-10-06 00:00:00,litecoin,9078024598.809954,810945084.8372343,30000000000000.0,126,Whatsminer M50,3276,0.09771580940734091,0.02708619338701311,17.550014144337002,0.061058652376755194,7.682807798842771,-345.31914106064715,280000.0
1759795200000,118.38717318392834,2025-10-07 00:00:00,litecoin,9048665219.582987,705811046.5708206,33015981104573.742,110,Antminer S19 Pro,3250,0.07781646165158387,0.01778625349528271,18.47391894857009,0.048709428614467275,6.069684008823542,-284.7959040729389,250000.0
1759881600000,117.0474446554107,2025-10-08 00:00:00,litecoin,8937047031.697453,733977106.3829975,30000000000000.0,110,Antminer S19 Pro,3250,0.0909694264105465,0.023109876569968626,23.409848824433883,0.05271242360120079,7.095615260022628,-315.4537517593095,250000.0
1759968000000,118.58340303274872,2025-10-09 00:00:00,litecoin,9054936630.191921,583487595.7821153,31668866875746.79,140,Antminer S19 XP,3010,0.06856121134639159,0.02780682806136358,13.76551872064104,0.06407754815465391,4.952861907663328,-304.9968641185935,380000.0
1760054400000,125.95331082923883,2025-10-10 00:00:00,litecoin,9621038463.310558,1214103580.5457845,30000000000000.0,140,Antminer S19 XP,3010,0.09583468176388252,0.01219244686081045,8.199386704574444,0.0729999579688594,6.923097410622873,-363.8362569129538,380000.0
1760140800000,98.27870622458583,2025-10-11 00:00:00,litecoin,7509599498.98692,3578266255.5106516,30000000000000.0,126,Whatsminer M50,3276,0.1042024365844094,0.028670297938517383,15.563149365605689,0.050409140055325964,8.192812374012604,-360.938763685385,280000.0
1760227200000,93.43600360548106,2025-10-12 00:00:00,litecoin,7139423737.807111,2015746756.1391754,30000000000000.0,140,Antminer S19 XP,3010,0.04317926309425345,0.03943533510286883,1.6425770218230271,0.05266008321228849,3.119269965928869,-250.33162981483076,380000.0
1760313600000,98.48012014491758,2025-10-13 00:00:00,litecoin,7509927203.961402,1177890332.1089895,30000000000000.0,126,Whatsminer M50,3276,0.10496367440168052,0.015703229493511828,21.537535639718072,0.05118678101473934,8.25266393615773,-362.7109813209564,280000.0
1760400000000,99.45414747098891,2025-10-14 00:00:00,litecoin,7595538990.135278,1210158319.6665378,30000000000000.0,140,Antminer S19 XP,3010,0.07862668786112764,0.0337778534886515,2.865144272116723,0.05638201153352049,5.67999193108786,-327.0416309199635,380000.0
1760486400000,97.42033595514906,2025-10-15 00:00:00,litecoin,7449645439.120971,1168026058.0066211,30000000000000.0,110,Antminer S19 Pro,3250,0.10601993181812018,0.03723696381338858,7.868228109259638,0.04323887240430062,8.269554681813375,-350.95614094893887,250000.0
1760572800000,95.26656186963115,2025-10-16 00:00:00,litecoin,7276323682.460658,728076838.4835117,31214639101408.78,126,Whatsminer M50,3276,0.0688171535706913,0.038311047784606624,19.5778891350269,0.04649660510834781,5.410679882342033,-277.5921649836772,280000.0
1760659200000,91.63921717372352,2025-10-17 00:00:00,litecoin,7001755653.805944,849132128.5983562,30000000000000.0,126,Whatsminer M50,3276,0.06411364368447316,0.038804068132163416,14.335497079937085,0.046513228339620724,5.040871121048017,-266.4974034479186,280000.0
1760745600000,90.12023733435798,2025-10-18 00:00:00,litecoin,6886187870.18157,1047518689.8086468,30000000000000.0,110,Antminer S19 Pro,3250,0.11235546592655002,0.025643789161644157,9.44725248665861,0.04048045763711854,8.763726342270902,-365.8640432056802,250000.0
1760832000000,91.6915469110268,2025-10-19 00:00:00,litecoin,7008046108.006892,410487236.2350314,30000000000000.0,126,Whatsminer M50,3276,0.05260523407935611,0.03931923723974511,11.362455825000513,0.04651484551156099,4.136033924255295,-239.35223902897866,280000.0
1760918400000,93.29532840851193,2025-10-20 00:00:00,litecoin,7133373268.61656,481383918.915861,30000000000000.0,126,Whatsminer M50,3276,0.10597910927575288,0.03271930621403316,20.509137436852328,0.04765358807921023,8.332501487696794,-365.2121036551942,280000.0
1761004800000,94.25338472604682,2025-10-21 00:00:00,litecoin,7220720096.070266,511906449.4339897,30000000000000.0,140,Antminer S19 XP,3010,0.07356185152584636,0.014850143087108856,8.160105265437412,0.054480355549738776,5.314108154227141,-316.1221672936554,380000.0
1761091200000,92.91805414046104,2025-10-22 00:00:00,litecoin,7105814193.931866,728830136.2321562,30000000000000.0,126,Whatsminer M50,3276,0.07626858982961338,0.024307003194039098,20.87159243549211,0.04787364368872285,5.996541606763522,-295.12670555891066,280000.0
1761177600000,91.91664602604281,2025-10-23 00:00:00,litecoin,7026995239.299145,749990853.8869848,30000000000000.0,234,Antminer S21 Pro,3540,0.057762145334053557,0.031549935261160116,2.115226343440596,0.08729711727202553,4.907471867581191,-352.9385758426083,500000.0
1761264000000,94.00111831914619,2025-10-24 00:00:00,litecoin,7183848414.570883,493121227.34971607,30000000000000.0,110,Antminer S19 Pro,3250,0.08157379805571141,0.0174202094745725,18.64316249300714,0.04258005095446052,6.36275624834549,-293.77195258839754,250000.0
1761350400000,96.3722845418245,2025-10-25 00:00:00,litecoin,7365450554.79611,519913473.8124245,30000000000000.0,140,Antminer S19 XP,3010,0.059269007664859014,0.02921845550646662,20.341143193313673,0.05489266868433549,4.281593113709415,-285.13434668408576,380000.0
1761436800000,97.0114643186617,2025-10-26 00:00:00,litecoin,7411945402.962144,320821935.0983948,30000000000000.0,140,Antminer S19 XP,3010,0.033534247281748704,0.029998014371398575,4.36362366809613,0.05521236658211726,2.4225140236335263,-229.35238304487558,380000.0
1761523200000,99.98634414129837,2025-10-27 00:00:00,litecoin,7646224887.768961,441471806.309271,30000000000000.0,234,Antminer S21 Pro,3540,0.05447987448099204,0.014880992314256977,10.32831677693281,0.09659572120113197,4.628610135905085,-344.2937657744519,500000.0
1761609600000,99.37011812661203,2025-10-28 00:00:00,litecoin,7588659275.814225,817625972.0934129,30000000000000.0,110,Antminer S19 Pro,3250,0.03057411390659316,0.026952559373582687,3.971994591927735,0.04457538981301065,2.3847808847142664,-174.37283151370434,250000.0
1761696000000,96.74305740295485,2025-10-29 00:00:00,litecoin,7401179135.953568,1653803231.0706356,30000000000000.0,110,Antminer S19 Pro,3250,0.11805193083511709,0.03314880732935823,16.958499095861228,0.0431205979680292,9.208050605139134,-379.1145668817998,250000.0
1761782400000,98.55494358095383,2025-10-30 00:00:00,litecoin,7539486692.139558,864882085.0849125,30000000000000.0,140,Antminer S19 XP,3010,0.11691724888377727,0.024966869936078256,12.848346433479762,0.05638173886341667,8.446102059364069,-410.02494294835293,380000.0
1761868800000,93.32911326887188,2025-10-31 00:00:00,litecoin,7131694336.678427,777588380.9713097,35856490077091.34,126,Whatsminer M50,3276,0.06556397677250746,0.010363093503283223,15.247760320999705,0.04080653237920357,5.154902109761626,-270.08953398813935,280000.0
1761955200000,95.56679494610212,2025-11-01 00:00:00,litecoin,7308634517.412515,566158548.582812,30000000000000.0,140,Antminer S19 XP,3010,0.09555337689056814,0.010271154072378766,4.715687206949068,0.055496287171481716,6.902775946574642,-363.75172311542815,380000.0
1762041600000,101.37549984732986,2025-11-02 00:00:00,litecoin,7753268154.440088,657065489.4195893,30000000000000.0,110,Antminer S19 Pro,3250,0.06112254885693825,0.020710880319100365,5.0819006892580685,0.045766665024066254,4.767558810841184,-245.82043104118017,250000.0
1762128000000,99.3538224010288,2025-11-03 00:00:00,litecoin,7596555919.685817,598583982.810961,30000000000000.0,234,Antminer S21 Pro,3540,0.09039838413773785,0.03778582205295346,0.9959358122377528,0.09375292653638909,7.680246716342208,-435.9281470275079,500000.0
1762214400000,87.29910923080126,2025-11-04 00:00:00,litecoin,6678088506.072668,964733189.513332,30000000000000.0,140,Antminer S19 XP,3010,0.10248870387413811,0.016860303388108264,7.729620844697513,0.050357681187898636,7.403783967867737,-378.93612193372843,380000.0
1762300800000,85.56686782425187,2025-11-05 00:00:00,litecoin,6535441362.592466,1074170964.204102,30000000000000.0,110,Antminer S19 Pro,3250,0.11520806202230166,0.029030910666150614,13.433871872008199,0.03830155166386583,8.98622883773953,-372.6044852489366,250000.0
1762387200000,89.58935568592844,2025-11-06 00:00:00,litecoin,6856285671.0944605,641711718.2069283,30000000000000.0,140,Antminer S19 XP,3010,0.06601910482647048,0.016662276120799617,20.590437935935892,0.05168919791981869,4.769220132664228,-299.8592613756656,380000.0
1762473600000,86.89668585491623,2025-11-07 00:00:00,litecoin,6642800293.222646,528970399.3463555,30000000000000.0,126,Whatsminer M50,3276,0.10049681846604429,0.019650099689786458,16.006258739008338,0.04498497787648153,7.901461855074266,-352.3609729826002,280000.0
1762560000000,101.77615291109353,2025-11-08 00:00:00,litecoin,7791944624.153808,1500750885.4200344,30000000000000.0,140,Antminer S19 XP,3010,0.05393356055689069,0.03544126268804452,10.449511761594035,0.05759905916680351,3.8961604146297835,-273.49017399722277,380000.0
1762646400000,105.01386743555472,2025-11-09 00:00:00,litecoin,8016760139.516735,1079568796.7199106,30919025292380.242,140,Antminer S19 XP,3010,0.11912990734142835,0.0318658432680984,22.874882745459306,0.05787864234610878,8.605944506344784,-414.7753092532936,380000.0
1762732800000,109.68448438961092,2025-11-10 00:00:00,litecoin,8369230035.434925,1974813883.510389,30000000000000.0,110,Antminer S19 Pro,3250,0.032319263888791604,0.01286197831939632,17.261884813819965,0.04991469331091428,2.520902583325745,-178.2963033671116,250000.0
1762819200000,104.53919061646499,2025-11-11 00:00:00,litecoin,8000565366.020019,1202422879.8580275,30000000000000.0,110,Antminer S19 Pro,3250,0.08431759258510088,0.02286106062959301,22.3239648687012,0.04709131117127709,6.576772221637869,-300.05709398066443,250000.0
1762905600000,99.6865325379024,2025-11-12 00:00:00,litecoin,7629251723.122256,891816721.0610973,30000000000000.0,110,Antminer S19 Pro,3250,0.08935553834861944,0.010875092909357934,12.662111358531977,0.04545618217084257,6.969731991192316,-311.8949409373109,250000.0
1762992000000,97.49443740453222,2025-11-13 00:00:00,litecoin,7460989017.788278,1033274408.6516578,30000000000000.0,140,Antminer S19 XP,3010,0.0919241001366716,0.02442670439809027,6.21370259503535,0.05580593910906833,6.640596993873156,-355.87706497625595,380000.0
1763078400000,96.75896614369591,2025-11-14 00:00:00,litecoin,7406786313.084495,938724075.8513334,30000000000000.0,126,Whatsminer M50,3276,0.04083488209101801,0.02987302035103204,1.2678404727533277,0.049568182033728106,3.2106017695241995,-211.4976742913808,280000.0
1763164800000,98.01447897515388,2025-11-15 00:00:00,litecoin,7510366276.552592,1138232768.9848142,30000000000000.0,234,Antminer S21 Pro,3540,0.11446768051258173,0.013555078707944547,17.42603643561241,0.09481817195474006,9.725174136348945,-497.24401226515954,500000.0
1763251200000,101.97354515145452,2025-11-16 00:00:00,litecoin,7806617000.370079,1111574821.716886,30000000000000.0,234,Antminer S21 Pro,3540,0.04630649511450745,0.01866654816727497,2.911271952132819,0.09813696496675652,3.934199824928553,-323.41521913218725,500000.0
1763337600000,96.14185113420105,2025-11-17 00:00:00,litecoin,7371077235.108482,781841890.7756302,31645460787222.07,110,Antminer S19 Pro,3250,0.08604780629158569,0.021935098765064706,7.266603078527212,0.04109559889894832,6.711728890743684,-304.2856654220088,250000.0
1763424000000,91.13521016421959,2025-11-18 00:00:00,litecoin,6972101729.721636,787064701.8655297,30000000000000.0,110,Antminer S19 Pro,3250,0.05004084712107765,0.03758593073968149,12.779301789213537,0.040434631697074744,3.9031860754440566,-220.04920997907615,250000.0
1763510400000,95.55083909099855,2025-11-19 00:00:00,litecoin,7311679451.632318,838617170.9925761,30000000000000.0,140,Antminer S19 XP,3010,0.05764947753191438,0.03979765046268892,13.545998106713945,0.05383168191008844,4.164598256905494,-281.6563305831955,380000.0
1763596800000,92.71616377585255,2025-11-20 00:00:00,litecoin,7088565386.089798,705159855.0771582,30000000000000.0,234,Antminer S21 Pro,3540,0.07918126875553119,0.011347338969868476,14.413996727691265,0.08989337681372624,6.727240593469931,-407.45374983301946,500000.0
1763683200000,87.42490888674386,2025-11-21 00:00:00,litecoin,6691556077.019124,678594250.4765924,30000000000000.0,110,Antminer S19 Pro,3250,0.06754740767081188,0.03283023770486176,3.9901279283928153,0.03898012501336612,5.268697798323327,-261.0581968659655,250000.0
1763769600000,82.6203655978297,2025-11-22 00:00:00,litecoin,6327985089.349204,1066125243.0993375,37393238483953.27,126,Whatsminer M50,3276,0.04442030408788557,0.021151721992070296,9.11369771571957,0.03426209050050245,3.4925019886059148,-220.41386360982904,280000.0
1763856000000,82.23014382946353,2025-11-23 00:00:00,litecoin,6297325425.246208,473725311.35970557,30000000000000.0,126,Whatsminer M50,3276,0.04538427621787634,0.0217737455868844,14.812661450807202,0.04247697231746265,3.568293333354309,-222.44115749777205,280000.0
1763942400000,82.97495089888959,2025-11-24 00:00:00,litecoin,6353960978.363359,480328065.19029355,30000000000000.0,110,Antminer S19 Pro,3250,0.06763303093465196,0.03262794920041068,23.275652751210835,0.0370037611256789,5.275376412902853,-261.3178462199819,250000.0
1764028800000,85.54507554914693,2025-11-25 00:00:00,litecoin,6560081521.228326,594330214.8606336,30000000000000.0,110,Antminer S19 Pro,3250,0.09815546804479507,0.03755279296436226,17.46314730479253,0.03795572223493354,7.656126507494015,-332.7117902244391,250000.0
1764115200000,85.3295749854443,2025-11-26 00:00:00,litecoin,6541126901.225901,647720778.57237,30000000000000.0,234,Antminer S21 Pro,3540,0.11081681821630096,0.03852785783507645,22.142490170254987,0.08045717677250068,9.41499687565693,-488.3695242998662,500000.0
1764201600000,86.86944710966353,2025-11-27 00:00:00,litecoin,6649418160.863903,591139954.4405079,30000000000000.0,234,Antminer S21 Pro,3540,0.03757148960334446,0.027313677581149623,18.29308939954025,0.08286447204720163,3.1920737567001454,-301.6096118729216,500000.0
1764288000000,86.66552965680769,2025-11-28 00:00:00,litecoin,6640682801.381768,511945165.59587044,30000000000000.0,140,Antminer S19 XP,3010,0.06537935168034609,0.020713634779015083,14.20120725341761,0.04979626653936413,4.723004365388201,-298.5295762987984,380000.0
1764374400000,84.34966489983721,2025-11-29 00:00:00,litecoin,6462719431.848708,580078209.1274736,30000000000000.0,234,Antminer S21 Pro,3540,0.03902210073505889,0.03362647257576338,4.608560859272269,0.07993866430245557,3.315317678450604,-305.39470375777785,500000.0
1764460800000,84.14781125057995,2025-11-30 00:00:00,litecoin,6445497058.10252,364035334.9026139,30000000000000.0,126,Whatsminer M50,3276,0.03149332325693381,0.017530041497869006,16.000455645420313,0.04365613589783868,2.4761310477531637,-189.64091402232643,280000.0
1764547200000,82.83453685326305,2025-12-01 00:00:00,litecoin,6343311610.902794,352778357.7034447,30000000000000.0,126,Whatsminer M50,3276,0.08955468143795609,0.026922220865005533,14.96110958303777,0.04256397628964244,7.041147273377859,-326.6241655793131,280000.0
1764633600000,77.63006002784384,2025-12-02 00:00:00,litecoin,5949777405.348567,876462402.4431795,30000000000000.0,110,Antminer S19 Pro,3250,0.0842204497769929,0.020757353845746195,14.459260090974395,0.03504496009496579,6.569195082605447,-300.19117034198104,250000.0
1764720000000,82.75398061047338,2025-12-03 00:00:00,litecoin,6337315906.229195,560997456.508648,30000000000000.0,234,Antminer S21 Pro,3540,0.044671720243339756,0.029698932211236283,11.754860831717778,0.07874516617960199,3.795309351874146,-319.8302589041697,500000.0
1764806400000,86.01246927836995,2025-12-04 00:00:00,litecoin,6586350078.441508,640117902.9587356,30000000000000.0,140,Antminer S19 XP,3010,0.05104315497837577,0.017211967386805208,12.687758495742614,0.04959774766233191,3.6873575156378653,-267.4661263725993,380000.0
1764892800000,83.54166694195985,2025-12-05 00:00:00,litecoin,6398860099.8826,551611081.4098938,30000000000000.0,126,Whatsminer M50,3276,0.03213369782800665,0.015747788372044772,8.026620650834499,0.0434202905237233,2.526479858029195,-191.1584536918308,280000.0
1764979200000,80.40751051207634,2025-12-06 00:00:00,litecoin,6159037291.140728,487026367.5097661,30000000000000.0,126,Whatsminer M50,3276,0.10514524851249633,0.037547172600263114,12.463504623415275,0.040865729674052394,8.266940019046512,-363.44889534784045,280000.0
1765065600000,81.64306723174192,2025-12-07 00:00:00,litecoin,6245855629.483644,380818000.52262247,30000000000000.0,140,Antminer S19 XP,3010,0.11772215364436962,0.013054110488486106,4.741341736283478,0.0472773727543953,8.504248379269262,-412.0424635287793,380000.0
1765152000000,81.30802517363246,2025-12-08 00:00:00,litecoin,6221844202.0198555,437855147.8713406,30000000000000.0,140,Antminer S19 XP,3010,0.04219135831152217,0.02517873723204795,19.324185536649043,0.04650493973581601,3.047903724424361,-248.37529687398967,380000.0
1765238400000,83.89847564002937,2025-12-09 00:00:00,litecoin,6426969082.492652,481578421.50795597,30000000000000.0,126,Whatsminer M50,3276,0.05083276923887683,0.016625583488890268,4.458646912768987,0.04356685042173103,3.9966756486374515,-235.25993061313827,280000.0
1765324800000,86.20845979485813,2025-12-10 00:00:00,litecoin,6606806189.133178,597125148.9741864,30000000000000.0,126,Whatsminer M50,3276,0.10815685715522406,0.011167898899770023,2.039190957347194,0.045014831804388145,8.503724736972336,-370.4279638217051,280000.0
1765411200000,84.55314465151243,2025-12-11 00:00:00,litecoin,6482622737.601158,509070180.38535047,30000000000000.0,140,Antminer S19 XP,3010,0.11338174181605663,0.011080564548742792,10.469904632571776,0.04906043064489342,8.19069702879193,-402.5824312777445,380000.0
1765497600000,82.93800702574131,2025-12-12 00:00:00,litecoin,6364325135.934733,582140366.65302,30000000000000.0,126,Whatsminer M50,3276,0.06776646445261293,0.015256653163174821,15.799378548145484,0.04312805170257774,5.328070501122239,-275.2149401492565,280000.0
1765584000000,81.94932816516564,2025-12-13 00:00:00,litecoin,6277557867.71492,433671611.48370695,30000000000000.0,110,Antminer S19 Pro,3250,0.03455602250421667,0.036003110635180004,10.505203798404992,0.03641886099352917,2.6953697553289,-183.9351934967278,250000.0
1765670400000,81.51088064550154,2025-12-14 00:00:00,litecoin,6250352511.685813,275269595.3918043,30000000000000.0,110,Antminer S19 Pro,3250,0.03354526503235374,0.0184743623193108,6.642099166831406,0.03688268778494352,2.616530672523592,-181.55610620882615,250000.0
1765756800000,78.9733955232053,2025-12-15 00:00:00,litecoin,6043009831.972222,364253321.4295043,30000000000000.0,140,Antminer S19 XP,3010,0.08165548794621094,0.03851377511725887,13.396108413370577,0.044551728399936374,5.898792449234278,-333.96055495836356,380000.0
1765843200000,77.59983828404975,2025-12-16 00:00:00,litecoin,5948965825.511648,515005294.6176395,30000000000000.0,234,Antminer S21 Pro,3540,0.0653605598003861,0.027448668789675806,8.328056049892798,0.07401195057125387,5.553033160640804,-372.7039696354198,500000.0
1765929600000,79.01732753537733,2025-12-17 00:00:00,litecoin,6054959565.768711,473791703.36818784,30000000000000.0,140,Antminer S19 XP,3010,0.03257871848198891,0.02309842569306298,22.388824563039194,0.0452911998611943,2.3534866231388785,-227.57919603166386,380000.0
1766016000000,75.92229969447894,2025-12-18 00:00:00,litecoin,5817580742.484161,482133605.6996548,30000000000000.0,140,Antminer S19 XP,3010,0.08249271530813011,0.027402665040083637,22.14348335048573,0.04332545269144077,5.959273753859319,-335.8117823683697,380000.0
1766102400000,74.24246430408195,2025-12-19 00:00:00,litecoin,5684954257.26964,555099010.6072791,30000000000000.0,234,Antminer S21 Pro,3540,0.031017228293012022,0.025500951556788033,12.056923679330291,0.07095161731520906,2.6352237157743015,-285.2614962871061,500000.0
1766188800000,77.51079267333417,2025-12-20 00:00:00,litecoin,5940940195.697862,452115399.23030406,30000000000000.0,234,Antminer S21 Pro,3540,0.10086347623343456,0.03276328761271975,7.869215856438204,0.07352303932115611,8.5693609407926,-463.2084703774767,500000.0
1766275200000,77.81903747538794,2025-12-21 00:00:00,litecoin,5962502420.849283,276187508.71947926,30000000000000.0,234,Antminer S21 Pro,3540,0.05757895404330344,0.018474881979185568,17.691177934959338,0.0749058564745244,4.89190793551906,-352.8433957046694,500000.0
1766361600000,76.69683567203849,2025-12-22 00:00:00,litecoin,5881522689.733698,318972709.40184206,30000000000000.0,110,Antminer S19 Pro,3250,0.03362322027083089,0.02059151174800907,0.8811106435935994,0.03462953332833478,2.6226111811248094,-181.8061161005609,250000.0
1766448000000,76.99621107654197,2025-12-23 00:00:00,litecoin,5901552760.353372,442730803.84457856,30000000000000.0,126,Whatsminer M50,3276,0.08295169988848379,0.03682282907599752,11.39445614504763,0.0391614464046208,6.521994452032149,-311.15165683549253,280000.0
1766534400000,76.82822748974804,2025-12-24 00:00:00,litecoin,5891631492.237955,360977700.06148326,30000000000000.0,110,Antminer S19 Pro,3250,0.06579159729897492,0.038393695394512165,8.071761462488006,0.03405833749405495,5.131744589320044,-257.0972542214463,250000.0
1766620800000,75.78783532894145,2025-12-25 00:00:00,litecoin,5810171974.333857,357864621.8509544,36506566873429.15,126,Whatsminer M50,3276,0.11764203720214345,0.03677674682459423,22.09286124246131,0.03167815734560022,9.249487532981325,-393.2009479357384,280000.0
1766707200000,75.6067232658129,2025-12-26 00:00:00,litecoin,5790992297.810128,301631194.24257225,30000000000000.0,110,Antminer S19 Pro,3250,0.07897787962533319,0.02258343981871941,0.288072654544381,0.03406790585594175,6.160274610775989,-287.9528678142681,250000.0
1766793600000,76.79548473768956,2025-12-27 00:00:00,litecoin,5886678583.590361,348751974.8280592,30000000000000.0,126,Whatsminer M50,3276,0.05477152629333074,0.03341096509020645,13.267557017240378,0.039197713939514746,4.306356483286836,-244.6814297470863,280000.0
1766880000000,80.12069877623895,2025-12-28 00:00:00,litecoin,6136165285.511812,305947721.2640397,30000000000000.0,110,Antminer S19 Pro,3250,0.09384949781705773,0.024290071999032964,17.775925945599024,0.03603883815091465,7.320260829730503,-322.6933264140543,250000.0
1766966400000,78.62715804461851,2025-12-29 00:00:00,litecoin,6026964313.365389,323982555.71499085,30012369823114.508,234,Antminer S21 Pro,3540,0.054434280228844015,0.024926195564383066,11.64043170057699,0.07515528643288388,4.624736448242588,-344.8207681876245,500000.0
1767052800000,78.21279540595069,2025-12-30 00:00:00,litecoin,5996962080.922577,426497143.2861977,30000000000000.0,140,Antminer S19 XP,3010,0.11138189622668085,0.01614040327171852,2.04967272390532,0.045149361611033646,8.046228183415424,-398.36569798746507,380000.0
1767139200000,78.74151962017234,2025-12-31 00:00:00,litecoin,6038806161.987651,366826560.3613659,30000000000000.0,110,Antminer S19 Pro,3250,0.06372497734566387,0.027733909097755492,23.33907336066965,0.035293461930974976,4.970548232961782,-252.22430979759088,250000.0
1767225600000,76.74579310481673,2026-01-01 00:00:00,litecoin,5885422553.583307,337723991.70006317,31103001369892.36,126,Whatsminer M50,3276,0.07948817064985847,0.015584076932600438,12.432250353026351,0.03848002562635121,6.249677929174472,-303.0026037731103,280000.0
1767312000000,79.79850158808563,2026-01-02 00:00:00,litecoin,6123514504.141073,305862879.0258506,30000000000000.0,234,Antminer S21 Pro,3540,0.03455157934418059,0.01994694097201581,14.740469863656273,0.07669601977186014,2.9355021810815836,-294.09751817262503,500000.0
1767398400000,81.82843082057124,2026-01-03 00:00:00,litecoin,6278492447.526828,404671497.38030195,30000000000000.0,110,Antminer S19 Pro,3250,0.06835091141570077,0.03565090604859805,5.678634784980176,0.03637841967403424,5.33137109042466,-263.0164467891854,250000.0
1767484800000,82.0881693297701,2026-01-04 00:00:00,litecoin,6294298829.383049,345951068.9913168,30000000000000.0,110,Antminer S19 Pro,3250,0.10491271856948954,0.016212274276325656,11.603954042563291,0.03722950819861928,8.183192048420183,-348.54554287331365,250000.0
1767571200000,82.09896014634278,2026-01-05 00:00:00,litecoin,6299973420.814179,360695760.9224933,30000000000000.0,234,Antminer S21 Pro,3540,0.10250839248270077,0.012134748555202985,10.299587806999725,0.07953602218391784,8.709113025330259,-467.2206434277236,500000.0
1767657600000,83.73671939818226,2026-01-06 00:00:00,litecoin,6422587179.813602,496366294.3584185,30000000000000.0,110,Antminer S19 Pro,3250,0.05018867029681736,0.01207022777838449,1.7975002080476097,0.03813707183134519,3.914716283151754,-220.46404300627893,250000.0
1767744000000,83.9421712361984,2026-01-07 00:00:00,litecoin,6435848823.977348,453836327.37732124,30000000000000.0,140,Antminer S19 XP,3010,0.05034711639095064,0.038223535615093236,2.5478484851392134,0.04736908798901019,3.6370756880822737,-266.02453133613125,380000.0
1767830400000,81.58548672858649,2026-01-08 00:00:00,litecoin,6258313903.053612,392550602.5365997,30000000000000.0,110,Antminer S19 Pro,3250,0.1035574780991913,0.02520761313885504,20.09934047085059,0.036663199881079245,8.077483291736922,-345.3912694223419,250000.0
1767916800000,81.21645615783189,2026-01-09 00:00:00,litecoin,6230759367.837255,387886196.19968337,30000000000000.0,140,Antminer S19 XP,3010,0.11373585781523929,0.02228236215451055,5.755678852958166,0.0465905851231467,8.216278368572885,-403.42396683682546,380000.0
1768003200000,81.37716164878748,2026-01-10 00:00:00,litecoin,6243197513.269309,341362708.56881094,30000000000000.0,140,Antminer S19 XP,3010,0.03858248291457032,0.034326357430237556,4.678998515967133,0.046107714502294526,2.7871985657485596,-240.5660588707213,380000.0
1768089600000,81.14579489022297,2026-01-11 00:00:00,litecoin,6226402444.740995,202503734.83295697,30000000000000.0,234,Antminer S21 Pro,3540,0.07050527754836027,0.03507477783731548,12.117874830003341,0.07678708456699074,5.990128380508689,-385.73357221158426,500000.0
1768176000000,78.776717683289,2026-01-12 00:00:00,litecoin,6043691496.954709,346479204.3322356,30000000000000.0,110,Antminer S19 Pro,3250,0.060370885106780604,0.01996573099346814,18.44993115270031,0.03559135091499486,4.708929038328887,-244.36679728908342,250000.0
1768262400000,76.01022701439427,2026-01-13 00:00:00,litecoin,5832263332.084263,664050910.1551576,30000000000000.0,234,Antminer S21 Pro,3540,0.10836196099116954,0.030808541724213857,1.48671644589571,0.07224538483698285,9.206432205809765,-482.35893796251685,500000.0
1768348800000,77.98176339254152,2026-01-14 00:00:00,litecoin,5979948677.800335,941941666.6497419,30000000000000.0,110,Antminer S19 Pro,3250,0.03751724232120169,0.0331336844755566,13.84339007131814,0.03475880289773973,2.926344901053732,-190.91424961134646,250000.0
1768435200000,76.73629978113459,2026-01-15 00:00:00,litecoin,5888287731.655858,1222690920.18031,30000000000000.0,110,Antminer S19 Pro,3250,0.04900133483022336,0.029639520605978634,2.8610506281737607,0.03432727135537176,3.8221041167574223,-217.79997202872815,250000.0
1768521600000,72.17453066695636,2026-01-16 00:00:00,litecoin,5539726921.2929125,1036954583.802703,35362938525302.73,126,Whatsminer M50,3276,0.09772215038278449,0.014547852244002981,0.875065219814843,0.031862188780908345,7.683306351696047,-346.20999155412085,280000.0
1768608000000,75.32315075160025,2026-01-17 00:00:00,litecoin,5784691863.319917,657698220.6556245,30000000000000.0,110,Antminer S19 Pro,3250,0.0346164464083094,0.03627649250551171,1.2658548518932173,0.0334646478888996,2.7000828198481335,-184.1652118254437,250000.0
1768694400000,74.79336392986221,2026-01-18 00:00:00,litecoin,5740186856.26785,327118892.3439,30000000000000.0,234,Antminer S21 Pro,3540,0.07432818426428603,0.02617283658208026,20.019938597002593,0.0714288161495066,6.314922535093742,-395.6381449016604,500000.0
1768780800000,72.52553744234834,2026-01-19 00:00:00,litecoin,5571107113.762467,354087668.7858427,30901526556952.95,140,Antminer S19 XP,3010,0.0697896331211748,0.01847417279110011,2.8313396070734775,0.04054849013508095,5.041603096673667,-308.3649715294909,380000.0
1768867200000,70.77564508348493,2026-01-20 00:00:00,litecoin,5432954151.146081,695408680.5671932,30000000000000.0,110,Antminer S19 Pro,3250,0.06009610610898738,0.022756845563130818,1.0836327458950068,0.03188539506499759,4.687496276501015,-243.83499310974716,250000.0
1768953600000,67.09145322812518,2026-01-21 00:00:00,litecoin,5149051401.209116,528957339.9183761,30000000000000.0,126,Whatsminer M50,3276,0.06551150837870313,0.011127132711967221,10.509597291429895,0.03503409060615216,5.1507768347671545,-270.13894899149676,280000.0
1769040000000,68.39264817744203,2026-01-22 00:00:00,litecoin,5250823892.502785,524173730.4425035,30000000000000.0,234,Antminer S21 Pro,3540,0.07769465282372096,0.013836004036672527,20.255843326608595,0.06614348356044178,6.600937703903333,-404.37715994362003,500000.0
1769126400000,68.11753529307089,2026-01-23 00:00:00,litecoin,5228677888.766897,321662690.57061887,30000000000000.0,110,Antminer S19 Pro,3250,0.044523062254954476,0.03296640251547583,6.297801035743246,0.030367274654179353,3.4727988558864493,-207.43961410363477,250000.0
1769212800000,68.01693517831806,2026-01-24 00:00:00,litecoin,5221359048.931914,333184511.86985195,30000000000000.0,234,Antminer S21 Pro,3540,0.08147962904552335,0.010000349042660985,10.121102820621992,0.06603597608978501,6.922509283707664,-414.0275325618697,500000.0
1769299200000,68.08765311501034,2026-01-25 00:00:00,litecoin,5226650176.873061,198336151.98268428,30000000000000.0,126,Whatsminer M50,3276,0.10248890963699876,0.022496974854468766,0.9581407815300294,0.03514549496532873,8.05808803129939,-357.3549427566885,280000.0
1769385600000,67.11341088395083,2026-01-26 00:00:00,litecoin,5155164511.710503,507210612.9419938,30000000000000.0,126,Whatsminer M50,3276,0.09841448368111431,0.025675305432567654,10.777884339237021,0.034529970743713174,7.737740364943932,-347.7629784926732,280000.0
1769472000000,69.80527055308589,2026-01-27 00:00:00,litecoin,5364096450.24446,395275376.14572275,30769803331486.0,234,Antminer S21 Pro,3540,0.04385099142243963,0.01163903260002917,13.862713935291207,0.06596731929196016,3.7255802312504716,-318.1217206920887,500000.0
1769558400000,70.0774124291079,2026-01-28 00:00:00,litecoin,5383182988.785348,309399778.3129938,30000000000000.0,110,Antminer S19 Pro,3250,0.04343245227673265,0.039192344889169985,13.701769290051475,0.03103986623190494,3.3877312775851465,-204.86740900726392,250000.0
1769644800000,69.38454043062649,2026-01-29 00:00:00,litecoin,5331814843.437046,321369662.79246646,30000000000000.0,140,Antminer S19 XP,3010,0.0541356930970422,0.016783759937490157,7.978240612184764,0.040026944489422664,3.910762469330328,-274.4553990785605,380000.0
1769731200000,66.09487767820116,2026-01-30 00:00:00,litecoin,5075324580.224918,437080423.3022812,30000000000000.0,126,Whatsminer M50,3276,0.06249672537069335,0.019125961589088424,7.572796335915252,0.03423451913105434,4.913742535545394,-263.05190715909686,280000.0
1769817600000,65.33296464435483,2026-01-31 00:00:00,litecoin,5014318226.412437,634688721.7760715,30000000000000.0,110,Antminer S19 Pro,3250,0.06676100232676344,0.01911827536765082,2.5589668544783493,0.02954298254351228,5.207358181487548,-259.5011226349878,250000.0
1769904000000,59.40828778616758,2026-02-01 00:00:00,litecoin,4562274846.46793,845549311.7494833,30000000000000.0,110,Antminer S19 Pro,3250,0.09117274951500107,0.016912499863520496,8.803159695510441,0.026924307307145144,7.111474462170083,-316.7031713125548,250000.0
1769990400000,58.52891778108199,2026-02-02 00:00:00,litecoin,4495799767.207881,525685626.8893114,32101614123176.7,140,Antminer S19 XP,3010,0.03510123889492518,0.010044214662589342,2.3878720529511517,0.03177030295599337,2.535713497769395,-233.45162917773538,380000.0
1770076800000,59.98920012791268,2026-02-03 00:00:00,litecoin,4607466895.259013,560625262.7904408,31122386669643.332,126,Whatsminer M50,3276,0.03312054338034597,0.03188034382263989,18.39830267308924,0.02956198951992505,2.6040696027363217,-193.90189506315858,280000.0
1770163200000,59.25199056982056,2026-02-04 00:00:00,litecoin,4552630370.923056,504648598.08617145,30000000000000.0,126,Whatsminer M50,3276,0.06527195066495181,0.03900536499397856,23.19058314595646,0.030068176932568795,5.131941849081171,-269.7228768311248,280000.0
1770249600000,58.881190035800834,2026-02-05 00:00:00,litecoin,4523194164.932452,510835118.21010435,30000000000000.0,110,Antminer S19 Pro,3250,0.09274473229241824,0.016728804498551353,23.281786960000964,0.02669040874478378,7.2340891188086225,-320.3886279685818,250000.0
1770336000000,50.88165272305717,2026-02-06 00:00:00,litecoin,3923429727.949902,953587709.6617532,30000000000000.0,110,Antminer S19 Pro,3250,0.04740918086608343,0.029891415754102674,20.761706385009454,0.022755526381723505,3.6979161075545073,-214.4214841018502,250000.0
1770422400000,55.064334083661024,2026-02-07 00:00:00,litecoin,4233197846.1738057,970971227.5077415,30000000000000.0,140,Antminer S19 XP,3010,0.08773540331306265,0.03225688980876145,14.419011584150859,0.031265916166678884,6.338005535335645,-347.53552190840225,380000.0
1770508800000,55.2621076092085,2026-02-08 00:00:00,litecoin,4245361134.4084773,536202019.80304086,30000000000000.0,140,Antminer S19 XP,3010,0.05338453241462695,0.03545276137271574,16.82077673385312,0.03127459006008423,3.8564986216326504,-273.09005428051034,380000.0
1770595200000,54.56964455595264,2026-02-09 00:00:00,litecoin,4190725130.9372835,317327333.3419522,30000000000000.0,126,Whatsminer M50,3276,0.10974774979321647,0.022678875910408274,6.844939264329938,0.028162525617817687,8.62880707974185,-374.68600329038765,280000.0
1770681600000,54.46946105213422,2026-02-10 00:00:00,litecoin,4185840189.62213,365200051.31480694,30000000000000.0,234,Antminer S21 Pro,3540,0.11061209498399548,0.019087927169212877,15.138490084142894,0.05239763185362883,9.397603589840257,-488.68951207293213,500000.0
1770768000000,53.303850682446104,2026-02-11 00:00:00,litecoin,4095375430.119829,259401662.46203867,33655062903993.555,126,Whatsminer M50,3276,0.056755848385319385,0.019758854020690934,10.93558918655706,0.024594927629678916,4.462371823447351,-249.79997354119683,280000.0
1770854400000,52.24357599620344,2026-02-12 00:00:00,litecoin,4014490875.960683,340992102.82281387,30000000000000.0,110,Antminer S19 Pro,3250,0.05069943785669164,0.031378639992955384,11.56841615464638,0.023328792861077575,3.954556152821948,-222.10348746549278,250000.0
1770940800000,53.097909172204666,2026-02-13 00:00:00,litecoin,4080430414.3875904,287695349.52054983,30000000000000.0,126,Whatsminer M50,3276,0.06701735748596081,0.03450338399516908,18.18663744900379,0.027071440471399887,5.2691727149761824,-273.92970490181017,280000.0
1771027200000,55.092825269317785,2026-02-14 00:00:00,litecoin,4233524778.215761,323192745.00554144,30000000000000.0,234,Antminer S21 Pro,3540,0.05164784266621338,0.01544841903269808,6.7660405343340395,0.05319392291313209,4.38800071292149,-338.3775370335841,500000.0
1771113600000,56.03022773797472,2026-02-15 00:00:00,litecoin,4308059706.081686,294725820.9940872,30000000000000.0,140,Antminer S19 XP,3010,0.09051454589625332,0.021128230244732957,7.632950680668477,0.03218020979032576,6.538770795545339,-353.53105090598376,380000.0
1771200000000,55.00905994868437,2026-02-16 00:00:00,litecoin,4225516364.1052523,350383197.8724097,30000000000000.0,234,Antminer S21 Pro,3540,0.10434582160934569,0.0370582059024745,22.19140298708728,0.051947273864569606,8.86522100393001,-472.73154523529655,500000.0
1771286400000,55.01562872519865,2026-02-17 00:00:00,litecoin,4226967492.5701036,320835990.6381974,31539902981506.258,234,Antminer S21 Pro,3540,0.09057829178200953,0.034200805590842175,1.3493830764233339,0.049563540522539584,7.69553166979953,-437.71237721164306,500000.0
1771372800000,53.91919084756143,2026-02-18 00:00:00,litecoin,4146258773.663965,306854832.89026886,30000000000000.0,234,Antminer S21 Pro,3540,0.10419154025244144,0.03954575208287427,11.65522316192017,0.05078653100520903,8.852113259847426,-472.37313519859987,500000.0
1771459200000,53.28720032593736,2026-02-19 00:00:00,litecoin,4094250400.0655932,267581073.5791095,30000000000000.0,140,Antminer S19 XP,3010,0.06572929459867267,0.03262744779046242,21.907219209788682,0.030245261487573245,4.748284241808114,-299.8745027429495,380000.0
1771545600000,52.69620408569612,2026-02-20 00:00:00,litecoin,4050986585.3865194,259653841.83921018,30000000000000.0,234,Antminer S21 Pro,3540,0.044068527363797474,0.021795856030837668,14.648712187635768,0.05055188239002646,3.7440620848282338,-319.13863940647957,500000.0
1771632000000,55.152920951896974,2026-02-21 00:00:00,litecoin,4237593857.6167445,384444123.57527304,30835034977579.965,234,Antminer S21 Pro,3540,0.0964155852657833,0.027719135019839133,13.11376978109117,0.05116412688593523,8.19146812418095,-452.5424532521838,500000.0
1771718400000,54.95022851959508,2026-02-22 00:00:00,litecoin,4224323944.201068,238706419.841854,30000000000000.0,234,Antminer S21 Pro,3540,0.06244270546273985,0.02983042762741961,5.993860301504525,0.052281212815061755,5.305132256114378,-365.9188646323128,500000.0
1771804800000,53.377789579100934,2026-02-23 00:00:00,litecoin,4102993931.526671,223644929.00506145,30000000000000.0,110,Antminer S19 Pro,3250,0.09041437427062192,0.012353674489513718,8.238611737546758,0.024303418567522547,7.05232119310851,-315.00719990289633,250000.0
1771891200000,51.23554804570264,2026-02-24 00:00:00,litecoin,3938648633.2990875,313073674.4858539,30000000000000.0,234,Antminer S21 Pro,3540,0.054357954778358905,0.026334908773115954,20.44916197931263,0.04892259518035066,4.618251837969373,-345.413210617004,500000.0
1771977600000,51.15804178575074,2026-02-25 00:00:00,litecoin,3933954116.357165,297004583.190163,30000000000000.0,140,Antminer S19 XP,3010,0.03731066713260054,0.03127962485417829,13.421235162442995,0.029077229631285548,2.695322593659063,-238.32069425416665,380000.0
1772064000000,56.428895195962966,2026-02-26 00:00:00,litecoin,4333213164.005845,504972529.4670049,30000000000000.0,234,Antminer S21 Pro,3540,0.1193323615938987,0.015019639120031812,12.353812650162716,0.05450767026520233,10.138477441017635,-510.85242645590625,500000.0
1772150400000,55.627702714832004,2026-02-27 00:00:00,litecoin,4277914234.4167185,348416451.6514512,30000000000000.0,234,Antminer S21 Pro,3540,0.044058135713753936,0.033418951522766714,2.389913124960694,0.052730015874700345,3.743179210240535,-319.0468091643084,500000.0
1772236800000,54.50875285528461,2026-02-28 00:00:00,litecoin,4191325414.7126784,303923379.2651098,30000000000000.0,140,Antminer S19 XP,3010,0.11895788945671329,0.02751318341542335,0.3846757549229549,0.031102166911909028,8.593517934352967,-415.2058063565651,380000.0
1772323200000,54.420872612676405,2026-03-01 00:00:00,litecoin,4185410780.8617554,351297569.05933505,31601145158767.758,234,Antminer S21 Pro,3540,0.11795519393098025,0.03856665357092784,23.12844452848918,0.0487115128181725,10.021473276376083,-507.5161862400706,500000.0
1772409600000,53.2428862823587,2026-03-02 00:00:00,litecoin,4094462923.0274634,296999117.8804738,30000000000000.0,140,Antminer S19 XP,3010,0.10144362935172356,0.011272668946206751,9.047668014884199,0.03088721913889143,7.328287784368509,-377.2553502902219,380000.0
1772496000000,54.551592084872475,2026-03-03 00:00:00,litecoin,4195364101.51523,391415203.3904043,30000000000000.0,234,Antminer S21 Pro,3540,0.08934806658737977,0.01795978412666401,14.477113490388103,0.052536992079044914,7.591011737263786,-434.4875756888756,500000.0
1772582400000,54.837353760744854,2026-03-04 00:00:00,litecoin,4219940741.8384833,380046954.3337617,30000000000000.0,140,Antminer S19 XP,3010,0.08200263452259762,0.02804661637899472,1.9131617564948398,0.03127250025798022,5.923870317912452,-335.11126786296745,380000.0
1772668800000,56.86110909911505,2026-03-05 00:00:00,litecoin,4374232217.364075,454651360.7536649,30000000000000.0,234,Antminer S21 Pro,3540,0.10794913908400512,0.01889679736617792,16.394742857353116,0.05470896782661131,9.171358856577076,-481.83282999584736,500000.0
1772755200000,55.50619731287194,2026-03-06 00:00:00,litecoin,4270703658.762631,363637118.21205634,30000000000000.0,234,Antminer S21 Pro,3540,0.05604955694575391,0.031432724922137265,22.38160100894306,0.052722957967007045,4.7619703581112525,-349.61075533766075,500000.0
1772841600000,53.86062701404805,2026-03-07 00:00:00,litecoin,4143235087.7417145,289217976.5962715,31168019291976.7,110,Antminer S19 Pro,3250,0.07209130912363892,0.03277015847565793,13.815966071938071,0.02311630797062268,5.623122111643836,-272.16684077686307,250000.0
1772928000000,53.56495716391196,2026-03-08 00:00:00,litecoin,4120235695.3885818,225424223.17761007,30000000000000.0,110,Antminer S19 Pro,3250,0.08574509724298517,0.013075478921994234,3.0267677370098536,0.024370813741629072,6.688117584952843,-304.07906980300305,250000.0
1773014400000,52.61336972208335,2026-03-09 00:00:00,litecoin,4047828985.972799,298673959.8778279,30000000000000.0,234,Antminer S21 Pro,3540,0.0670071428282542,0.02541563392620303,13.96131665936344,0.05028564898224162,5.692926854688476,-377.6125695045204,500000.0
1773100800000,53.71777920675935,2026-03-10 00:00:00,litecoin,4133051864.3195534,300215442.42677116,32322858266411.215,234,Antminer S21 Pro,3540,0.06847378086812411,0.025266716667731677,18.392333114511658,0.047658881278863724,5.817532422555825,-381.4295395716422,500000.0
1773187200000,53.83207692340449,2026-03-11 00:00:00,litecoin,4140340080.3122606,298150815.64673966,34041217939197.832,126,Whatsminer M50,3276,0.05972562007518759,0.02107842310646623,9.753996877776448,0.024523835292528457,4.695867152791549,-256.80696619163723,280000.0
1773273600000,54.731260429329176,2026-03-12 00:00:00,litecoin,4211636172.4006405,264299862.21399045,30000000000000.0,140,Antminer S19 XP,3010,0.08078086350160824,0.03798774587709016,21.116105950595227,0.03089276163509339,5.835609579356179,-332.4748378649658,380000.0
1773360000000,54.59430285221181,2026-03-13 00:00:00,litecoin,4200459062.0782204,262836854.577895,30000000000000.0,126,Whatsminer M50,3276,0.10655170752136044,0.03482518959619663,15.568390880576747,0.02782508454086067,8.377521452159442,-367.1575576952241,280000.0
1773446400000,55.31849241250237,2026-03-14 00:00:00,litecoin,4256480303.1279006,448207833.5673231,30000000000000.0,110,Antminer S19 Pro,3250,0.04813755402056816,0.030916281457289103,21.58197403894086,0.02471365399098568,3.754729213604316,-216.0671334550666,250000.0
1773532800000,54.96025150663554,2026-03-15 00:00:00,litecoin,4226068546.3416657,247965289.3196657,30000000000000.0,110,Antminer S19 Pro,3250,0.11409897348780973,0.03142979907204992,14.964127469936093,0.02454059814400241,8.899719932049159,-370.42204668382135,250000.0
1773619200000,56.131028284100545,2026-03-16 00:00:00,litecoin,4319199141.104813,288750288.17070574,30000000000000.0,110,Antminer S19 Pro,3250,0.09201788883734066,0.023851484314393573,3.1509113281157815,0.025259469516574044,7.177395329312572,-318.7307424605466,250000.0
1773705600000,58.78981322090491,2026-03-17 00:00:00,litecoin,4524104148.429035,580183704.6859921,30000000000000.0,110,Antminer S19 Pro,3250,0.10409458914120272,0.03762983563289728,7.432601066524539,0.026082520648086627,8.119377953013812,-346.96552963763844,250000.0
1773792000000,58.146518492072104,2026-03-18 00:00:00,litecoin,4473988617.006085,439654006.05199695,30000000000000.0,234,Antminer S21 Pro,3540,0.08005716233670104,0.030837862817598562,4.843078758058966,0.05526480688756493,6.801656512126121,-410.72508449049,500000.0
1773878400000,56.03529612076913,2026-03-19 00:00:00,litecoin,4312035529.973387,411603226.0699328,30000000000000.0,110,Antminer S19 Pro,3250,0.10015650312816571,0.031869431849674494,21.811835945204695,0.02500926528087502,7.812207243996925,-337.78260602814817,250000.0
1773964800000,55.43354233416128,2026-03-20 00:00:00,litecoin,4264060948.5896263,331890386.81887686,30000000000000.0,234,Antminer S21 Pro,3540,0.03145803576055205,0.035850727113620355,18.249601614899582,0.05241377152535397,2.672674718216502,-286.9411617340678,500000.0
1774051200000,56.177191868260216,2026-03-21 00:00:00,litecoin,4325034555.334903,314408174.23996156,30000000000000.0,234,Antminer S21 Pro,3540,0.10365423823015817,0.01822214768026573,16.233560853840146,0.05408810404055583,8.806464080034239,-470.90461261314385,500000.0
1774137600000,55.185503785834,2026-03-22 00:00:00,litecoin,4251088810.715702,231834837.842644,30000000000000.0,110,Antminer S19 Pro,3250,0.03361249731768298,0.03421212711600109,7.22319167115892,0.02457039217101362,2.6217747907792726,-182.08279862491443,250000.0
1774224000000,53.518705785514825,2026-03-23 00:00:00,litecoin,4119893011.3783917,332983650.4652136,30000000000000.0,110,Antminer S19 Pro,3250,0.11009220387265763,0.015857218088694763,4.4170745292051246,0.024281138328876687,8.587191902067294,-361.0539895788192,250000.0
1774310400000,55.57159128818284,2026-03-24 00:00:00,litecoin,4277553937.9785676,424804394.9171759,30000000000000.0,140,Antminer S19 XP,3010,0.1192766472514779,0.020360258567346634,18.154826111733882,0.03194183835010102,8.616544997446763,-415.8714281062332,380000.0
1774396800000,56.3901360248131,2026-03-25 00:00:00,litecoin,4341206812.895228,349632652.8789786,30000000000000.0,126,Whatsminer M50,3276,0.05646607159591,0.02006831362809528,11.379790701097912,0.02917978798762618,4.4395884131568275,-248.9789254217427,280000.0
1774483200000,56.5667606714583,2026-03-26 00:00:00,litecoin,4354596130.929234,339659313.5022711,30000000000000.0,110,Antminer S19 Pro,3250,0.04892867006572143,0.039355764051674215,5.418949251615099,0.025051239533094603,3.8164362651262715,-217.908217434462,250000.0
1774569600000,54.524684439384046,2026-03-27 00:00:00,litecoin,4196630218.128433,364848521.8750165,30000000000000.0,140,Antminer S19 XP,3010,0.09888270274722366,0.0356961167124378,14.798927475966602,0.030849473469102738,7.143286446459436,-371.70644252304334,380000.0
1774656000000,53.63677337115791,2026-03-28 00:00:00,litecoin,4129194768.639307,395744448.80690205,30000000000000.0,140,Antminer S19 XP,3010,0.05277237068282279,0.03103509584770779,0.9680124513228474,0.03049378759249301,3.812276058127118,-271.78680144937215,380000.0
1774742400000,53.83624570494974,2026-03-29 00:00:00,litecoin,4145850229.662458,320697754.05299354,30000000000000.0,126,Whatsminer M50,3276,0.10790061448549831,0.0318117028484617,7.828086099078084,0.027524395167528398,8.483577913307819,-370.3482722108754,280000.0
1774828800000,53.216511464178566,2026-03-30 00:00:00,litecoin,4098820115.281749,299788286.8240202,30000000000000.0,234,Antminer S21 Pro,3540,0.039255833294172905,0.02686218383207713,11.24536787018723,0.05078661324185621,3.33517559667293,-306.8650028362656,500000.0
1774915200000,53.166463177875414,2026-03-31 00:00:00,litecoin,4093975443.6363144,376884159.57720745,30000000000000.0,110,Antminer S19 Pro,3250,0.04133596767414224,0.038412720013255575,3.55100001862574,0.023568492739736727,3.224205478583095,-200.18577624196743,250000.0
1775001600000,53.89808776830735,2026-04-01 00:00:00,litecoin,4150105509.3568425,370111005.9960097,30000000000000.0,126,Whatsminer M50,3276,0.1181236399590554,0.024887762586470845,23.63170746218015,0.027753077792086477,9.28735306814077,-394.45466637712724,280000.0
1775088000000,53.851566154768854,2026-04-02 00:00:00,litecoin,4147338432.6908107,369748757.2653425,30000000000000.0,110,Antminer S19 Pro,3250,0.09064550084430041,0.021415531296096836,5.018336750150742,0.0242941655180851,7.070349065855432,-315.5483136767871,250000.0
1775174400000,52.25014997790554,2026-04-03 00:00:00,litecoin,4024005848.911776,362502564.4497596,31112198980277.465,140,Antminer S19 XP,3010,0.10621985019860575,0.01489106010794773,3.128475121038373,0.029120781667618337,7.673321978347278,-387.65936923372317,380000.0
1775260800000,53.190799275268446,2026-04-04 00:00:00,litecoin,4096795645.87057,265427530.9165908,30000000000000.0,140,Antminer S19 XP,3010,0.05918964396163662,0.03358616956783174,4.8848369732855135,0.030160624687520128,4.275859879788629,-285.70431098636664,380000.0
1775347200000,53.56393589652588,2026-04-05 00:00:00,litecoin,4125153471.389788,188189152.60969424,30000000000000.0,234,Antminer S21 Pro,3540,0.09088353745685439,0.03203331796226774,18.45746719583338,0.05084653840204138,7.72146534233435,-438.4518974513026,500000.0
1775433600000,54.05986817188034,2026-04-06 00:00:00,litecoin,4163794685.3912134,204589758.4887689,30000000000000.0,140,Antminer S19 XP,3010,0.08348176445777375,0.021530651155724046,10.212135822524228,0.0310357959247294,6.030722664429575,-338.3239393884787,380000.0
1775520000000,53.51664987492693,2026-04-07 00:00:00,litecoin,4121760142.9244266,308993633.6616555,30000000000000.0,140,Antminer S19 XP,3010,0.08428351081106522,0.010755802418776881,13.569982554060912,0.031062264254816934,6.088640820991351,-340.0606900354294,380000.0
1775606400000,55.673972064078235,2026-04-08 00:00:00,litecoin,4289528276.9137845,358819989.1154392,30000000000000.0,126,Whatsminer M50,3276,0.09142792135839493,0.035169919831540324,0.5042197676726579,0.028365224880392323,7.188428888882443,-331.4685765867282,280000.0
1775692800000,53.981265446435316,2026-04-09 00:00:00,litecoin,4159360476.2306204,323256110.66043615,30000000000000.0,110,Antminer S19 Pro,3250,0.08178232558161887,0.01034253950362221,0.8263514057595494,0.02462823523922779,6.379021395366272,-294.798461470478,250000.0
1775779200000,54.490494736751415,2026-04-10 00:00:00,litecoin,4198321625.35425,296919956.68785834,30000000000000.0,110,Antminer S19 Pro,3250,0.06861561323723993,0.03111099338887153,10.699813195848389,0.024338853034231625,5.352017832504714,-263.9970360507811,250000.0
1775865600000,54.970027129713934,2026-04-11 00:00:00,litecoin,4235592261.5382347,282169779.98263896,30000000000000.0,126,Whatsminer M50,3276,0.054833042494249216,0.03910771329178171,19.599725836838964,0.027892269160757228,4.31119313306785,-245.16569258387943,280000.0
1775952000000,55.06876349435344,2026-04-12 00:00:00,litecoin,4242982058.030058,218268693.20877752,30000000000000.0,234,Antminer S21 Pro,3540,0.09917231978218818,0.023129839844446103,21.245733088981567,0.05275585548994609,8.425680288694709,-459.5210663294762,500000.0
1776038400000,53.50467535577224,2026-04-13 00:00:00,litecoin,4122466457.4754906,241828050.0681169,30000000000000.0,110,Antminer S19 Pro,3250,0.050364518700286756,0.01704920214987858,2.080957622295365,0.024245371435010515,3.928432458622367,-221.29227928228735,250000.0
1776124800000,54.63272277520369,2026-04-14 00:00:00,litecoin,4210598474.5926704,377817417.99357784,30000000000000.0,140,Antminer S19 XP,3010,0.09231188755389727,0.03114613030130145,12.920714450424548,0.031056449441190213,6.668610756893538,-357.4599625569038,380000.0
1776211200000,54.345678060796054,2026-04-15 00:00:00,litecoin,4188349807.3590703,401608509.4281612,30000000000000.0,110,Antminer S19 Pro,3250,0.0509999540384394,0.03451384426046755,21.91751247070249,0.024188915171686778,3.977996414998273,-222.78089166146427,250000.0
1776297600000,55.132963942513946,2026-04-16 00:00:00,litecoin,4247269953.6773334,359663102.1818477,30000000000000.0,140,Antminer S19 XP,3010,0.08627971529590085,0.026392909482335417,9.311346105549273,0.03149457472179306,6.232846632975877,-344.3738950809559,380000.0
1776384000000,56.373681066182414,2026-04-17 00:00:00,litecoin,4344333406.830738,421682779.7382775,30000000000000.0,234,Antminer S21 Pro,3540,0.0972370440416126,0.03901105825768438,19.909579954280847,0.05312797778075063,8.261259261775407,-454.57727185317304,500000.0
1776470400000,56.48374898723223,2026-04-18 00:00:00,litecoin,4352148921.797925,428041727.9997576,30000000000000.0,126,Whatsminer M50,3276,0.04968425000158853,0.011550061649738833,3.208695705586469,0.02948230141940852,3.906374472124896,-232.9734317878313,280000.0
1776556800000,55.772984539353516,2026-04-19 00:00:00,litecoin,4298615624.806606,297876992.1033344,36548527914350.98,110,Antminer S19 Pro,3250,0.035394897077517744,0.025143867949135843,22.449467752027168,0.020574112367493604,2.760801972046384,-186.3735024570334,250000.0
1776643200000,54.0832746146386,2026-04-20 00:00:00,litecoin,4169392857.6326003,290928225.81154495,30422234711037.39,126,Whatsminer M50,3276,0.04178763686947567,0.0315536184196765,18.034159620751264,0.02727419185397831,3.2855111612256547,-214.41377574781697,280000.0
1776729600000,55.00122024729934,2026-04-21 00:00:00,litecoin,4238874673.702557,320541794.0629025,30000000000000.0,110,Antminer S19 Pro,3250,0.08453972705439229,0.03587921413447537,22.59202542688564,0.024446072751425744,6.594098710242599,-301.25624579140185,250000.0
1776816000000,55.5734708858646,2026-04-22 00:00:00,litecoin,4284224902.976336,307032150.7849785,30000000000000.0,140,Antminer S19 XP,3010,0.10645017656031619,0.015377668357233702,16.238813605260155,0.03210538504934542,7.689960754717241,-388.0689944233702,380000.0
1776902400000,55.58845543509624,2026-04-23 00:00:00,litecoin,4285493132.1516886,343554234.0013713,34103198856187.492,126,Whatsminer M50,3276,0.03404971391118819,0.03400010445291044,8.721694367986249,0.024944282292599124,2.67712470655326,-196.2320793944865,280000.0
1776988800000,56.22634819191133,2026-04-24 00:00:00,litecoin,4334455150.114849,318266393.13410544,30000000000000.0,110,Antminer S19 Pro,3250,0.09607361331374815,0.026581212271556357,22.516348140593337,0.025231608123711318,7.493741838472356,-328.221973577126,250000.0
1777075200000,56.519161293811536,2026-04-25 00:00:00,litecoin,4356803925.764463,309958322.8690725,30000000000000.0,140,Antminer S19 XP,3010,0.06071867813550469,0.021896610459698897,6.613602631420283,0.03243554144942648,4.3863173085088585,-288.94978634511625,380000.0
1777161600000,56.0368907034061,2026-04-26 00:00:00,litecoin,4319990289.192833,200816227.07320163,30000000000000.0,126,Whatsminer M50,3276,0.07306755329275702,0.013951450857372807,7.972140529481581,0.029177999811533965,5.744863310089728,-288.1372259750125,280000.0
1777248000000,56.33613633489531,2026-04-27 00:00:00,litecoin,4344155760.104589,229928012.7026312,30000000000000.0,126,Whatsminer M50,3276,0.1135973594861009,0.03595887276726737,16.81940203204177,0.028679119234273263,8.931478792235197,-383.7506568566944,280000.0
1777334400000,55.51995759114895,2026-04-28 00:00:00,litecoin,4278585945.237427,321716720.7596481,30000000000000.0,110,Antminer S19 Pro,3250,0.05987743542622609,0.01471819624539146,18.36759118860927,0.025218248330144556,4.670439963245635,-243.5233181141314,250000.0
1777420800000,55.70070267956746,2026-04-29 00:00:00,litecoin,4294443869.1859055,255627587.80748972,30000000000000.0,110,Antminer S19 Pro,3250,0.07188032405455375,0.019293635776272976,22.305683612379692,0.025182856839843823,5.6066652762551925,-271.61113924912706,250000.0
1777507200000,55.28234688172715,2026-04-30 00:00:00,litecoin,4261713264.0655084,416632503.8373189,30000000000000.0,110,Antminer S19 Pro,3250,0.031231417328461297,0.018701365958873107,4.915257817349028,0.0250088081540588,2.436050551619981,-176.49791897064432,250000.0
1777593600000,55.18852108851211,2026-05-01 00:00:00,litecoin,4254913610.339135,279591601.7803539,30000000000000.0,140,Antminer S19 XP,3010,0.037343884800435455,0.03614242102572563,19.151952845261377,0.031210613272928355,2.697722237983457,-238.32868207464918,380000.0
1777680000000,55.39124713371144,2026-05-02 00:00:00,litecoin,4270934665.032269,311298839.12754923,30000000000000.0,110,Antminer S19 Pro,3250,0.05327324320213056,0.030181089826266938,17.72510528152712,0.024764930894177476,4.155312969766184,-228.08310783282687,250000.0
1777766400000,55.36270314081061,2026-05-03 00:00:00,litecoin,4269218202.8541536,202618265.84547445,31486047954960.37,126,Whatsminer M50,3276,0.032506701673896694,0.03390044191574117,1.5310693500863488,0.026910728916088575,2.5558069124084537,-192.53355217143763,280000.0
1777852800000,55.28502210021109,2026-05-04 00:00:00,litecoin,4263971749.3672066,227898858.65323016,30000000000000.0,126,Whatsminer M50,3276,0.08682377934434259,0.01751403696377497,9.293355389044967,0.028682501882161912,6.826432827169591,-320.5991764252895,280000.0
1777939200000,54.92492860457034,2026-05-05 00:00:00,litecoin,4237530976.680192,414871870.81871516,30000000000000.0,110,Antminer S19 Pro,3250,0.06837585211214603,0.028746222988209967,6.786370969442366,0.02459277581223237,5.333316464747391,-263.4283773347214,250000.0
1778025600000,56.382157012257906,2026-05-06 00:00:00,litecoin,4349133743.203894,377937158.49329877,30000000000000.0,110,Antminer S19 Pro,3250,0.07933306824552198,0.02715237949431246,7.3077701844967295,0.025286681398502382,6.1879793231507145,-289.04744591923304,250000.0
1778112000000,56.64989745097109,2026-05-07 00:00:00,litecoin,4369147565.35229,420685071.5211167,30000000000000.0,234,Antminer S21 Pro,3540,0.04571824673066966,0.034984911303648135,23.59072510931282,0.053611965963051074,3.8842222422376946,-323.2516416215726,500000.0
1778198400000,56.462787030763266,2026-05-08 00:00:00,litecoin,4357104461.821686,372474973.5100848,32279572002258.523,126,Whatsminer M50,3276,0.05663388264929545,0.03718261181443781,15.42665792351827,0.02667982104243955,4.452782389418205,-249.44974371793967,280000.0
1778284800000,58.191643579891945,2026-05-09 00:00:00,litecoin,4487690221.456691,380980139.93005806,30000000000000.0,140,Antminer S19 XP,3010,0.08974420273674526,0.010364703144321604,17.22422778704399,0.033789088777531784,6.483121205702477,-351.8132968410817,380000.0
1778371200000,58.01298458671267,2026-05-10 00:00:00,litecoin,4475651587.071344,284183891.3528157,30000000000000.0,234,Antminer S21 Pro,3540,0.11687724512673597,0.03022059757176378,23.43882329556022,0.05517300851124941,9.929890745967489,-504.5748654570205,500000.0
1778457600000,60.487980867067996,2026-05-11 00:00:00,litecoin,4667479945.778302,304577670.8572032,30000000000000.0,110,Antminer S19 Pro,3250,0.034537509624198826,0.011555073973591871,9.05284277898333,0.02756302589359668,2.6939257506875083,-184.15754841048403,250000.0
1778544000000,58.50274420415173,2026-05-12 00:00:00,litecoin,4513987189.42898,377398644.46085805,32322805511795.508,110,Antminer S19 Pro,3250,0.11013458887697394,0.026465759952320676,19.244164042867343,0.024369409366158862,8.590497932403968,-361.150522357801,250000.0
1778630400000,58.04239038266501,2026-05-13 00:00:00,litecoin,4478449271.708238,359534243.75519425,30000000000000.0,126,Whatsminer M50,3276,0.08191930811800875,0.018628981871310346,10.428743119307889,0.03007888318515211,6.44082368147032,-308.98901061522173,280000.0
1778716800000,56.947218343142566,2026-05-14 00:00:00,litecoin,4392959104.432384,275959098.6059952,30000000000000.0,110,Antminer S19 Pro,3250,0.08075276100800613,0.019203297985664235,20.868808123559514,0.025748790940477544,6.298715358624478,-292.3556636971867,250000.0
1778803200000,58.188593732324954,2026-05-15 00:00:00,litecoin,4490711681.65956,287796858.7193669,30000000000000.0,140,Antminer S19 XP,3010,0.07502506816869843,0.020588755103570697,4.335780991471276,0.0334382566683682,5.419810924506774,-319.9245133684855,380000.0
1778889600000,57.502212190661325,2026-05-16 00:00:00,litecoin,4437683817.460118,289985620.8981319,30000000000000.0,126,Whatsminer M50,3276,0.036245467731376504,0.028638773471488303,22.74446824954271,0.029495007151775558,2.849763654911746,-201.27472609946577,280000.0
1778976000000,56.17022644049739,2026-05-17 00:00:00,litecoin,4334835019.994523,220169104.31949982,30000000000000.0,110,Antminer S19 Pro,3250,0.03808891665625446,0.020021498970063077,5.250521001861112,0.025376285503885734,2.970935499187848,-192.53344307718555,250000.0
1779062400000,54.35054188177687,2026-05-18 00:00:00,litecoin,4192597186.0776424,216557329.18066195,30000000000000.0,126,Whatsminer M50,3276,0.08408208050931774,0.031980971517708415,7.829292167542357,0.027782476890072304,6.610869497964598,-314.1592772989024,280000.0
1779148800000,54.29284149437676,2026-05-19 00:00:00,litecoin,4192399092.377641,296446306.9725616,30000000000000.0,110,Antminer S19 Pro,3250,0.060686271429200245,0.02213582156721609,18.14861361856273,0.024475210623002282,4.733529171477619,-245.43828549230517,250000.0
1779235200000,54.43286335370243,2026-05-20 00:00:00,litecoin,4195968701.6209526,232883170.15325785,30000000000000.0,110,Antminer S19 Pro,3250,0.11255412599199126,0.012050596009298758,9.450123397569762,0.024791409149169746,8.779221827375318,-366.7995792134511,250000.0
1779321600000,53.90078606030282,2026-05-21 00:00:00,litecoin,4159906534.18651,247766466.7141891,30000000000000.0,110,Antminer S19 Pro,3250,0.0665931483623525,0.033512795274523215,14.597073042394719,0.024015771155901595,5.194265572263495,-259.2741606998945,250000.0
1779408000000,54.17454347251678,2026-05-22 00:00:00,litecoin,4180079024.1581006,251823126.70989302,32331124252674.992,140,Antminer S19 XP,3010,0.0428953312832377,0.01857274973778118,10.669764025666284,0.028946396072980194,3.098758731901091,-250.42770340817663,380000.0
1779494400000,52.52898756968848,2026-05-23 00:00:00,litecoin,4052957429.1760035,281837067.9962134,33449235730960.51,140,Antminer S19 XP,3010,0.09432469501518324,0.02298300638797788,17.816878490154764,0.027007033497447687,6.814015967896837,-361.943601365315,380000.0
1779580800000,53.42315497372901,2026-05-24 00:00:00,litecoin,4124434668.5644712,255665180.1359939,30000000000000.0,126,Whatsminer M50,3276,0.056401807929690885,0.030563316496657045,5.47995005684666,0.02734841557598638,4.434535746664016,-248.88228659930758,280000.0
1779667200000,52.769841784825765,2026-05-25 00:00:00,litecoin,4072028704.271205,194026209.1080178,30876717823039.047,110,Antminer S19 Pro,3250,0.07729232766203038,0.01997368471446136,1.4029916936850482,0.023164289517152093,6.02880155763837,-284.3357847103032,250000.0
1779753600000,52.58028919674987,2026-05-26 00:00:00,litecoin,4059122209.8105245,214630204.40695703,30000000000000.0,110,Antminer S19 Pro,3250,0.0928049506954653,0.01169756968440147,7.19830553935359,0.023956212831589604,7.238786154246293,-320.6115649091078,250000.0
1779840000000,51.863540264478765,2026-05-27 00:00:00,litecoin,4004626163.2907934,224396839.07138115,30000000000000.0,140,Antminer S19 XP,3010,0.11102377000818633,0.021217631410384408,11.383407956842326,0.029784408243010693,8.02035714539138,-398.05051544778445,380000.0
1779926400000,51.89454471468173,2026-05-28 00:00:00,litecoin,4006997765.4834914,234338623.55044255,30000000000000.0,110,Antminer S19 Pro,3250,0.10129720753215085,0.0383334574808291,4.032481252624286,0.02300655232624186,7.901182187507766,-340.5119357221124,250000.0
1780012800000,51.58637877926757,2026-05-29 00:00:00,litecoin,3983501795.4231577,285140620.38235176,36114246266294.1,140,Antminer S19 XP,3010,0.09087249610854517,0.029252031918956745,8.515134951753328,0.024407590702503573,6.564629118881302,-354.5399791786973,380000.0
1780099200000,51.829477581751185,2026-05-30 00:00:00,litecoin,4001995125.330144,238702606.9218355,30000000000000.0,110,Antminer S19 Pro,3250,0.09116698641556292,0.030144374460016207,9.599592439045644,0.02317337286539621,7.111024940413908,-316.80221369312204,250000.0
1780185600000,52.33558712003352,2026-05-31 00:00:00,litecoin,4040719129.519292,255236554.18945482,30000000000000.0,126,Whatsminer M50,3276,0.11513321796288778,0.028968464609129194,1.3774042485185651,0.02683574299141447,9.052234129114089,-387.4286182503469,280000.0
1780272000000,51.95493244343563,2026-06-01 00:00:00,litecoin,4012247143.9416237,248180999.78459334,30000000000000.0,110,Antminer S19 Pro,3250,0.05662416877468824,0.015969764168783103,13.999373956420909,0.023568967441404153,4.416685164425683,-235.96015257619504,250000.0
1780358400000,50.712509690677976,2026-06-02 00:00:00,litecoin,3922071814.5979486,317719617.8504853,34348838410924.207,110,Antminer S19 Pro,3250,0.030100088477656866,0.022550015923068403,21.2242422713109,0.01995832895287316,2.3478069012572353,-174.00212383579753,250000.0
1780444800000,46.85695246961007,2026-06-03 00:00:00,litecoin,3618558586.643567,410037212.1189965,34472120690838.39,234,Antminer S21 Pro,3540,0.05447591034583788,0.03252819395089955,3.641829910873258,0.03868958855145725,4.628273342982387,-346.0208459662612,500000.0
1780531200000,47.16924777152019,2026-06-04 00:00:00,litecoin,3643952307.362757,363174840.5076683,33193953612790.97,140,Antminer S19 XP,3010,0.04961022416640696,0.013041186926594775,14.347392321636336,0.024686580172567623,3.5838425937812386,-265.1080137415935,380000.0
1780617600000,45.60232187245014,2026-06-05 00:00:00,litecoin,3516955299.861423,437996007.0063114,30000000000000.0,110,Antminer S19 Pro,3250,0.08956511266025984,0.01833558328269137,15.95374091786031,0.020637416716131844,6.986078787500267,-313.1299077901907,250000.0
1780704000000,43.17332866143997,2026-06-06 00:00:00,litecoin,3328049166.9542465,539355319.5349997,30000000000000.0,110,Antminer S19 Pro,3250,0.08703404397889761,0.018289573253975608,10.06403233006292,0.019539087002736474,6.788655430354013,-307.240156967205,250000.0
1780790400000,41.27688952503779,2026-06-07 00:00:00,litecoin,3186197665.5577846,373923765.7090798,30000000000000.0,234,Antminer S21 Pro,3540,0.08341152444342514,0.02296056782783518,16.82634209674248,0.03955009727241009,7.086643116713401,-419.7461239165631,500000.0
1780876800000,42.92156236675384,2026-06-08 00:00:00,litecoin,3316027865.438022,375298085.9549268,30000000000000.0,234,Antminer S21 Pro,3540,0.03146190988885083,0.03941106222826555,9.85755704378429,0.040433524954558014,2.6730038641567666,-287.3104435093996,500000.0
1780963200000,43.08128433537112,2026-06-09 00:00:00,litecoin,3332896267.6252165,323702832.7640182,31597944178992.637,140,Antminer S19 XP,3010,0.09559002490055826,0.012025076400514659,12.111294911458437,0.02371033391978048,6.905423398816328,-364.7847252802298,380000.0
1781049600000,42.979340986084665,2026-06-10 00:00:00,litecoin,3320200011.5072308,274714495.63699293,30615326384315.21,234,Antminer S21 Pro,3540,0.05911773712369423,0.02556102983141785,0.1764730693062475,0.04024623497156088,5.0226429460290625,-357.8052346650584,500000.0
1781136000000,41.709717934043695,2026-06-11 00:00:00,litecoin,3221690716.9687886,245139369.39838517,30000000000000.0,126,Whatsminer M50,3276,0.0898550390105968,0.015380940460366314,16.60128273923253,0.021686460730074728,7.064762587169162,-327.95895045983923,280000.0
1781222400000,42.509751447574146,2026-06-12 00:00:00,litecoin,3286807946.849496,211983683.81320825,30000000000000.0,234,Antminer S21 Pro,3540,0.0800920585651938,0.03912029636229232,15.872224294673387,0.04005770712477017,6.804621295698866,-411.27024099055626,500000.0
1781308800000,43.041036254649725,2026-06-13 00:00:00,litecoin,3325382402.7372656,234848992.34910762,30000000000000.0,126,Whatsminer M50,3276,0.060845783288511646,0.013399105141823926,0.9216210558322695,0.022423707143859165,4.783938865275939,-259.51212141062905,280000.0
1781395200000,44.26215432532088,2026-06-14 00:00:00,litecoin,3419910582.8927903,199472876.45130482,30000000000000.0,140,Antminer S19 XP,3010,0.042111864039369694,0.022108030070847738,8.838002577483195,0.02539592918985765,3.0421610582040666,-248.8362872037596,380000.0
1781481600000,45.31383903105059,2026-06-15 00:00:00,litecoin,3499936213.0390644,224688309.4860647,30000000000000.0,140,Antminer S19 XP,3010,0.038497700789443284,0.03213654954503818,23.496764179000017,0.02573271600223203,2.7810739050293827,-240.99356900414787,380000.0
1781568000000,45.79473022375863,2026-06-16 00:00:00,litecoin,3538649188.8954988,304927108.6069541,30000000000000.0,140,Antminer S19 XP,3010,0.10483664998010012,0.031136632840823356,10.097677501646803,0.02603267040972062,7.5733995945624315,-384.75434105791464,380000.0
1781583981000,45.639424571878024,2026-06-16 04:26:21,litecoin,3527126760.0706234,314949542.24747306,30000000000000.0,140,Antminer S19 XP,3010,0.11265577878734022,0.022681859106817966,12.046689723164201,0.0261707880270054,8.138253459597458,-401.69581348044693,380000.0
