roast_time_min,temp_ramp_c_min,moisture_pct,density_g_ml,airflow,acidity,sweetness,body
11.745401188473625,4.96817760138721,10.241844910800191,0.6999340487458107,6,5.240096328373697,8.946718769032266,10.0
17.50714306409916,5.367178296875107,9.99747257738842,0.7493493545025188,2,5.021287155678196,7.144835741766924,10.0
15.319939418114052,7.272736966010902,9.056923475017161,0.7125333561312667,4,4.518459051982391,6.852046527095837,10.0
13.986584841970366,4.700021930299461,11.643600020608927,0.6166605166223592,7,4.6400078386084935,8.570301607975734,10.0
9.560186404424366,7.3482484240608565,10.859744963051773,0.6371160473567111,6,6.154628076877701,7.725764551584015,10.0
9.559945203362027,3.4406721548834573,13.194205953944023,0.6438656368061838,9,6.100292095931404,6.430733618101214,10.0
8.580836121681994,6.883992186043153,8.192657482892349,0.651572850728969,7,5.076987061732344,7.301876488334581,10.0
16.661761457749353,7.237738165273682,11.863207565330757,0.7130806783901009,1,5.622690747381073,6.134373310331214,10.0
14.011150117432088,3.9090882641866935,12.577693271069366,0.7007931559650787,6,4.692133384743642,7.578724394515153,10.0
15.080725777960454,5.151732661861002,12.556919415129842,0.6406320076728418,3,5.767425529485806,8.479748036603631,10.0
8.205844942958024,3.827498873318278,13.31644380257315,0.6135109686911374,8,6.03183625991446,6.624983749334494,10.0
17.699098521619945,6.533020644971089,12.374202456976965,0.6342864408949436,1,5.3779915607747295,5.706070786041945,10.0
16.324426408004218,5.676738840308284,13.566860369886179,0.7968762625237207,2,4.975756827720105,7.015760688402863,10.0
10.123391106782762,6.176616733541605,9.995939598925348,0.6937093899582945,3,5.279973340684649,7.415087839729408,10.0
9.818249672071007,3.982434834781056,11.019256500509258,0.7734691009404225,3,5.279094424377523,7.634207205065602,10.0
9.834045098534338,4.058729310262097,8.084477979697343,0.7697504933337687,7,4.482699370633904,7.819781291911224,10.0
11.042422429595376,3.2074866275495317,8.041745523819747,0.7023039114925748,8,4.928021545175519,7.213826480219632,10.0
13.247564316322379,4.6103376759786485,9.44075972270912,0.7413375416921087,9,4.34104676014965,8.036366316657082,10.0
12.319450186421157,5.798723306668375,8.60484318283451,0.6385504020825424,7,4.432658519841958,7.614316782593068,10.0
10.912291401980418,7.289674569986644,9.561268207614521,0.7376793409853817,8,5.399786085327352,8.476927424869567,10.0
14.118528947223794,6.3346372372934034,9.062259767170385,0.6544769158526579,6,4.787037020305333,7.338815039110316,10.0
9.394938606520418,5.1769816169987575,8.17112014903189,0.7664124193508302,2,4.904735180075198,7.305057374481253,10.0
10.921446485352181,7.765600571970689,13.455824878436296,0.616744826621782,1,4.235247882560517,7.476229859981223,10.0
11.663618432936918,6.59622600287916,8.04933878833335,0.7546277345770556,3,4.362282020825642,7.787192196020352,10.0
12.56069984217036,7.6508260143127504,12.416492866022512,0.6199873813137239,9,4.654854213439372,7.263667465650625,10.0
15.851759613930136,5.637939866360829,8.912887321517099,0.7762378473788618,7,5.699870410259152,7.519261056731147,10.0
9.996737821583597,4.294521373965698,13.4733777319976,0.6608409036270008,2,4.476114667543581,7.535724522701087,10.0
13.142344384136116,3.26413343182361,13.356775637539315,0.730878672966115,1,4.8151431160158165,8.340694546707207,10.0
13.924145688620424,6.630424257419253,11.923406878215545,0.697500455724056,2,4.880698094058542,7.844173959117145,10.0
8.464504127199977,3.6065149900276707,12.033404898803632,0.6732606290524678,3,5.989151227786065,8.231118074722785,10.0
14.075448519014383,4.513875641359836,8.032034851818132,0.7290883666366993,6,4.745627544360002,7.6555585174716105,10.0
9.705241236872915,5.662354539419487,13.909229396681612,0.7895045961102476,9,5.265547006937903,7.557823050295499,10.0
8.650515929852794,5.822082938898738,13.266995621454885,0.6082539494749244,8,5.915579404029515,7.7333282884456995,10.0
17.488855372533333,6.00291598493568,13.370637354380552,0.7837705711766209,9,4.796185717700276,5.455422102858653,10.0
17.656320330745594,3.831276651748503,11.95546722230523,0.7218163310042027,8,5.622915938986946,6.1604448743401585,10.0
16.083973481164612,4.898687024108244,10.068721571927219,0.7614628601538105,7,4.196662782761793,7.122608006930681,10.0
11.046137691733707,6.085971135584834,13.361891894542884,0.6767749906868555,6,4.855701502983655,8.316718458797451,10.0
8.97672114006384,7.849094323168924,9.749101568907154,0.6943685949675228,8,5.117394521640272,8.008179904476512,10.0
14.84233026512157,6.638155688498443,11.376269260053217,0.7737701503602329,6,4.373928585331774,8.155610891468264,10.0
12.401524937396013,7.613018785469789,8.598385834063293,0.6829695939619647,2,5.178911277981213,7.844409666501504,10.0
9.220382348447789,6.811060291570885,13.5317337807965,0.706931913349817,9,5.68841359495625,7.245320434147899,10.0
12.951769101112703,5.958584844462003,8.84462274662728,0.6040389846168666,9,5.205548102250882,7.9841385743388,9.986541064863989
8.343885211152184,3.9601168456817226,9.349380834382444,0.6317196011676084,3,5.603374768755767,7.198581000589252,10.0
17.09320402078782,6.333428259462565,11.34880494876929,0.72833730159496,9,4.474475622068898,5.865510595036395,10.0
10.58779981600017,6.116897829799536,12.58455800127789,0.7433953802127754,2,4.728317671936292,7.9822832798989545,10.0
14.62522284353982,6.012345852286332,11.716107835617795,0.7165201873568999,3,5.219676273025944,7.1979521726810205,10.0
11.117110760894109,5.448929339941204,9.392803476800937,0.6286620072551221,6,5.310360195447323,7.8471382117634345,10.0
13.200680211778108,5.643283019946378,8.005658255164942,0.6890810857155669,4,5.265541963583626,7.783632610150273,10.0
13.467102793432797,4.672212635590521,12.542903481844636,0.6710189532726379,8,4.824249010320591,8.963154308115687,10.0
9.84854455525527,5.596563463211516,13.911243955466562,0.6991322688070176,1,4.940015619736388,8.218295288711687,10.0
17.695846277645586,3.9877795283923914,12.859478721836542,0.7740658069108189,6,4.254874875252642,6.698347104279586,10.0
15.751328233611146,7.025871986801884,10.761239708939693,0.7551722877317304,2,5.273391289022382,7.782361740468959,10.0
17.39498941564189,3.928884773493539,13.422603568394639,0.6167979002778318,6,5.112005457652515,6.371695064818089,10.0
16.94827350427649,3.424831449447332,10.459086038710101,0.7780618395549129,1,4.431811478167772,6.153775211462711,10.0
13.978999788110851,5.181230131785787,11.149604505460806,0.6943534302299648,2,5.060537244478738,6.7237256963410585,10.0
17.218742350231167,6.291537197530309,10.8627786043741,0.7487724289771998,9,5.829335493348339,6.90869234292591,10.0
8.884925020519194,5.188584124667707,10.685743235993149,0.6280078462528704,6,5.693951835017095,7.791803433773917,10.0
9.959828624191452,4.383770659756543,12.651144615763435,0.7341439051414096,8,5.3455439545661765,7.411920416991743,10.0
8.45227288910538,5.790855919452204,11.160613443616953,0.6472652035218915,7,5.848111350733644,7.052118253599747,10.0
11.253303307632644,4.735011677060999,9.900302732151296,0.6876761794281863,9,3.43114697200404,7.571575789162194,10.0
11.88677289689482,7.664338450633165,9.54894900595087,0.6033725740164209,9,5.590023401896798,7.59980370975534,10.0
10.713490317738959,7.61322569801786,8.2264839018046,0.6303221275860952,4,4.476705536387193,7.665050747227408,10.0
16.287375091519294,5.5118590998604775,11.499170971298277,0.6184160986247239,7,4.576460641753555,7.2489676430237635,10.0
11.567533266935893,4.639419970091293,9.379768492406205,0.6479488345876517,5,4.524656881394756,8.521682996790794,10.0
10.809345096873807,6.685662069783195,8.888803532098299,0.6200036180048645,7,4.679399842104918,7.9172560174079765,10.0
13.426960831582484,3.183564717415333,11.922979782966067,0.7383820053239124,4,5.417133515017168,8.531366517808701,10.0
9.409242249747626,5.3738450302182565,12.087255546929294,0.6058079804418438,1,5.400537975006487,8.8501040704372,10.0
16.021969807540398,4.6816169713516675,12.512929353545996,0.7235481001249996,4,4.5442775624920495,7.390904464332112,10.0
8.745506436797708,7.602679425512774,11.02146137803155,0.6281415661651149,3,5.034535106847743,7.439633193139172,10.0
17.86886936600517,3.060015136363413,13.36432763122332,0.7890322914355794,9,6.530984133553219,5.114687184150238,10.0
15.722447692966574,5.764074378591745,13.618056520389366,0.7866188146219709,5,5.014420352424288,7.609198161710339,10.0
9.987156815341724,6.7033179053331295,12.844225638754937,0.6451006205041925,4,4.786661445129122,7.828665461574661,10.0
8.055221171236024,5.425089937620206,11.813560892049123,0.7228842596446059,8,4.691487588092326,7.265716471789731,10.0
16.15461428454834,3.427015150813608,9.822325721547132,0.6056010638944916,5,4.067608368318736,7.025594120095053,10.0
15.068573438476172,7.862306950139511,13.897669529721327,0.7863577086102349,3,4.198554776451597,7.3117998882258375,10.0
15.290071680409874,5.59005215688049,9.64481700315163,0.7045974616383419,2,4.829450354416974,6.959261759445174,10.0
15.712703466859457,6.070931221595057,9.215941531942587,0.6086446302835558,8,5.391215724710732,7.714563812700461,10.0
8.740446517340903,4.183048913537537,10.652924682719497,0.6684999986016275,2,5.607542168348048,6.114306188950589,10.0
11.584657285442725,5.4174904255340195,8.34104342427433,0.6153698923722468,8,5.345433227491443,8.213074110727172,10.0
9.158690595251297,5.145747459791609,13.870966788030746,0.678588887874672,5,5.47238321048108,6.838478176950431,10.0
16.631034258755935,3.374479210009919,11.530601338498549,0.7339852684322646,8,4.379989388538498,7.567210680102127,10.0
14.23298126827558,3.5308017677373362,11.34171254998505,0.6939779816082879,5,4.903375697563201,7.5843423276089155,10.0
11.308980248526492,7.1873625980938725,11.93477767939832,0.6767444349438909,1,5.023418331241411,8.255855244199289,10.0
8.635583502860236,4.199099761032951,10.98214188666324,0.623831409108093,2,5.268683044303818,7.529719304208362,10.0
11.109823217156622,3.9747913574931526,8.19238110256725,0.6489878091387312,6,4.661998776628046,8.557720736446631,10.0
11.251833220267471,5.524557256250696,11.67386773304238,0.6200286575476702,3,4.722512187144771,8.894501668258242,10.0
15.29606178338064,6.843735656812565,12.297043261738583,0.7614997463313322,8,4.009027094438315,8.03649559330873,10.0
14.375574713552131,3.3097325928949397,10.50049436374432,0.6270479655969445,5,4.033172385807835,8.02714717055019,10.0
16.872127425763267,5.884039598191279,12.543773432427157,0.7190746733097787,3,6.3132412504606155,6.671230334846406,10.0
12.722149251619493,3.596052214202867,9.362007796030523,0.6685480827177692,7,4.052137219167493,8.216612030333401,10.0
9.195942459383017,3.1823052541280923,9.327659546397104,0.6451956769310367,8,4.29690061956405,8.121155932207673,10.0
15.13244787222995,3.263719760811087,8.968501926125445,0.7278936878984208,4,4.403604295224813,7.31637803150067,10.0
15.607850486168974,7.170820541042207,10.231968558734971,0.6914004618753882,9,5.051433746709616,7.383310113501377,10.0
13.612771975694962,3.589862418140308,13.082072212334502,0.6800290934569119,6,4.949601866282618,7.488723840201713,10.0
15.70967179954561,3.22575682206146,12.967472372894386,0.7185704009784444,1,4.324099729073396,7.745387096274997,10.0
12.937955963643908,5.189499435714561,10.296945247781023,0.6982535256980001,5,4.71964753194658,8.206670490583262,10.0
13.22732829381994,7.2199673597101235,11.534712415881419,0.6606968417103122,5,4.394700868335893,7.289455821406803,10.0
12.275410183585496,4.312041882446509,12.324897898849494,0.7118122575530503,7,4.795388847885897,8.165160635788233,10.0
8.254191267440952,5.108563087629582,9.447240647768139,0.733899715310139,7,5.2939679170343545,7.20071366379594,10.0
9.078914269933044,3.199612662818756,9.008846515368482,0.6053386317173708,6,4.862647865506891,7.636951022177816,10.0
8.314291856867342,5.24539257067438,13.832575959273866,0.693174345781535,8,5.097824185024929,6.970684428784969,10.0
14.364104112637804,5.888065403185668,11.705343879257711,0.6115366569167088,2,3.5989759968211263,8.379325328820675,10.0
11.143559810763266,5.854535268760724,13.888494331001983,0.6372810828136222,7,4.699753258026529,7.6357961543055195,10.0
13.085706911647028,4.662133460871826,10.026535922793375,0.7121017468155947,7,4.6302884219890235,9.003830364106033,10.0
17.07566473926093,4.577665903315678,12.21819019984479,0.7732377830531162,4,4.38256930123139,6.786758605097158,10.0
10.49292229148875,3.5331180946829894,9.335621819247427,0.776561135837697,2,4.740352052826,7.739658817970134,10.0
12.103829230356297,4.8339916032313415,9.567201027643478,0.6139888020277262,4,4.584388513867557,8.223934657855285,10.0
15.555511385430487,3.497473344364823,11.071412727617744,0.6838210172573413,4,3.888070733799556,7.522475101558205,10.0
10.287981654916225,6.832979723560258,9.917708753048426,0.7166012966009103,6,4.559124982577951,8.843264821512282,10.0
8.76979909828793,7.831371488740929,9.005729383043507,0.6294139809100686,7,4.88993428854122,7.7106104131381565,10.0
10.89751452913768,7.8503722833335345,9.577284211935956,0.7530864433489544,3,4.934532466440721,7.012042114568153,10.0
9.612212872540045,7.325355496876969,8.214490366795188,0.7488470516874478,1,5.7046809373118705,7.397741916978752,10.0
17.29697652342573,6.0039607466980955,12.22654172886492,0.780668202741359,3,5.161587728916943,7.0022631276155805,10.0
16.08120379564417,6.5043284862194,10.952699942515169,0.6016972024166886,9,5.472984215870979,7.08030225546065,10.0
14.334037565104234,4.42602901340207,8.565458398427154,0.6433368487978005,1,4.585472614286354,7.476570356992076,10.0
16.714605901877178,6.153852100863103,9.030163958770947,0.7654373428490644,8,5.195277896741081,6.5534062206517225,10.0
16.036720768991145,5.278247747199387,8.615207228675864,0.7341160101653871,2,4.919314348376092,6.7252487660703615,10.0
9.865700588860358,5.410086698884663,11.675556849655258,0.7788779707396982,6,6.233120429203188,7.89953803797585,10.0
16.925589984899776,6.78888280187579,8.565262181674964,0.6114359309060533,3,4.977620397217777,6.4543747804677,10.0
13.393422419156508,4.409591777986258,12.525693998211297,0.7193927931432886,7,5.058014286042247,8.575316370965526,10.0
16.074401551640626,4.590198058472599,8.123065515922347,0.7138093149787349,2,4.993432317420786,6.755512190213679,10.0
16.96091299923493,7.623208955643183,9.496254727975353,0.6071348832721064,4,5.624253769676241,6.11827923637853,10.0
11.180034749718638,3.2811214742548613,13.344000055351444,0.7027044153824967,9,5.1218412278932215,7.956871592767548,10.0
9.100519245276768,5.428171492066702,12.311187908733476,0.7219040622619849,6,5.3745380416851924,6.561837354312078,10.0
10.279351625419416,7.564004002039309,8.437809997554126,0.6382586348404214,4,4.375645963328675,6.648913119777793,10.0
12.271077886262564,6.051815039090785,12.926756626911079,0.6546659166249326,2,4.173743177446383,8.308642511061155,10.0
16.180147659224932,5.73203537106066,10.958210729241229,0.7280694692595474,9,4.601730347509316,7.153659734138559,10.0
16.607305832563434,4.248720896146776,13.080698163012975,0.6936601895199916,4,4.8419763827828985,5.895474581469661,10.0
8.069521305311907,4.716377445322241,11.604438646702361,0.7716027315136654,9,5.553471303120848,7.272980854464278,10.0
13.107473025775658,7.260242079023465,12.090998192197151,0.6684763532018376,2,4.361331371495805,7.792806511048214,10.0
12.174110031487789,5.7960906588422905,13.961009362374249,0.6533319316776403,7,3.7183797209457428,7.2368512713738475,10.0
10.221078104707303,5.5737109687838995,9.39401327554411,0.7969731880689686,5,5.470938275499171,8.207383360520128,10.0
9.198653673336828,3.497898567700145,11.74367344856833,0.7822271540260167,8,5.403186315047932,8.366872526210898,10.0
11.37615171403628,3.0801407822756155,10.76192834034439,0.6057985489997959,8,4.811708956175915,8.943028980176948,10.0
17.429097039125192,7.818425943435246,8.23671171753615,0.7541457230613132,4,5.796854236434326,6.689681441503702,10.0
11.232029320207552,4.884930836434208,8.08682384901719,0.6220669547650406,4,4.397300461414957,7.9817243473487345,10.0
13.18790621743366,6.016065310497521,8.715371466907152,0.6054970389658741,8,4.601851180737503,8.816541829353906,10.0
15.030189588951778,3.398575365936425,11.894550443231289,0.6547391031932698,3,4.832817666286025,7.667064747760102,10.0
11.63629602379294,6.415571428615233,11.402978527480354,0.6538691758122208,7,4.545480061484063,7.823057724242332,10.0
17.717820827209607,7.662833543529804,11.320577366982365,0.763863752469393,8,4.8455466501213,6.037359225108152,10.0
17.62447294942111,5.878326264987098,8.19114057516956,0.742133449188567,8,5.656468037873867,6.695135662320848,10.0
10.517822958253642,3.6305766118770526,10.815817978160043,0.7963218854664029,4,5.046484036398186,7.071838572698959,10.0
12.972485058923855,5.908607637367384,13.547736907055171,0.7423025800623637,9,4.982581063697713,8.532507846461755,10.0
11.008783098167697,6.831736065523262,10.38555121586388,0.6836511106512095,4,4.416958340653338,7.2555033987762965,10.0
10.848404943774677,5.032082682870094,11.749534818730737,0.7397855321890434,8,5.266902164143196,7.509802284485005,10.0
8.368869473545328,7.3991887397073395,12.67891205373886,0.7998918134372804,6,5.094408075895826,7.495337000690423,10.0
14.095643339798968,6.243414766786822,12.703551674851326,0.7420283765125056,5,4.8077099241757,8.65321791877397,10.0
13.026790232288615,7.496244591446013,11.115680494371627,0.7523362711960637,4,5.65927973173716,7.8129815006801895,10.0
8.514787512499893,6.117526556236686,13.147711672414019,0.7876730030380519,5,5.789257214662821,6.867253819173533,10.0
10.786464642366115,3.656439860024121,10.348268560182483,0.6227302522623367,1,5.030872529545404,8.460091399043126,10.0
17.082658859666537,4.548458555525945,13.332159288708791,0.7409568586895454,7,5.763637799046078,6.487862583653539,10.0
10.395618906669725,4.008974741262285,9.441362998373272,0.7701611915934898,8,4.640741024236105,7.03170059412009,10.0
9.448948720912231,7.544132488584312,9.681298441943426,0.7908757200441786,9,5.364642751369573,7.977667327027066,10.0
12.89452760277563,6.8020003364374135,8.318723745194006,0.6421938579423399,3,4.256517398849312,7.848879314370179,10.0
17.856504541106005,6.38199184455003,12.773491019253697,0.7007858015448488,9,5.099565623329374,6.163070228204231,10.0
10.420552715115004,4.504831598158108,10.502331417396233,0.7361109695288964,5,5.716553492990795,8.243798069325745,10.0
14.721355474058786,3.9202238602510677,9.374699683468394,0.6494935459002675,6,4.86129705630747,8.043550422969096,10.0
15.616196153287175,6.782255439944559,9.390741665699478,0.7200945726500548,1,5.526593699050013,6.97039544955602,10.0
10.376375439923997,5.370789729395399,13.408399647375399,0.6515157564995999,9,4.877670822706578,7.9293625610971805,10.0
15.282163486118595,4.128947760753146,13.00349960276622,0.6666914041063294,9,5.391006134468945,6.682222981523102,10.0
11.677831327192532,6.083109890826376,11.3211853121431,0.688303739302173,6,4.774750779118019,7.866250041197941,10.0
14.323058305935795,3.2016692606922597,11.696664802494327,0.7058380197493134,8,4.762945214962255,7.291396915653279,10.0
14.335297107608946,4.6308512706412674,10.845953423301745,0.6898731743250301,4,4.708880356583741,7.622169251181384,10.0
13.357746840747584,5.342784972955673,10.349999257272852,0.6986391039575859,5,4.846971623407736,7.703000830064132,10.0
8.902897700544083,3.7397916705470293,13.492861287309989,0.6597177512576585,5,5.126094885876578,7.429466538647865,10.0
16.35302495589238,7.9232723879541975,8.753676221121813,0.6317930188045261,7,4.245676439451957,6.216848433332176,10.0
11.207800649717358,4.045486822948071,10.510680738297367,0.6094699954653678,7,4.784348358578063,7.309641795058845,10.0
9.865185103998542,3.6517656502163276,10.067371447927252,0.6391957444983335,7,5.0937120002072,7.663732116415168,10.0
8.40775141554764,4.017674369434482,10.98890432150689,0.7163887283011566,5,6.211940601248733,8.101997709082607,10.0
13.908929431882418,6.845305665798621,10.74579124727105,0.7572230895606265,4,3.5463684861469913,8.183811421039264,10.0
14.775643618422825,5.127528296359214,11.113337189906488,0.6338495194885789,8,5.5377511358424645,7.831787551021161,10.0
8.165878289278561,5.82707969876269,8.839513863361965,0.6217110715545296,1,5.991877435091807,6.967250338533405,10.0
13.12093058299281,3.1050457849318036,11.078849009079663,0.7498580721098501,1,5.010828235623659,7.464902595963275,10.0
10.264957751979379,3.172156542866573,9.454512883323265,0.6610316661074579,6,5.02623930950706,8.1618182437771,10.0
14.451727904094499,5.229127749135081,9.105988093929147,0.7902998878454706,2,4.1940404321924,7.116963777077501,10.0
9.743664290049914,7.083276216008118,8.389005312717147,0.7428635941220746,3,6.028646636223323,8.561412241500385,10.0
14.90937738102466,7.426194393537826,12.575915352536846,0.6653512094486062,4,5.358505067982956,7.555070976233156,10.0
11.867353463005374,3.433532837978201,10.56465152513936,0.657908549558741,2,4.856528509437431,9.006417159695015,10.0
17.367299887367345,5.691815510505114,11.75986209987055,0.7047396772542618,7,5.297685822991159,7.41128427660556,10.0
9.375209441459933,7.5661484313963525,12.36556005982846,0.6158289336556418,1,5.082261412432948,7.866175233449511,10.0
11.410663510502586,4.939863771989431,12.075899991881322,0.6235353025290598,3,5.074765765605924,8.173475995745035,10.0
9.134735212405891,7.147829157141843,10.823004314538094,0.6351715762632385,2,5.173336180052044,7.267009316616368,10.0
17.24693618278563,3.668478271997181,10.327391173710378,0.7549447186609121,9,5.280106070118959,7.284495868974367,10.0
16.77339353380981,7.676972448338994,10.255759457843983,0.7027714718538245,8,5.24068638786966,6.670043954957617,10.0
10.579416277151555,6.757116587656514,11.840292781580338,0.6021134245548886,3,6.109340148002183,7.054896803151182,10.0
14.59984046034179,7.706671963934508,10.96876612965124,0.7347033054944219,5,4.259696175091961,8.239002795510089,10.0
16.17222200201216,6.383086167762532,13.094793487931064,0.6847380357320995,3,4.988432577987262,7.402507104687584,10.0
13.552008115994623,4.817019659997135,13.248211905960272,0.7021704729927596,6,5.281823831041132,7.622094849738094,10.0
13.296505783560065,7.690905862623612,9.023362268039111,0.6428232486825871,5,5.080045655329449,8.048428434614397,10.0
10.418522909004517,4.377833881545892,8.817401909274354,0.7103564456788207,2,5.260273154496028,7.891304527258787,10.0
8.931027678058992,4.660862610308663,11.782405556215997,0.7958306479502978,8,6.753735820913111,8.268180899934745,10.0
16.972157579533267,6.504042090008702,9.807354488373676,0.6146889382011522,6,5.607852170332352,6.260402811983237,10.0
17.004180571633306,6.826581497626932,8.111424312590593,0.6567834799328861,3,4.758536645420218,7.492910695476859,9.878823664683859
14.331014572732679,7.647017419245769,13.331856016177731,0.6485995185721659,1,4.326743262290408,8.393390805776686,10.0
11.390297910487007,4.024012045281047,9.36140460346285,0.649709862150236,5,4.760761530205495,7.661170011334124,10.0
11.492095746126608,6.98999017609612,13.575683910114854,0.6757412715130755,2,4.5502556772682965,8.197389702001402,10.0
15.259556788702394,6.692730266984817,12.304606705269522,0.7636219569488335,2,4.817647152050007,7.742654915049768,10.0
16.97110259952577,3.3189727812679894,12.575920939468906,0.7825717379928775,9,5.232666684036262,8.253730040722282,10.0
16.870864242651173,4.936115706051035,9.208768974758963,0.6404430174917947,7,5.178782131483318,6.423367721848558,10.0
15.798755458576238,4.413827285300493,9.405166553700877,0.7085899875896225,6,3.6203822580808267,6.315726900190762,10.0
14.420316461542878,4.522452121770152,11.127606522944394,0.7273797944330961,1,4.324305231227327,6.702039545408619,10.0
8.841399649950489,7.914734397773504,9.032599115899172,0.704365494872769,2,5.629996873401445,7.606743958814621,10.0
9.616287140946138,6.213887067399639,9.832590156098194,0.6868152788393839,7,5.902975316230244,8.228271956109115,10.0
16.98554188527079,6.588380788967498,9.928774867686826,0.6383951011718476,3,4.864972597812541,6.312431731938356,10.0
14.0642905965959,7.883088186575046,8.957779599516584,0.6976438718398477,2,4.483273560249423,7.691309710806719,10.0
8.091970516166297,4.886008912288194,9.231097000370964,0.6802429655422658,6,5.4462486349476045,7.014945510184173,10.0
9.01471542866032,7.00920084226403,12.73131105204954,0.759112672500454,8,6.08850782268358,6.98288244491044,10.0
14.635017691080558,5.172654816522477,9.00317512728361,0.7527208718325991,8,4.7443562188523964,7.954486040964161,10.0
8.050615838462187,7.347668359074898,8.170744351063535,0.6267997362411342,2,4.383009984512008,6.346767040260801,10.0
9.608080514174986,3.903287706556516,11.77612965577363,0.6177038105126135,6,5.976811376024578,8.032985360753267,10.0
13.487337893665861,7.738430885321398,13.8558987163547,0.7816307886455006,5,5.013197541323695,7.674275676803023,10.0
14.918951976926932,4.093858542054399,9.98728288773873,0.7071016777928996,7,4.095573428647407,8.066280737509658,10.0
14.519612595026006,4.631102534904658,8.711934219177515,0.7715601874565182,4,4.453288103882853,7.768844721720482,10.0
10.242693094605597,6.780961170533902,11.422323952205184,0.6116302241132802,2,4.555436445862427,7.070480831150468,10.0
15.12179221347536,4.968775707827033,13.438125266573877,0.7053031233043261,3,4.658151335201572,7.669062571805095,10.0
10.372490874968001,6.041056883832233,12.704370678970873,0.7078853029152473,9,5.67321827753113,7.676083059969335,10.0
11.253996981592678,5.222867505347143,11.735095210476295,0.7721404065084301,8,3.862854334263746,8.518691473917608,10.0
15.46491405118024,6.711849685448909,9.890338979645596,0.6195219996459415,9,4.631271535662166,7.763435169956201,10.0
14.496328990472147,4.141656261843054,11.25128103965732,0.6480891127351819,5,4.762818572796782,8.260314321902595,10.0
16.49223410494178,3.292289936184385,8.547469047825532,0.6813076627774026,5,4.931320713384397,6.818362713597175,10.0
14.576128923003434,4.499646987365331,12.073672545684019,0.7731682950839884,7,4.3146542697529044,7.21014050872642,10.0
13.683086033354716,5.371543324342151,12.350576113385905,0.7877766630141134,7,5.265301997977723,7.851069703572103,10.0
8.936747678280925,3.8401002609633927,13.790189737459514,0.7985449239187257,1,5.167171489547937,7.897363385334763,10.0
11.677158030594335,4.773986448281944,9.562384152470429,0.7918386972917043,5,4.605350225775718,7.515505380072235,10.0
10.652023676817254,4.999915091467843,8.110738514258136,0.6011883511688708,8,5.055423966665481,8.063524484108202,10.0
10.439896433790835,3.2869592184413676,11.273650786562904,0.6095416682907744,7,4.777683675425974,8.066307434540846,10.0
17.730105547524456,5.9165362409210225,12.240743026380887,0.6295213638315177,2,4.969769478564125,7.04597416977221,10.0
11.930977246667604,7.421717139856438,12.742444855297927,0.6697724193540546,8,4.262905170266972,7.478620070166883,10.0
16.920465551771134,3.758714564765262,9.162433598148864,0.7659836061973918,2,6.1477228227642815,7.035681207962628,10.0
14.311386259972629,5.98904006700757,9.570517214222143,0.7785312390670961,1,5.091987983110047,7.486915191043276,10.0
15.948113035416483,6.3236960245542315,11.075545551603778,0.6373668812589166,3,4.680619180724964,6.84303072318446,10.0
13.026370931051922,5.0966734020964415,9.98360485982001,0.7239328303239417,3,5.305168572738503,8.918538729398326,10.0
13.76903884626359,6.50548793682135,13.16306891952467,0.7834723970130554,6,4.93410137253349,8.06618612482353,10.0
12.925176938188638,5.05365771745506,10.842560922432321,0.6927463471862642,3,4.6909209740962305,8.725669315053757,10.0
9.952429877980444,5.523186439887175,12.797471864612017,0.6207087143905567,7,4.495055567512182,7.416847729320387,10.0
15.224521152615054,3.036765222772135,11.483718562894122,0.691562730016925,8,4.360068699467344,8.31841742058119,10.0
10.807723624408558,6.458600570673444,12.638540849702672,0.6751589804576115,3,5.342265010304754,7.72511832088839,10.0
8.243159664314538,6.306713394723622,9.996037919181942,0.7155315992132014,9,5.820083409991144,7.691817459060614,10.0
14.454722959071677,3.192004386631723,12.988499731581868,0.6877317368814208,1,4.01790631666878,7.226136582033885,10.0
9.771106794070489,4.841250536975665,9.647433893306129,0.6034691853707436,3,4.8435219199459265,7.215147692188339,10.0
17.404585843529144,7.895159203958337,11.276592848019744,0.7987995466827342,3,5.5038993514180365,6.526231884623076,10.0
17.539285770025874,5.1036828128430844,9.284042679043246,0.7087080475461142,7,5.7535672352895855,7.240302012646239,10.0
17.148643902204483,5.509727025659209,10.85315912975716,0.6947261510969219,5,5.360578236286203,7.306479854930155,10.0
11.701587002554444,7.549650790798593,9.90905125705222,0.7909234743008109,4,4.518380522839423,8.066206545501814,10.0
8.154566165288674,6.586309379328782,9.600220583823285,0.6311720735174154,2,5.589257063731384,7.099074712658296,10.0
17.283185625877255,5.910350655621118,13.801910108168226,0.6378475205090497,7,5.029318760030654,6.763616158832697,10.0
12.281841483173142,6.989023406705362,8.960444632920384,0.7616029498125567,3,4.890833306446998,7.469983133886159,10.0
17.666548190436696,7.321831332279866,12.723955024744372,0.6521662160050018,7,5.969016606020093,6.464515100912573,10.0
17.636199770892528,5.284440358686334,13.90498975689929,0.7598454212583055,7,4.83098969522871,6.435323976628686,10.0
16.5300945546736,5.375541824659177,8.119408902440467,0.6543066965817005,2,5.113741141204313,6.999786768031787,10.0
10.944488920695857,4.930254678259179,12.19416448425257,0.6066375260450003,7,4.7894973799154155,8.176521761125713,10.0
11.850977286019253,7.833530700092303,9.517470833337722,0.7034029447773432,6,4.601181091867175,8.394910363679767,10.0
16.51136671516857,6.485831271451752,8.242926945969828,0.6393372868253723,4,4.899746033701535,5.787322850108569,9.387913705535022
11.169220051562776,3.4161153310403614,10.417337473739785,0.7515692585864943,5,5.46396419729873,7.550041318714594,10.0
9.694927466860925,7.314798116565092,13.61130686102525,0.7282399266464297,8,5.353566854826232,7.406558557211555,10.0
13.5680126245835,5.402799704181341,8.070590566201986,0.7847205335955836,5,4.4287442922377505,7.797897569414396,10.0
17.361547741607808,3.343769532112437,11.52731415157869,0.7565976714531472,3,5.478279185003085,6.527564842842476,10.0
14.96029796674973,5.748586275816555,11.008378871571946,0.6361551909681453,2,4.466684748503943,7.878915318539517,10.0
13.70061170089365,5.0858213948785105,13.240304986226285,0.7600316473329592,6,3.7760961035968252,8.016400807043759,10.0
8.971764937707686,7.388747024313124,8.504010287123753,0.7283474089628047,6,4.0850516989705525,8.140612288083302,10.0
14.150072266991698,4.019973018046937,12.089156179319902,0.733790328352125,7,4.937069669497764,7.618784961108227,10.0
17.900538501042632,7.132323047460915,12.080658190599664,0.7664525771940298,8,5.150236943736089,5.919601408264216,10.0
9.400840152365241,5.788443455927264,12.0144801011737,0.7147648138377881,4,5.6293238250544295,7.592264418068217,10.0
13.183296523637367,3.273051516067345,13.654006969610222,0.6932007028706025,8,4.860903207305206,7.944883807248287,10.0
16.773730719279556,7.859226506627423,12.938525174041283,0.7273282070717456,1,5.152022499134217,6.910286881766422,10.0
15.407686177542045,5.563076220516,8.251836357461036,0.6595914857916718,6,4.570307318871576,7.29140694182128,10.0
14.97015740995268,4.454384271157912,10.826497104227078,0.6365194262174199,6,5.007864549979535,8.101816685383467,10.0
15.024840839871093,5.34703420994629,10.387718337208002,0.7233175676142493,3,5.528388844878417,8.035172162699343,10.0
11.594911512197552,7.289288917587445,9.860883326544812,0.6467696738170955,9,3.747696685011146,8.535580119365754,10.0
10.935918442644933,4.5245156219253175,10.708020350924583,0.6159830218693213,5,4.764198649014383,7.4500483866608995,10.0
16.093611554785134,3.9633819824335017,10.305165109555865,0.6001108369170508,1,5.567831938106325,7.524441836966186,10.0
16.10113394679181,3.6453562346544075,10.594003399271992,0.7216638802800135,7,4.323745615792515,7.961921382219928,10.0
16.670723185801037,4.489296991951056,13.875571193651854,0.6724297566960473,3,5.067566883414743,7.468923702822731,10.0
17.132405525564714,6.900240435200217,8.531797848497485,0.7504621941346912,4,4.757990485406371,6.4260946497728355,10.0
13.113423988609378,5.358131825976308,13.533385219032379,0.6750352796626204,6,4.534309599721086,7.772110312818725,10.0
13.015162946871996,4.1374080184677,10.88142028082616,0.6972006896476454,8,3.7830983777900276,7.163568932725157,10.0
15.982951789667752,3.830924998048746,11.742453472997248,0.681416994563077,4,5.369647087504767,7.849752688472753,10.0
14.499639307777652,4.663647382551895,12.981097799706163,0.7301149582218692,9,4.782773238755045,7.199255933617621,10.0
15.019668772577033,7.699621864428544,10.162778174895534,0.6712278324029937,8,4.029771589710326,7.304496184961096,10.0
15.95792669436101,4.715133562950122,10.582531448527801,0.7927535299884618,6,5.082632106766226,7.496187145294061,10.0
16.900053418175663,7.9406203797731765,10.457110881672284,0.7872293973197061,7,5.152311878172984,6.871731794182595,10.0
11.379951568515358,5.42615227882678,10.24838613521456,0.7696055805314563,8,4.436725077739829,8.16303256489934,10.0
11.75582952639944,3.8958195914507545,13.55317592988137,0.7840600541145497,2,5.725421780670497,7.70886862563812,10.0
8.93981939840869,7.455700458967547,12.973579347158072,0.6898279376918782,5,5.503803629039441,6.902393355720086,10.0
13.78280140996174,5.301776865674134,8.653999939177856,0.7072860793578984,7,5.317837470826461,7.949152828908789,10.0
8.35942273796742,6.548356717522622,8.648740114862576,0.7484185185116489,8,5.328295525374238,6.897098425562423,10.0
12.655980181324601,7.918557916045759,10.567217089117946,0.7392291849877083,5,3.867922485628169,8.238707513055605,10.0
13.426446347075766,3.25087675159987,8.591944260396854,0.7781357191210942,3,3.505126237970389,7.452439317457602,10.0
10.865412521282844,3.483472798937836,11.714558571626718,0.743266205451339,6,4.342446776008844,7.8609012510719705,10.0
13.908332605690108,6.602283707313781,8.862149643570403,0.7995769416456922,5,5.350521423909314,8.675901049460762,10.0
8.305002499390493,4.40912501647736,11.134239583800806,0.6697011599663182,8,5.170268001284783,7.426519300943646,10.0
8.373481887492144,3.9215069847504953,8.043319682022307,0.7665995484478836,9,5.925269425487695,6.942476080741955,10.0
16.226005606596583,3.1968093990986475,9.899578090475881,0.7395269645665329,9,4.334470981357653,7.356592139295376,10.0
11.601906414112628,3.109233559931009,12.063144342035933,0.7382772890430037,6,4.425310195351207,7.921151705804021,10.0
9.270605126518848,6.872428015598954,10.90423364136709,0.6651671189689998,4,4.902594079280533,7.233207886891199,10.0
13.222432600548043,3.67216713684775,13.869616915993928,0.7571203584846046,4,4.77961417697463,7.937456785717683,10.0
15.699935530986108,5.338603079855755,13.244622776397264,0.7800752044695198,9,4.158597411525698,7.935613946204572,10.0
10.158210274968432,6.029484075897415,10.154424674258907,0.6437096923041126,4,4.571923609803963,8.132382907387843,10.0
14.228904758190003,5.141759002844231,8.272919248833647,0.7250993674233408,8,4.574152680425425,7.660605865004732,10.0
8.85347464993768,3.1355332616811653,13.073757800690114,0.6784269658205551,9,4.5972994036548265,6.898561840680093,10.0
8.516817211686076,6.917507512939544,13.467405861888029,0.7979096238589755,5,4.482835017485838,7.760538825035103,10.0
13.31354631568148,3.052566122708267,12.923764360514221,0.6957665631663363,6,4.6809594792810225,8.152718852891422,10.0
13.406351216101065,6.80944947188742,8.76769964551859,0.6456640347593885,3,4.003083479767247,7.087891371898194,10.0
14.374299014982066,7.466522468940614,13.987490806473726,0.6763715250443665,5,5.306477336256887,6.977392054524722,10.0
15.260913337226615,5.164199605285861,9.551505329316644,0.7307676779633253,5,5.399183664329371,8.254681344404561,10.0
17.758520794625348,5.677712365488992,12.345229476850221,0.6152178742699153,2,4.962415864356432,6.502001917064684,10.0
13.163003483011954,5.384916963088269,13.44820925801433,0.7207203840442475,6,4.968546270682733,7.236199854792724,10.0
11.22956472941246,4.946043093117194,9.414122685984257,0.7862449518357797,9,4.833959437277552,8.538752084183589,10.0
15.951861947687037,7.437122676851802,13.449551328062396,0.7700725575315701,7,5.406269104703431,7.827406193602331,10.0
10.708322512620743,7.469667553349953,9.856889475169202,0.6135347073315967,8,4.644253364668807,7.561679363741241,10.0
12.389714207056361,4.679081823207673,13.858479334304336,0.7986779757478136,2,4.948596344715621,7.5310859579338105,10.0
8.78456381342266,6.07534877007349,9.687560122282848,0.7397453847407759,9,5.443299067983541,7.52280536518783,10.0
8.253507434154574,7.634537810729321,13.720614948547011,0.6324561648628048,3,5.571210527602484,7.378241268280742,10.0
17.62648414677925,7.810292494706758,8.321267905356049,0.6024832178338847,5,4.911648909131547,6.338036230896892,10.0
16.359801205122057,5.544795202110238,12.255632070018878,0.6342565272584303,7,5.534305537314356,6.513331064125917,10.0
14.95974206093698,5.264124026421634,11.192666803022021,0.7676351841371477,4,4.542041967608774,7.386143873361624,10.0
12.089529444142698,4.393471579642629,10.867262462736385,0.6043278649890327,7,4.506017275101977,7.787436765989854,10.0
9.732943200708458,7.79435936595205,9.34096588553504,0.6466294607236173,8,4.695471072622714,6.99907087627501,10.0
9.56437042671086,3.714071522364337,12.233574738658952,0.7514611190669751,4,4.762931328639016,8.199164080526996,10.0
10.502428981645954,5.899147880238625,9.144856948677843,0.7172221071796271,5,4.787224178323718,7.357169806258339,10.0
13.492266647061205,4.412751337593194,11.317050775908609,0.7565471420720384,3,4.892299146203594,8.541653936445122,10.0
15.145959227000624,4.395041451738983,9.519472178241505,0.7492301007653576,5,5.156911719489088,7.581832689796551,10.0
14.601973767177313,5.024842936880942,13.733728278688137,0.6101202774243609,8,4.779269797769449,7.34048788213366,10.0
10.799338969459429,7.993964679078273,8.171787163013917,0.7785022838188304,3,5.567436442492936,8.121715586168486,10.0
17.548652806631942,3.2748315341991105,9.198369680667419,0.6454063668564537,5,5.258569913415357,6.394139747306153,10.0
15.378969166957685,5.892709091017657,9.453863638324686,0.7106784880459528,1,3.8944310397801107,8.091230825675646,10.0
13.543540525114008,3.412860790176386,10.484406954606898,0.7288576313055558,2,4.090761867906329,8.941378742501483,10.0
14.117207462343522,3.7726041499525946,9.396381451220321,0.6337256421770191,3,5.035110989500097,7.972123582830083,10.0
12.196000624277898,5.1978147088644935,10.948094541612711,0.7952462513401949,1,4.542793684117264,7.908693718606637,10.0
10.477309895011574,5.552300656732206,13.234793139551234,0.6976311912174618,9,4.714502501583523,8.685487546039159,10.0
11.559726786512616,4.29396204182262,12.272380528455024,0.6115285391194787,9,4.278804475447943,7.887930463212584,10.0
15.578461104643692,4.582285654372081,11.479771883210667,0.7874524089555681,5,4.61775681230852,7.09633022340622,10.0
8.143934886297558,3.434835101279665,8.534019067896079,0.7172535686386536,4,5.2818568475662175,7.8718181560905025,10.0
9.160726405069163,4.516098919221252,12.163952650335654,0.7398386395962753,5,5.434285052398486,8.016712427942265,10.0
8.460026420217527,7.83279219690272,8.998485705865638,0.7050351579868448,4,5.256823508907689,7.116383461772782,10.0
8.407288023189702,7.723536908362409,12.718204315770187,0.7669475909553936,5,6.032894840528149,7.512084495760049,10.0
16.55460584011007,4.674391450684925,9.50034055106092,0.6066266924386422,7,4.65048971165232,6.790835407188043,10.0
15.036578593800236,5.8542696813938075,10.502292369925405,0.6536756730554295,8,4.855914054121421,7.841074349122816,10.0
12.741738290873252,7.547976955554722,10.102821213907568,0.6939296712805384,2,3.84928117726839,8.224665773252443,10.0
8.978341606510014,3.0309191132044835,13.152883488049142,0.615320723262742,4,5.565138250776947,6.9043505047955485,10.0
12.916158751168323,7.053417851687959,8.75926675228045,0.7411813338653317,8,3.961494926385685,7.9787272517514465,10.0
12.734717707805657,7.741847763944595,11.393869294308733,0.6787326828111282,7,4.962429611703954,7.231183047531921,10.0
9.732018699100152,3.456628671667785,8.852369656658373,0.6545335980536288,9,4.135432077165297,7.031470518457978,10.0
12.33851649237973,3.807238430164605,12.22877501679312,0.6006757693616824,5,4.179588490376509,7.747471127112752,10.0
11.985047343973735,7.803731513856777,13.430468766766888,0.7439660623499907,6,5.140139534062462,7.701552549016586,10.0
14.158500980522165,5.687700718201731,10.60764592320352,0.7667618617745724,8,5.469255885903084,6.912179627899776,10.0
14.350936508676439,3.0709831723586185,10.928553561589855,0.6790081071362997,5,3.3395773547642547,7.1303575660653244,10.0
8.453040097720445,4.288159993817645,13.564537018896573,0.7128435954066731,9,4.836269713142592,6.600227512738236,10.0
11.746126146264713,5.249718371344298,11.125948331896144,0.6455373251859197,4,5.657013414702362,7.626202025049811,10.0
14.258599157142363,6.4645445551238385,10.925590628297366,0.7244395292560266,8,4.763360002658462,8.008027533246818,10.0
13.031362585800878,6.665801890683998,11.469974616225825,0.6024274916630401,3,4.153333513502798,8.68514610327101,10.0
16.564898411883224,7.97710756462728,12.135378418177712,0.6977287794197516,5,5.718471734316626,7.486969300783335,10.0
14.58693631618945,4.437555996918795,8.641300250522189,0.7288410963681384,8,5.006522500328996,7.882362220276396,10.0
9.629344270814297,5.691100509342376,12.926663166449096,0.7836383546459469,7,5.1332620734457555,7.907712399589155,10.0
8.705687474004298,5.666617739298025,10.613030164719556,0.6762671634244568,1,4.350543381708964,7.404430355964695,10.0
14.424192782063155,5.028226297236188,8.434091059384913,0.7530380405962059,4,5.750359542007556,7.656206060259097,10.0
8.265113105416217,3.845809469212101,12.717096015189279,0.7195374059887002,2,5.568462836456746,7.994802279158793,10.0
13.857755812734633,7.887282815919213,10.261699830117632,0.7854024225850161,2,4.520087395446411,8.136691968086724,10.0
17.402302414249576,7.26658593333293,8.602204970570323,0.6796755351318862,7,5.8942330086509696,6.640399886310403,10.0
13.75474177875879,5.491665141471186,11.802674237259502,0.6638190679745976,3,4.2136511759187485,6.9683406294839045,10.0
11.881699262065219,6.016227113420149,13.28078812060185,0.7774283997388288,3,4.183106173007504,8.363519845243122,10.0
14.432882184423532,4.136305267798312,13.326521056483918,0.6098488802816578,6,4.2163275127619695,8.074722565161151,10.0
12.582528904915167,5.718935351958734,13.74598084885384,0.6272770785867353,6,4.493622935891046,7.673086999417736,10.0
13.45616789315935,6.474850665607379,13.206232758600128,0.6164808869168089,1,4.680504682916814,8.007166201604667,10.0
17.41464808776525,5.575835141932944,8.01284551607285,0.7686219913152805,1,5.486451157405124,6.467268927081604,10.0
11.861026378007743,7.951425852924706,10.281446998480341,0.6021214846740639,6,4.106176388510286,7.729913823289804,10.0
17.611905638239143,6.056708281238631,12.911255479433018,0.7723314310994097,7,5.367494764380989,6.630442876068737,10.0
17.053506419560637,4.854868562960846,10.197518035990845,0.6902535590742533,9,4.780577211687824,6.182639813067578,10.0
9.957911347892964,6.860760138079191,11.609291038278236,0.6008050557707941,4,4.954456405976223,8.810931880775897,10.0
8.693613008751655,3.8523125579082103,11.637901684247192,0.6803290354424084,6,5.917048779409312,7.719003383699807,10.0
9.007780013774266,4.922579068531332,10.190151824232938,0.6373601682090071,3,5.474407824635044,7.4974443355397415,10.0
8.182218256515498,4.734794751887929,13.426843563687726,0.7248800974944326,4,5.750739722405234,7.750668526846327,10.0
8.944429607559284,5.159035475538886,11.019370072316706,0.7358717579843294,9,4.936484874063591,7.925042507139466,10.0
14.830067734163569,6.908899129643632,10.788705235625004,0.6975055140809999,1,5.696608140175729,7.227139924892385,10.0
8.71188648460229,5.420865160817037,13.985082473971374,0.608103905087934,5,5.643440216236783,7.206858575416897,10.0
11.189756302937614,6.970072251329814,10.9610021844357,0.7312257608734404,7,4.592108923050383,6.823502554497839,10.0
16.448753109694547,5.88244451569933,9.070389511571486,0.7684077567211043,3,5.528387542768196,6.4743792681661425,10.0
8.232719357358258,4.710347173287777,11.078416537180628,0.7440648554652803,2,5.731627063865503,7.623811927660425,10.0
16.144684825889357,7.049893718417362,12.88410041311958,0.7659915837910637,2,4.272272346222518,7.232712319113623,10.0
10.818547747734,4.191448352765458,12.661161961389688,0.6401019047101775,1,4.956403345883646,7.683586596130785,10.0
9.181648276216563,4.121914898998978,12.731490590650825,0.7777775879312966,5,4.699676540806817,7.77635955680229,10.0
14.967371653641507,5.522514620274179,12.24814270398747,0.6644386901295926,3,3.726750937684221,7.293789214463666,10.0
14.28942846779884,4.3042462298104445,9.525306974400129,0.6026809628503982,7,4.477744247268862,7.012509017147567,10.0
16.77472013527053,3.0454351747560815,13.172504515041389,0.7686783292658141,1,5.588980099107162,6.3867283875268575,10.0
15.350710438038858,6.241487636494008,13.36066079225759,0.7883642537929454,9,5.525940092591961,8.586159070397583,10.0
16.034809303848487,5.55546910736199,9.164916179711295,0.7311116394834698,2,4.630243531086777,7.11004071739536,10.0
10.820345725713064,5.227589072465806,8.782733819308364,0.6462873260926849,8,4.713413913726411,7.883230699481182,10.0
9.774395437797228,7.834842573091577,13.853629811534672,0.6503488928565061,4,5.744715487884443,8.013973398296153,10.0
15.506147516408584,5.855995919814569,13.209943781902208,0.6933185746871239,6,5.1436252378675364,7.874760226055774,10.0
16.06834739267264,7.317157888946922,13.35941688325968,0.779566215920284,9,5.135811971832754,7.059471470187892,10.0
17.905051420006732,3.697251181025801,13.31825830774637,0.6299195312295116,7,5.363423052221681,6.81123474661315,10.0
12.126176769114265,5.846032315647139,11.25012094420237,0.7651947339166975,8,5.072775479370196,7.889116913040487,10.0
11.720180857927831,7.339898133654515,11.878410419994799,0.6582605617410301,7,4.729808570315009,7.990797249887933,10.0
15.764129607419969,5.91552878639949,11.27217711280185,0.7617172338858196,2,5.608686650600838,7.050579699465055,10.0
11.408035402530178,6.590070890635007,8.307238095141974,0.7840542395203077,9,4.718096447232428,8.36690789881611,10.0
17.307573256035646,4.860217839061037,12.473018512116635,0.6854987743988641,1,5.072801689980117,5.900622528409445,10.0
16.58412751843012,3.462247585185333,11.031992200015281,0.6730101308211062,2,3.9559325407850245,7.063762827383412,10.0
12.289940273750183,5.289501475635357,11.88625444874138,0.7604442637942603,3,5.228375159309621,8.291913331183203,10.0
15.508710677914973,4.972396954194288,11.015838829853212,0.7058965764758788,3,4.327266549070473,7.897052856801827,10.0
15.545428740846823,7.335300911894737,10.950867933934736,0.7368898096926394,4,3.628450715513919,7.644645671967184,10.0
9.031238688359327,4.219976511762361,9.030734656866601,0.724565847392236,5,5.132467230891026,7.099348584802305,10.0
17.025529066795666,7.83367113767554,9.672282290846894,0.6305777691289592,6,4.906501443459006,7.025749893859059,9.681680772390907
13.052523724478572,7.790690599022481,8.953116151663735,0.7689580720579123,1,4.893956860952222,8.314650346151224,10.0
16.264574661077415,4.238158215357194,9.173997773752054,0.6391550222826272,8,5.249000932333717,7.415200814783965,10.0
11.200496010306118,4.740259777386602,13.83786428252183,0.7864564288141562,6,4.389265207710963,7.848334082159441,10.0
16.955232284962005,7.477778704369425,8.91868067463319,0.6501142582844296,9,6.420167298474658,6.696019139363771,10.0
11.892016787341632,7.833111104480538,9.615622545831245,0.7467761946547484,5,4.6283205266298175,8.49731046620327,10.0
8.108376514802984,5.21719551418022,11.54353794643151,0.6569310786987184,7,4.6415721152425204,7.243810832144433,10.0
17.053819764192635,4.604985228204489,11.661071457419851,0.6635570817173728,4,5.873335703043325,6.245933650132403,10.0
8.912866767861335,5.63047006625771,8.923844778462975,0.6620003705564611,6,5.617085939215361,7.318772594968201,10.0
11.19313637590415,6.438846031828674,12.762304554711275,0.7495784508052167,6,5.008510964080405,8.713193687688094,10.0
17.500619670508048,4.367372576874899,12.71121720747695,0.7113630235938786,4,4.9700029102079295,5.81532857764843,10.0
17.506071469375563,6.682365873095364,9.423906225223346,0.7765904911694995,6,5.211930531234927,7.13429865437967,10.0
13.73437888123286,3.258286785573205,9.731997816052763,0.661474543840809,8,3.58720279330797,7.861661357320451,10.0
14.318372121697992,3.2464724638220823,13.627927192756982,0.7383985044113489,5,4.560249958479818,7.068461243090193,10.0
12.484455219783198,4.931438525727726,12.954028675876868,0.7505897199326221,2,5.91667637422866,8.38433817063125,10.0
10.932107716980646,4.767365960303603,12.186782198375143,0.6302964226059916,9,4.362468067574725,7.587178739605004,10.0
11.28664545369916,4.578166076835761,8.493399329063603,0.6801178714639622,4,4.8807210123342735,8.021449622399263,10.0
14.725184560770384,5.45509881334455,10.509584485415454,0.6965634988700822,4,3.882337185773192,6.7099994788158295,10.0
15.5237452943768,4.6036679115578565,11.355811232460962,0.6711374779788749,7,4.550253175992134,8.051830501683174,10.0
15.915790437258485,3.9612895923404596,9.124467727902662,0.6644225191938277,6,4.234143318356776,7.0862789457909,10.0
15.896181427945539,4.5473477454430045,10.689359492649347,0.7372839787995284,4,5.0773724708985135,6.934263462375203,10.0
8.912061030486903,7.874521364051175,11.60615526493214,0.6431732795318977,6,5.361012518766551,7.6189054125988624,10.0
12.944203047025814,5.055567084974243,9.964260080692394,0.7418781490502258,3,4.019720816413294,8.398094772018979,10.0
8.575587600166443,5.2235638842916785,12.685668913702923,0.7870088392781461,7,5.389893824679771,7.319252833402348,10.0
13.495288823237356,5.8827249497557,13.042697489832833,0.7130395042355503,6,4.729334932704569,8.315075753045997,10.0
12.41530501373377,7.916703842071133,9.941656816604425,0.7222868473478948,3,4.779411318739594,7.978494425349392,10.0
16.877041827582996,4.208006382178815,13.031942926954743,0.6137865404248178,1,5.470367852586602,6.854794424772945,10.0
11.509150125520787,6.4064105526621695,8.62145939661809,0.7728953807235657,5,5.5490181052103225,7.58760190295164,10.0
9.170670164276059,6.57992346770862,13.026374591735937,0.6570895574399731,2,4.8795770710019655,8.12807824499768,10.0
9.429916820528359,6.036622083965329,8.916502590005699,0.723010233105713,7,4.970588820567932,8.004922284674842,10.0
15.615106317174723,3.4428916981832205,8.497562915058356,0.7958224339489605,7,4.736230086517064,7.62105555832222,10.0
14.182180633162611,6.384361379137882,11.850652426646068,0.7191005201145616,4,4.037229974339602,8.295343684514414,10.0
9.011226761227903,3.3204735551808775,10.831624194531766,0.7449418974928755,6,4.723187968358964,7.0287130177533665,10.0
8.841068061149974,5.980713247749485,13.447343602476996,0.6890639236447503,1,5.553701054884067,7.536642848469018,10.0
15.0096913145912,6.697905886108713,10.179135176545095,0.6120731687030114,2,5.713449846657841,8.101450460239734,10.0
8.727630063641936,4.054849453099752,9.722913580625772,0.7595198698979577,6,4.7832223768821915,7.447031138879628,10.0
16.218600592903563,7.208110037713871,11.00440943686519,0.6069997682527971,2,6.063012563048119,7.183997230722181,10.0
15.062422271564962,3.151769027665021,10.735677114611967,0.7401315657775709,4,4.473182366006972,7.59062641855539,10.0
8.813487806418998,7.21906431829153,10.06656827730313,0.6045843146299273,4,5.885487161209329,7.72876178685557,10.0
8.84837714085192,5.301645253213826,12.16244779218997,0.7724610473153342,9,5.484796820059964,6.541603332241362,10.0
17.866395785011754,4.0879396996582225,12.55737100348345,0.631527207166596,7,5.3805138539541595,6.338798045177855,10.0
11.742707957561203,3.66889072496984,13.11790381418082,0.7028542990885103,7,4.5290652785955015,8.195171513456124,10.0
11.706421470668909,7.766535837911863,13.837139628262058,0.7194301408966295,1,4.753994266788205,8.192048121912407,10.0
16.127995672575025,3.3633279379057837,9.599937152795027,0.6915090814746824,5,4.545511751456444,7.948088918831764,10.0
17.47248577383859,3.995467099679628,12.29656089493977,0.6681526978697775,3,5.653481578414492,6.210174327079086,10.0
17.860010638228708,4.73911173716523,10.365549412974472,0.6935628592361943,3,5.840322796129699,7.106921258805602,10.0
15.533781852589417,6.101174244805602,12.062491831706648,0.6622831507762318,6,4.486676110767263,7.194232376023178,10.0
11.762595855309158,5.724005426380492,10.855890142095323,0.6876244694161726,4,3.920448984553959,7.322641737909519,10.0
8.835007166986689,3.6282174620615697,13.96263861660759,0.6717825981996062,8,5.109790341971461,8.251906943444451,10.0
15.771469159274368,4.4486399186910734,12.3734128147445,0.7132409647014291,4,5.839230095091826,7.815146699126785,10.0
13.58404249735805,4.19375885543012,13.714947802605947,0.6475848324489967,8,4.784530205017637,7.942588974642667,10.0
12.242220092469763,4.067714272451707,13.009817296887114,0.7977313109828026,4,5.279110612621582,7.704324833416087,10.0
17.06354385094736,5.055721682399935,13.417406066980227,0.7001739906764332,3,4.620197500411681,6.6136770979362804,10.0
9.111974823061514,6.520157262958285,12.886515183288049,0.6388324154829019,5,4.958159990228114,7.710678175971512,10.0
12.926251042908591,4.08726466108618,10.754954782255469,0.6954133499134545,5,4.516275800675362,8.650935930006233,10.0
8.113536447674191,4.833394398514907,9.510730720081305,0.7732830259049649,1,4.898506143068407,6.5866710604291985,10.0
12.686606419941263,4.954587134205811,10.221921052703133,0.604361358624879,8,4.76264269057847,7.871273353052815,10.0
8.563032756818373,7.882282647177051,8.121417395839703,0.7359108238214578,8,4.940129013638473,7.277685870987167,10.0
9.188179162680719,7.773331784395344,11.143959004788003,0.7095935593587857,8,5.656606785394711,7.362385296368469,10.0
9.175262467771049,7.0006879137603795,11.030346801622452,0.6339115988740271,4,5.2299578825783115,7.277146120124119,10.0
14.492103021160636,4.208294604095926,11.15150278898293,0.7634952878609842,9,5.447390877997521,8.493088160388666,10.0
15.460448792654233,3.340186570458348,13.844187349832383,0.6737769244748011,3,3.963708969448982,7.0002964368928975,10.0
13.833687650971596,4.584520688603124,13.468724020729036,0.6587604057631015,7,4.408636398959747,7.8992529330018915,10.0
17.62172548474542,4.333972747169154,8.970276669980649,0.7656250383713802,6,5.014667831648006,5.8298531474615425,10.0
11.74870579523704,5.529629000731969,10.213295129335336,0.7277050092383329,9,4.973605149859538,8.43085798958799,10.0
10.857120862818608,6.888639550338965,10.543737076779571,0.779651816734965,4,4.639603315611518,7.688205115301609,10.0
16.6859912818946,7.2916146943942906,10.163197507109887,0.7259767407342399,4,5.865083087835829,5.800268573627568,10.0
10.235958385194527,7.224320427052542,12.790975781623478,0.7481635315864231,6,4.862430895203691,8.331097275532425,10.0
17.632225394406113,4.798377806115338,11.144226019205522,0.7672891792519226,8,4.768372327874122,6.136616730408962,10.0
8.121544746898163,6.436171717303415,11.432598901829751,0.6109479271819873,3,5.4010814036000205,7.903068666616891,10.0
17.69878826707639,4.5641709876211,13.118081353927554,0.755209791773876,8,5.075565953932352,6.920731428031793,10.0
8.431599119505762,3.3045277161759135,12.835568920492152,0.7227412963699154,8,5.851600520825008,7.307695940586777,10.0
16.91143113698071,6.507826328014712,8.793269136921799,0.6139015593030386,7,4.844846340147485,6.991954111759083,10.0
13.277011090862999,3.049137762848939,12.283487504501807,0.701715584373743,7,3.9065599085169644,7.96577455650414,10.0
17.929647961193,5.045912937292443,10.612616773412213,0.6164916155967908,5,5.389209943891215,5.541463569979234,10.0
8.737965647353988,4.6468963465103785,9.767893418375003,0.7471894403446445,2,4.974763641047897,8.17964674032904,10.0
13.538542844013207,6.466887692594262,8.300112925413117,0.7093003427795767,2,4.090547570044887,7.753704368521243,10.0
17.69302535619099,6.8312273638018945,10.923497362072705,0.7907147074824595,8,5.248165015251092,6.3912798785751335,10.0
13.230978441701488,4.5204731798564195,10.132620084347188,0.636627074314354,6,4.600922434294566,7.943180821671827,10.0
14.293986381352624,7.0581350722242675,9.509078238058406,0.7212066905040757,8,4.58418428205887,7.623859885678541,10.0
14.957486889846171,4.469583802524669,12.168030377581745,0.6423164269140983,3,4.87601414048269,7.88247722837009,10.0
12.545410647677732,5.231631799932806,12.616912323893523,0.7228129969454797,1,4.395847873995566,7.936484343522324,10.0
14.275580800840634,6.63509263507067,9.468737114176548,0.7445299404721714,6,4.751270727308467,7.484587176770015,10.0
13.843143119231001,6.464601146123943,8.296684620076084,0.7444608658659078,2,4.379670357976455,7.62290897600665,10.0
17.01158010490989,7.936842361561,13.09251620339141,0.763014798136522,9,5.483675858188552,7.575536349275268,10.0
8.454463803414578,4.12580512107966,8.05975844722582,0.7707100455916633,5,5.368887609924212,7.401087690299696,10.0
10.809631895922303,6.3115895676979115,13.622674963528832,0.6154543452534353,5,5.732619220409893,8.741593861974689,10.0
17.504114840765588,6.048409541378887,11.765719243896235,0.6686534314144809,8,4.9410871006782795,6.007109827420805,10.0
16.902637838909165,7.575492272450149,9.931079811207923,0.7374245040719611,6,5.227443455683124,6.47540969317992,10.0
12.55656752785713,3.7818107082243753,9.478867457460417,0.6997172574782424,3,5.249622090271414,7.742903388770684,10.0
14.201325978015367,6.758990817934665,8.054033985586852,0.6381351893509583,9,4.957379399440134,7.716643492616265,10.0
10.773811829811327,5.841343081343842,9.412828502065263,0.7105419140333397,4,4.9334219401482144,7.567557885709023,10.0
9.881211597237613,4.373329348939527,8.826369809102847,0.6814871305532287,4,5.192209446617217,7.711388292474817,10.0
12.636984049399821,5.37217457073587,11.672997324338874,0.6780076555308611,2,4.934978864896174,8.08033295783318,10.0
11.533522280260527,4.668882985348989,8.999273531562809,0.7619507434871328,3,4.9127798885247245,8.491688061810645,10.0
13.83656111850872,5.896567013942304,11.171779025219715,0.6815196667664363,4,4.666913553464014,7.159873739305431,10.0
8.777346369649848,7.44500305407333,11.540698534066825,0.6052909010960849,7,5.657950587543917,7.9451873932790145,10.0
17.743948076661663,5.84652492206101,9.788250190081488,0.6116126677782182,3,5.207897481568271,6.719717026857251,10.0
17.862107444796028,6.158612091632921,8.210389694112312,0.7712488083383241,8,4.789587697559271,5.794679150982313,10.0
14.981617140197452,5.593739235573548,8.223523283685177,0.7921201620025043,8,5.777393750518587,7.161270517015549,10.0
13.360963663441204,3.2558275322273795,8.158083993163505,0.7376818672911415,2,5.1054181257532685,8.0866413739384,10.0
11.095276162863277,4.164292784380471,12.434748002819278,0.672873658820016,4,4.361173131057419,7.644064112054737,10.0
16.137950197069486,5.4600086471604135,9.908058228885789,0.7877200631589455,8,4.780450320989297,7.829360872238692,10.0
14.847311725538793,4.551176418723524,12.777801115805982,0.7325606172751472,1,4.450574758501658,7.591336152370818,10.0
9.626169393448913,3.9088179888059713,10.590396943057096,0.7688667098398676,1,4.829899187304623,7.113402427467383,10.0
17.109271844938426,5.520664209592192,10.717988604979784,0.7531704608074019,4,5.527953216980799,6.136241626876414,10.0
16.22537242923169,4.614048967239252,11.077295615057443,0.6758278631545185,2,4.751771397527376,6.3623044017130805,10.0
17.49799913291924,4.290538215867073,12.278188738250623,0.6957404401701571,1,6.145048116436337,6.43617316938564,10.0
15.2571950838836,5.319927087201904,9.641017194978243,0.6372264308736199,8,3.8943585090655266,7.44086862367217,10.0
14.134151959357899,3.6664212904108657,8.72952409720116,0.6584028200881468,2,4.671065768674803,8.02865222560258,10.0
12.182430362906189,7.6387286653770365,11.33634401114877,0.7556251322573043,4,4.040657532850595,8.629765575264386,10.0
17.327284833540133,7.338510489596195,9.961865739456435,0.7787956783766217,3,5.308952550372577,6.587064727536531,10.0
16.660638895004084,6.538102928702677,10.654947882008225,0.7448920846502823,2,5.222505539791262,7.547550542595666,10.0
8.452186701061894,3.531069137942281,11.881680250023832,0.6930347393313276,8,5.830947054012438,7.006128698440263,10.0
8.26366974497252,6.879386272348465,10.964754446847623,0.6173018537879494,3,4.824210101618937,6.565947277525768,10.0
11.764633668780496,7.039786640545095,11.721672902605057,0.6113895897396896,9,4.9561854102553715,8.393831618500919,10.0
16.10553330781833,6.838823088571688,11.265200012681767,0.6748651129225708,5,4.460485352790635,7.519571366734525,10.0
17.872761293149445,3.5698294355962057,12.438778231616595,0.6927643437535326,9,5.332757655775965,6.402128743239763,10.0
9.504168911035283,6.2195397853388235,12.23561970626972,0.7218241244426594,3,4.885572802420325,8.029176573028744,10.0
13.94130715352135,7.171623978746993,11.205139350851715,0.6012979042773994,5,4.04548401855705,6.65727738211998,10.0
11.808908566310215,5.886767006098339,12.073418125158241,0.7979445780932614,6,5.097528156688645,7.763454587036035,10.0
17.699143978146033,6.2320368761404445,13.241357613635676,0.6727877766808086,9,5.1091902604862,6.935409325712878,10.0
16.421189231357086,5.291817397131531,10.59362772672901,0.7696189327602243,8,5.381512055330408,6.893622937155164,10.0
16.383287047111377,5.643536599420263,10.476578436492762,0.7069933411330809,2,5.410240558782828,7.364556613009416,10.0
12.686931597949703,3.171884291758626,12.58547372511428,0.6260878909066693,2,5.334866543529832,9.277740411690043,10.0
12.148195023376651,6.194815109866423,11.495323022251965,0.7595131105069044,5,4.45540192556697,8.510038051779937,10.0
10.734070719307063,3.407236064455796,8.42604068133553,0.7419654149839753,5,4.4048957825601525,7.739801751685265,10.0
8.563754966509272,5.175072971701117,13.352672094146488,0.7054872169858456,5,5.949465720989963,6.526459050770555,10.0
16.64722376255053,4.46327548833704,8.18469861342584,0.702910618266756,4,5.047532380530921,7.2781021222154205,10.0
16.129010091300774,5.727139751058566,12.490378137258459,0.6174959211501856,8,5.575572188286324,6.135868629616871,10.0
17.997176732861305,3.6670816776160353,12.552764856225878,0.7311697897147749,5,4.727815639721436,5.8067837965858216,10.0
17.966368370739055,6.4582170098665905,13.718666511691582,0.78224903115086,1,5.6549553789050435,5.8499803243456965,10.0
13.554317056026274,6.975057684642352,8.324806450413924,0.6186489838442717,5,4.689684342951691,7.818845243995103,10.0
15.689874151805105,3.8167722487157825,11.581141164706946,0.652702290129781,1,4.8125375301343745,7.456738677546517,10.0
17.44765729882428,3.5215654367594107,10.567043423762318,0.7804615946884198,4,5.013686943668525,6.08475220821894,10.0
16.496473906774114,3.7275774139367956,9.983797729157253,0.6568687819639587,1,4.411550723564071,7.515417487425226,10.0
10.473481017431977,7.385637809492509,8.541911361794439,0.7307887344359852,6,5.243927140731612,8.592612053810994,10.0
12.505441353100935,5.640946308781781,11.375924718027855,0.7069636329886289,6,4.491199410062245,7.866120385458352,10.0
9.29159415151495,5.336304980037513,10.874244354047683,0.7192655210007725,1,5.2624680962771535,8.169155704020145,10.0
17.540510272587223,3.5335590955117713,8.627326748906146,0.6831577803154506,8,6.1638857068169015,6.120049005211406,10.0
14.061746344508801,6.247780033784809,11.674937042582501,0.6599982941107422,4,4.414152759159463,7.269396311851287,10.0
10.286428055034627,7.33999795947545,12.42771872151763,0.6097066901459338,2,4.796321046804418,8.393486913353621,10.0
14.717006844058567,7.1409293466172645,12.60366980632189,0.7488561878588329,1,4.642631981008218,7.7639815933192216,10.0
14.181282404578958,6.130273544904006,13.432239129574565,0.7492186924388454,3,4.49108925047161,7.958335299620942,10.0
11.581627180328406,3.376393583258368,10.456824451332663,0.7341451480157447,7,4.577082177376517,8.911556629272008,10.0
9.13557592199629,3.561985135880065,13.718436611732821,0.7287267576239241,8,5.54415574251831,7.922952146797784,10.0
14.715731955927996,3.2465449355491236,13.192576430496116,0.6487434264335052,5,5.385679474904585,8.832381176796464,10.0
13.203077009037933,4.2873960824623465,9.779009426143634,0.6044689867532582,7,4.7321154388512126,7.974192612024841,10.0
15.723183917356394,3.6783073358018887,8.95569822409675,0.761743079377088,2,5.207939570272564,8.062676221418434,10.0
13.201635011119933,4.300240201262169,10.61233637676808,0.6982277071391654,4,4.580796105329194,7.902255135298824,10.0
16.521815003185402,4.925290278594808,10.4113922477358,0.6613676261405237,6,4.872666942732817,6.400793215353179,10.0
13.519068387744856,7.714913920355678,11.454315831987225,0.620386381356114,5,4.467764955797595,8.300670495393902,10.0
13.609379715353862,6.05188029890846,11.500317393966489,0.6125443181802777,6,4.286613378809364,7.852069827492933,10.0
16.76653602658345,7.174868928414812,12.499921906279852,0.6697733443590355,2,5.638466807484265,7.901076710704951,10.0
12.03482866212397,6.551757503561661,11.059339689233662,0.7609474129533881,7,4.466291549409729,8.281862963831397,10.0
9.340152284506408,3.5625156526331585,8.628935845644593,0.7837447498667661,8,5.450554949744074,8.12214529887765,10.0
8.28782676313339,6.679602031869744,13.149748013318636,0.7793502729226129,9,5.011819309608076,6.526792675372601,10.0
15.55137255673619,4.375494407795622,9.858587499111122,0.784000166949931,6,4.837195846601635,7.73190428535862,10.0
14.203095513534647,6.195539234973531,13.827784761839553,0.7815450686258686,7,4.6889585748364695,7.722014155266677,10.0
15.040797680992236,4.704809868214943,8.70716065207862,0.7054449503200791,1,4.3395894702025535,7.149636381495854,10.0
10.129641615089108,7.988361316323296,13.74950703339502,0.6438831277113808,9,4.8012062648355025,8.527351487751053,10.0
9.363714755867697,4.317757397483889,8.546070841295101,0.7596093165673641,6,4.605115719688009,7.006135257231114,10.0
8.14544665667882,4.395652353871348,9.386216827682357,0.6427425949705158,4,5.482474850471454,7.4346492141348115,10.0
11.505875588065969,7.6533612778119915,8.27947965251925,0.6534414553513138,9,3.8865705300044167,7.680680506316334,10.0
13.89917686854633,3.1232220231816132,12.23067887983397,0.6466508643645097,1,4.647389679179157,7.956407247252207,10.0
11.922440450997323,6.4834449393659845,13.101792419430751,0.7029964807391612,2,5.05185273005597,7.85985538484894,10.0
12.374749220237291,6.62663195367939,10.604426490895882,0.664365501633816,3,4.687752729578618,7.902683545688451,10.0
17.041586944937485,7.181892887051997,13.571132450254577,0.6308312099250682,1,4.729098419036268,6.757970494820046,10.0
11.482554670233004,7.872196553192377,11.541794430533598,0.6906346823787765,2,4.444778665052412,7.507010275040348,10.0
13.139894891598107,7.878009595783262,11.78004281267914,0.7747814477570334,2,5.271866007987941,8.448620917570736,10.0
15.83653012741143,3.3263837878323192,13.07251521020462,0.7141105709899944,7,4.9337463535208235,7.596952896799482,10.0
11.965427823212702,7.109196613764513,9.780801230311033,0.7756671211775175,6,5.145092797220948,7.506030449872171,10.0
14.220867002278736,6.231549668286907,10.125594327965755,0.6391744370158274,9,5.161643662750596,8.459120285162856,10.0
16.62363708746745,6.236710671865456,13.435711515167867,0.6333947747345108,5,4.768584125544052,7.311598309930579,10.0
17.495206236576422,3.641749633073474,13.405780976232583,0.7151154251396841,9,4.685496486581537,6.541105246266436,10.0
9.470734809290379,6.250935832228267,13.858896657205225,0.6926657803092546,9,5.437295675560669,6.969525148154066,10.0
17.265876251614944,7.912412903006239,13.411029898650026,0.7320345283293914,2,4.702006054383728,6.290864864462136,10.0
12.921162930795383,7.559092847697235,8.764232216200165,0.7589253582053563,9,4.376547151881172,7.013941591171627,10.0
10.582443882989583,5.195653304024253,12.942345716821924,0.7502614591304353,3,4.945508206122269,7.989479949421176,10.0
12.591357562382614,3.1997398664304715,10.459030868657564,0.7884522347317122,3,4.557590965251581,8.40590431043348,10.0
17.80032575285477,4.811467450001024,13.944808135675627,0.6796512818314023,9,4.108286744336896,5.956107453632061,10.0
12.926180939928695,7.131951558002776,10.833685785972806,0.6412773484496361,7,4.054339467557682,7.960051149299351,10.0
11.287516102875083,6.50749550732583,11.323016495013324,0.7101825279895772,8,5.296597053974351,8.47089870681297,10.0
14.334008543167258,5.296718277969782,11.178649491540792,0.6221486240382371,7,4.656069649407907,7.415818675934666,10.0
10.40145618778193,3.2755076757941555,9.930422179149666,0.6577702246663263,9,5.290898260013091,8.151024136196442,10.0
8.75863328108664,5.134473639116513,8.45013253335751,0.6415776110526289,8,4.888697823537648,8.526950098099459,10.0
9.288797219106492,5.345124698589418,13.373907382411511,0.6793127433594162,4,4.601512795189368,8.000556182170778,10.0
9.280458389577724,7.64277766447068,12.816054875157722,0.622243315000443,2,5.520469220642697,7.114641132045804,10.0
9.519026935122943,6.205430517910798,8.837160683358016,0.6063683489096195,5,5.751369539154657,7.6796754215586915,10.0
9.388271726494102,4.558264583273244,12.660609628100437,0.7313588009260064,2,4.697223982998651,8.020926004556168,10.0
14.408747448032146,5.626591322253607,11.75507999630366,0.722049795657961,4,5.21024601972899,7.959810023195195,10.0
9.818800843991449,3.3302765391108005,10.454862727505734,0.7416717872077323,2,4.549020554528386,7.225769933630789,10.0
11.456672833238631,7.862841178248684,9.524126894573376,0.7320772880542689,5,3.953843211541503,8.2044654753278,10.0
16.967884099060118,4.80029950965363,13.158372701013395,0.6228589362284767,6,5.3558887599504255,6.659856328630142,10.0
12.739616402628723,5.389336774565679,12.201129555764318,0.6582157762751293,1,4.199769920602701,7.745016475980381,10.0
14.675577385210271,4.776419871184613,11.286439456814822,0.6259053219800704,8,4.115612538334105,7.918655976141187,10.0
9.723198712016298,6.412558650581,11.657411203390785,0.7685944804097127,2,4.4633976260112895,8.622674264832801,10.0
9.922890188086708,6.311160791647965,8.546397092493086,0.7493807310711047,5,4.841684110006174,7.411350753620981,10.0
8.40868616266479,6.576611552645678,10.843518565467152,0.6403054005836485,8,4.543917225346664,7.581455338268114,10.0
9.689350630721645,4.340716148059604,9.162201756714213,0.6682618480979787,5,5.362122504172595,7.692761276924328,10.0
10.785903390319586,4.5783424058203295,9.250302074052952,0.7933229984528429,3,5.102115415860747,8.231260137739232,10.0
9.770104842767468,3.6262561554810397,11.9678237737212,0.7188318715759303,6,5.287894716948657,7.804918959191636,10.0
8.887025337570556,6.277549859230563,13.467536911005729,0.7602311194602315,1,5.863603641991561,7.226749003831047,10.0
9.206358711006008,3.1989856366782625,10.42253966287008,0.6529182069537458,1,5.663034056375236,7.301632983627081,10.0
12.607787680327258,5.988411677617295,9.246495638073142,0.6420105840358611,8,4.2286364466096185,8.212221927324798,10.0
10.063337184057925,7.348479424258169,11.892481623419926,0.7567833857693097,7,5.324518526233651,7.877594248439645,10.0
11.642698610480755,7.454160741448168,13.227122278101906,0.7371744910462881,3,5.308028496986359,8.304155907595062,10.0
13.034172708548569,5.2451888018498085,12.489912806734946,0.7361955858423528,8,5.076436711701305,7.148468881457361,10.0
14.903948286293653,5.296518441065369,13.212543383219522,0.7105269163658388,8,5.1852088019155484,8.124784871390338,10.0
8.39312139841099,3.3848459150400867,11.219328026064796,0.7127156685553098,1,5.323543038156005,8.057305321178337,10.0
15.994103989090426,6.3538251272151784,12.511257466215145,0.7471395010612508,7,4.554976247498358,7.27831466848119,10.0
14.279003894909078,7.106297101864228,8.840387356153618,0.6540004962242391,2,4.5762139324061115,8.070575110397494,10.0
8.817590319488719,4.223275273023566,10.089647692179149,0.6705536931713911,2,4.929164398805789,7.981711259192285,10.0
16.73578624106777,5.106504408166823,10.337294986889134,0.7743273541040111,2,5.515649720639132,6.788280753319301,10.0
17.208724005318132,7.194196683826352,11.067774477476208,0.6617730402024316,5,5.2105594894450995,6.759460771981982,10.0
8.610779598548637,7.38560233831144,13.574458161540942,0.7092619142758598,7,5.747606270385668,7.668341416450127,10.0
10.768776481472038,4.21589990132113,13.245779361333046,0.7405278928013368,4,4.139586561034408,7.66254463534494,10.0
16.062012797930613,5.752853172706821,8.807152953735107,0.7999849653666353,4,4.66680310831071,7.2436813714353,10.0
15.482596903836583,3.9624657531791354,9.036737911294779,0.6870582662990664,9,4.292625669705205,6.383833512822404,10.0
9.845210193563773,3.509393820697783,10.145843297533467,0.6856185753249887,9,4.2188179565143455,7.4554054247525094,10.0
10.093493233367102,7.555602506959787,9.744463195344043,0.7685176758867336,7,5.131515812412297,8.550670558711847,10.0
11.70472102791382,7.102537521160546,11.688625718937574,0.7611006222519727,4,4.213981824700272,8.188825015761081,10.0
12.845229851910213,6.80017450901587,13.41665628658727,0.7462151763469097,8,4.487311261897872,7.566151469548493,10.0
14.18254771530296,3.243831594065702,13.773749250035522,0.6926459274818058,3,4.202551696926964,7.144924463580278,10.0
11.689136395697725,7.218643963551287,11.921617715211358,0.6647878240321432,3,4.544033235732104,9.256436539788544,10.0
12.62534716133148,5.190220379526918,13.02895520840652,0.7217460965169697,7,4.976123747480031,7.629641089702505,10.0
15.474709381337565,4.7119756164792985,11.151213201384783,0.7752446586263282,9,4.325878503537635,7.1475225076143944,10.0
8.366832028905979,5.732381805126883,9.249961681160238,0.7767554916417173,4,5.179794127951552,7.639600912420177,10.0
10.524369443440207,3.456766213617779,11.148130472560865,0.6216996690140877,4,5.16757451863641,7.4756855675012375,10.0
15.133495858845524,6.783232746761994,11.330495608625906,0.6856700567626302,1,5.104699633335601,7.697204107602862,10.0
16.952068376871992,5.912175384441479,12.45474538528134,0.6929443912397499,1,4.862538306951021,6.788004181775779,10.0
13.116774421156661,3.9329504843658376,9.319297938244095,0.7955230735047507,3,4.81572377490741,7.351254361944466,10.0
13.321134852653156,3.941160998845228,10.209862292520391,0.7355996030485169,7,5.07537206674574,7.937760361277456,10.0
9.07172011339776,3.921243257863371,10.184164815287398,0.6814492834524141,9,4.683120849852545,7.73437320053846,10.0
12.474123668234547,3.28501193775967,13.756637574446989,0.6052115771971186,4,4.3319671730454,7.460178677561393,10.0
13.326172664550231,5.938992246858424,10.663669761960314,0.7130770320198392,2,4.479744307342887,8.172544604754016,10.0
10.424705036347296,7.201740887942541,12.53056380378888,0.6192151951276712,6,5.143883868950738,8.224430208811832,10.0
10.69243230949381,3.087491069936943,12.504868288246634,0.7668899914695526,6,4.969328058031733,7.403196206921463,10.0
11.772841631046226,3.245023224856368,9.593265108819448,0.7505037321140724,9,4.772026235948837,8.240106391141358,10.0
8.200711977777264,5.863851383434729,11.431218136230392,0.6921018319816358,4,4.942969461756885,7.393210657789333,10.0
11.220791655831782,7.0974784269302615,13.365817359911889,0.68584215590834,8,5.236000093800622,7.7978113730996625,10.0
10.114480069965447,4.633694452843168,10.851186316741696,0.7794677931137538,3,4.7280333814703654,7.692644122391464,10.0
11.274973521779147,4.748071994038611,13.670705044055277,0.6576916700836257,2,4.6604971425788655,8.170993719440109,10.0
9.197621318192512,5.98173248748388,9.28674937594497,0.6498039924213541,9,5.277443452757881,7.312041131743472,10.0
16.90527280739895,4.371064445620735,8.444954634644183,0.7878394865651525,6,6.035924806947454,7.0860722200537225,10.0
13.935924535540487,3.1330418303884207,13.348723238868496,0.7618491673506965,8,4.357001776921495,7.411605806994855,10.0
14.791023191444896,6.676142590507981,13.0860871877733,0.7641251186134389,9,4.384903819268838,7.246014248254684,10.0
15.891712386073383,6.128249564707265,13.955539255603068,0.6390387628551851,1,4.675744050306325,6.59989130880463,10.0
12.984421989290572,5.9037799952782954,12.076360928674557,0.6286591982861869,1,5.2507948916887415,7.091598283951847,10.0
8.869202880874237,6.708420644959116,13.620127560002897,0.6052059099634269,5,5.339144267065455,7.585474160775509,10.0
13.371065418185477,6.3761541878101875,12.961694150504664,0.647408301783736,9,4.854654963447885,6.928209703586509,10.0
13.868411180208792,4.029409940891606,13.066557998720521,0.754838098342865,7,5.078685164536377,7.988992547002504,10.0
15.4543947418433,4.762405234716756,11.41484942272561,0.6480076837528299,7,5.365369423631437,7.360939188686642,10.0
12.316595462296794,3.630550708393125,10.294187587500264,0.7458206567189752,2,4.362791955784412,8.938052700988683,10.0
9.275803027955638,3.649285067089405,13.607348435259691,0.6503816530734843,3,5.4219697986821025,7.932612644411503,10.0
10.837759057987245,6.3809787317826965,10.592703053695367,0.6790584995901343,4,5.429839986975975,8.187630007991752,10.0
11.63082296398635,7.293000534912491,11.232916203498014,0.7966324579822818,2,4.856555630192839,7.65671765059003,10.0
14.459172413316011,7.8136629193056955,10.676685842751127,0.6489623462568271,9,4.2952339628237715,7.4154670246091605,10.0
13.70778304668912,6.141735587747222,11.388909883761183,0.6752741254596535,5,4.163501448173657,7.643828284021952,10.0
11.560967258978462,3.9205066168047846,10.823030473953963,0.6602174360930427,7,4.986794656689738,7.97266105170017,10.0
17.865152487929798,3.5282517272446534,8.287805351476855,0.6219249972660005,9,4.70630904855468,5.987963602576856,10.0
14.057748193568871,7.064254857683789,13.292289116046192,0.697978828426165,5,4.275871304372497,8.073557340652012,10.0
10.372267917359945,5.893782381799996,10.666362913494618,0.6757381326666004,6,4.684780916680312,7.6728251687459155,10.0
9.017824726204037,6.091425105068599,11.533661891044092,0.738977417161456,4,5.3655911578436015,8.112988599648526,10.0
9.528591391843321,6.907310443773547,8.835126816547922,0.7635189093903093,8,5.392708869842701,7.283715026063338,10.0
10.459577283845082,6.516386138662258,8.020327087895835,0.7088499428991277,1,4.559412365075346,8.25443504243908,10.0
9.606813732595556,7.172291264280483,9.471740561861857,0.6064392844174673,1,4.4349208316140984,8.67883512591228,10.0
9.865670240513058,3.281069527299392,12.2275161928001,0.7237844712469443,5,5.435538687162148,8.656303633108985,10.0
10.85095168693847,6.737603183732524,8.595167180677272,0.6110781460041879,9,5.18934259712136,7.504232391450516,10.0
9.733735952947548,7.254263786610477,13.453324642318806,0.723271264719805,2,5.2900746221361645,8.319425801342792,10.0
16.967654246264253,4.430675212291572,9.290135416137108,0.7370059898538377,3,5.250553115706044,5.655348682550123,10.0
8.802337456616423,6.202236369966264,9.227561685750654,0.6395535255235036,8,5.083924025085815,6.710647451474541,10.0
13.245113895702547,4.570810319184861,9.089047769728973,0.7638692297443542,5,4.5780950862841,8.222834119077271,10.0
12.103968269896615,7.78985533241227,8.08389027782819,0.7822170263148097,3,4.749929520460837,8.218215098279037,10.0
17.823786169086063,3.167117862177519,12.630832810869407,0.762617392822764,6,4.850132409063083,6.605120316339036,10.0
9.120389021680523,5.8989642191647755,13.25020718747155,0.6610218380424164,6,5.390860249676789,7.342198195150448,10.0
11.978555990457416,3.8325177352475754,11.684976215697194,0.7173286024891269,5,4.781335636617104,7.442075027691216,10.0
17.694704332753687,6.561101025885794,9.129199890079175,0.7829630298382456,5,5.1696206813865695,5.47463172235542,10.0
16.655071258939802,3.8794514170933105,9.71166798164528,0.66413294524457,6,5.453938930998615,6.485748890294818,10.0
16.170720709492798,4.176916309491788,10.85556018418978,0.764005564453085,2,4.8576663198219245,7.455387556649934,10.0
10.579028270449399,5.471854055228791,13.726075709739805,0.6018950262523393,6,5.224065842131156,8.329209255045324,10.0
9.708875873900658,7.57417474998439,9.484108230906457,0.6007293405569353,2,4.466425447033531,7.885798064508165,10.0
14.68643219924431,4.058571860739854,12.389875423519328,0.7519423320677935,3,5.141697853251169,7.737164880558846,10.0
17.293759891275858,3.7212001055905177,10.636689339757522,0.7522895164254243,2,5.439304763391525,7.445376712024633,10.0
13.567628930139298,6.794884159270153,9.78708409016013,0.7577954375704588,1,5.749222470036019,8.580429931811002,10.0
13.716126894698998,5.5030976616696545,10.735495622132682,0.7860053675776325,1,5.4715144402354365,8.324698992574348,10.0
10.799790936602841,7.558925561908857,8.427240305247395,0.6235812623640569,9,5.327408855173027,8.505920615522745,10.0
15.694929331919369,3.7330727857992114,12.792124225582175,0.6463969969967377,4,4.564594104574903,7.492109999388548,10.0
9.870437485575234,6.229639465115197,9.459811567897802,0.7807449840747616,5,4.5837874524588775,8.012403459111898,10.0
11.236792364042437,4.164395730759075,12.352472739157822,0.6354472395544707,7,4.436028949839384,7.584382503845255,10.0
12.254364386164168,3.7838021432581965,8.410090228689167,0.7364458535153168,2,4.9563335334154095,8.186562061760164,10.0
13.07610378684455,6.417147075786352,13.730591336994117,0.7060926000081631,9,5.315770376618512,7.619195545053857,10.0
10.424097324150802,5.968423099543666,9.158089912434193,0.6166387353703014,4,4.315122715970387,8.496090035928505,10.0
9.148368247392035,6.774137291811656,13.296452457242482,0.6570527323883065,1,4.770376999988915,7.905899166964913,10.0
14.106200424416325,4.547312882230912,12.856839257692606,0.7040744432881936,8,4.701290283068525,7.5642007643966815,10.0
10.886305532402558,5.23985828191095,13.807159544488496,0.7704700233367668,4,4.278534931817633,8.288998741985747,10.0
13.812382214226123,5.027358381652093,10.867343965674497,0.7415076979229348,7,4.462145233928307,8.396700921179214,10.0
9.543627152742022,7.920447319832571,12.36438376307571,0.7243766322909866,3,5.719904115391279,7.2625675876743685,10.0
12.811401018548175,4.461244783696939,10.224263942226704,0.699206577988283,9,5.035568048296624,7.838549468041883,10.0
13.325894325515858,4.474086191733834,9.106209428118163,0.6597367967628268,5,5.081434275056714,7.426112092935693,9.996958879673837
8.51823536822427,4.772741044143037,10.658455597600692,0.6238489822638522,5,4.869972962053044,7.3740197264708875,10.0
11.366042781939205,5.822970406451607,8.99449409233073,0.6818152069132191,3,3.909815351549617,8.647266022486018,10.0
9.344146769389742,4.261613721318726,13.892267736718303,0.6057036987822585,9,4.929562173944988,7.647628941900747,10.0
8.633749704727677,7.57644970189637,8.577478946844298,0.6422111778533701,3,4.165445951629816,7.723760194332105,9.927350803400072
17.89960232389945,4.3284278243313175,11.535270340715723,0.686496675174532,2,5.518489104405572,5.986895444116725,10.0
11.22353844974723,7.479078657800973,11.758783131524336,0.683721037134383,9,5.173889236729249,8.394862932730693,10.0
16.09874445854635,3.517375318232923,11.228477257244325,0.6088590861993984,9,4.503261030862578,7.1283885031200205,10.0
10.546406547637638,6.2828135119982615,11.973115314271002,0.7178120307050583,4,5.190724696537953,8.275720959982749,10.0
14.815027222239292,7.534927592191218,8.697084650071346,0.7099368511706473,4,5.020876278695581,8.037683022132118,10.0
15.602278598896866,3.843747191991148,11.330111145231747,0.6156208608041825,6,4.260525137350296,6.823886533669585,10.0
13.956387406078443,7.841634800496275,9.72327542676417,0.7886326104920879,9,4.478389235980727,7.466854844125223,10.0
12.715761885501584,5.264416802077559,13.64105637980634,0.619876555790172,8,4.444178614365166,7.7684060362892,10.0
12.118409141472686,7.728575542205123,12.572429920638355,0.7709668302474673,3,5.177354008888949,8.886944792954047,10.0
11.488682665429954,6.384100218150235,13.835086892958456,0.6000619463830011,6,5.1349314026667106,8.6657624696815,10.0
17.29529144247826,4.5079343493677575,8.225336418441138,0.7764562190090767,7,5.42372776611032,6.648075669234601,10.0
16.30619407787729,3.941512624585532,9.710799051084251,0.6039439464408625,6,4.651192783445507,8.442820867881737,10.0
17.650269106665124,4.518675231125497,9.172535519830094,0.7515624063784232,3,5.908599831242495,5.748243275257203,10.0
9.242972234855447,3.465087046313375,8.066927523870984,0.6723381622600506,9,5.259201870547545,7.502080812614427,9.713368391271358
15.308674752036442,3.719339831716649,9.453954381477928,0.747643360027264,4,5.0315111398007035,8.040211346149265,10.0
17.383404568210377,3.5233022017324056,12.072655901122573,0.6803490410849957,2,6.024072496616552,6.573036817058309,10.0
9.8123306616566,5.114717718707789,9.38653353280741,0.6141815844663683,9,5.369774237903943,7.336459675886051,10.0
8.664962673667775,6.977891881287932,11.05402067289571,0.7535013390790728,3,5.260590795946888,7.642757396250095,10.0
15.41120649290059,3.706917771081701,13.326908689789992,0.614250537064273,6,4.547167012769923,8.75613387790375,10.0
13.744731131799119,3.6516021658616795,12.162547522094451,0.7844240871922437,5,3.8048022273267974,7.429920647252357,10.0
16.418287767582722,6.217144747586654,10.367774419436191,0.6101948071583323,2,4.168976139326351,6.6580248690684165,10.0
9.397723766262896,3.9859149098403313,10.23481363347265,0.6958650555543031,1,5.559234402642462,7.123595553522461,10.0
15.952673118598902,3.488050190544958,10.734414884050908,0.7446068861701591,9,3.884555594047932,7.0089545756317735,10.0
10.016273200477446,3.834242891027888,9.06224864635944,0.6786492929584076,3,5.502399356770103,8.344624755449857,10.0
9.636559428657044,7.61865697938388,11.804004604495928,0.6434466949184869,7,5.47834756600407,8.504509779677251,10.0
9.642657979309929,7.107356263880954,10.184916914627633,0.7518181922792054,9,4.642808608777182,7.089414729803858,10.0
16.14574720231382,4.77032281177547,13.114192095572262,0.7568589409577453,9,4.994745864443246,7.44503655798289,10.0
14.651972206962002,6.279103836636964,12.539315960346897,0.7845389967908735,6,5.00692842029859,8.035195920216424,10.0
13.230654247691193,5.686378368340191,11.66307898455296,0.6752330220862155,8,4.712963677634774,7.583088041267142,10.0
11.588304841235026,6.38562131741282,10.185213335897096,0.7012503468994654,9,5.373632161304011,8.362470348294242,10.0
16.772005408131083,6.413355762313797,9.259590990040905,0.6726256885692145,3,4.32535269499359,7.049364098506687,10.0
11.924451074226354,6.143670075299965,12.656911184633737,0.6514163643702736,6,4.978298098636711,8.545712129644647,10.0
16.16599439471577,4.3305068426865425,10.91845459394652,0.7502065923075217,5,4.602928198352941,6.019018295882233,10.0
12.391349085702185,3.1950321038140905,9.348500229064145,0.6679303690033911,7,3.824225398262195,8.137928074464003,10.0
11.769444294249077,5.2778339099505445,9.171047690240037,0.6856298883984704,7,4.159925872074302,8.404465505030643,10.0
12.626797856696065,7.454869423453519,8.992405427008155,0.6807347315248056,9,4.419399720494125,8.503780616011683,10.0
11.01377874164142,5.84748629259288,12.66296717723357,0.7425322451293492,1,4.839703971870619,8.354519689510594,10.0
15.476093801762511,7.161955208509539,9.37392311180187,0.783559125222136,6,4.353866175159006,6.792423534289058,10.0
13.02720390092479,7.958121714806141,11.159853581151186,0.7333512122614755,5,4.416430134782968,8.66076475729834,10.0
10.322126951468173,3.8180810206913813,10.709278165838338,0.6943165192188465,4,4.740703106287901,8.232028702764415,10.0
16.995745732745686,6.458888195709911,11.477665395369703,0.7558410229477767,1,4.6292895060158665,6.761557812583516,10.0
11.838912213732113,6.371467868500123,13.262929402227165,0.7281942648244275,4,4.450387156669874,8.01669328153731,10.0
13.435528611139887,7.899777236791392,13.206484340490384,0.6121220714235627,7,4.953457459067402,8.778830191881816,10.0
17.06472110964547,7.928003669764002,10.706456430949158,0.6191327172837683,4,5.908844777658868,7.073589204378191,10.0
14.242379959139921,6.433393058620648,8.09219750440834,0.6075833888147266,1,4.795624361869461,7.826407629139295,9.846456134774423
9.168980407083641,4.218073959910972,10.558662834285819,0.691363265241264,1,5.252737597672191,7.174366417412823,10.0
17.398321236134752,6.992779190652995,11.637161224544842,0.765170686867793,1,5.122201753538004,6.429554407602393,10.0
14.277080530714178,3.5351456710551905,11.34658855458837,0.6626166338702704,5,4.497935836401303,7.314491280215811,10.0
11.349056146570861,6.903496520858144,11.908016634801234,0.6768320366184963,7,5.072673037291226,7.103313163541426,10.0
9.392720726633872,7.550980620723482,8.9244543948385,0.7818954216735782,9,5.62410354393387,7.7720033654117655,10.0
15.94025189270296,4.9141669738421765,11.879210592684394,0.767380689063331,8,4.289729418457014,6.34685082028362,10.0
14.200727559285134,6.153176474915402,9.095909712462634,0.733009622476512,2,5.208379596655896,7.443339359339103,10.0
13.334610919763215,5.150713660484131,12.503143884180494,0.6533607564184503,9,5.479393636519615,7.756280532194176,10.0
16.938925830509575,5.188825274940642,10.03452567957608,0.6234082965376887,4,4.552867336062299,6.050510442076539,9.768336298216747
15.885972112245307,4.5518544455406005,12.259372600288721,0.6032117645360228,5,5.322488594679154,7.754323072855375,10.0
9.516748797327512,6.810648102251623,8.287193593436642,0.6214021345208841,5,5.921345859002331,7.6345678251059965,9.942998452544543
11.117220677955482,7.680882820832526,10.44716015354548,0.6585192887247886,4,5.171933126591752,6.812494032239977,10.0
10.484891398144658,7.703754296172305,12.230207133579997,0.7103580127158992,6,4.822093954125986,8.305147019327682,10.0
15.439462925726769,3.873906424374669,9.361223097988965,0.6128000165504773,1,5.189153069685267,8.293168633689366,10.0
8.335324347357794,7.37371824828283,12.771722268783336,0.6272455556636898,2,5.009809972436527,7.418516955166098,10.0
13.698896848713165,6.687157207135611,11.784678398629591,0.6362161404615883,4,4.514403689250453,8.165407035891757,10.0
15.624586857406905,4.264187003451446,11.52537063289879,0.7263964185966613,4,4.457839002377753,7.504943836471049,10.0
16.767656367617494,3.3364230646075725,10.121293125226023,0.7231579597960249,8,4.346903660354072,7.14886421540881,10.0
11.420817487159075,4.33998633442189,10.894708822286706,0.7101531452744306,9,4.797153748843468,7.713492269358448,10.0
16.212573046720127,7.561041183907628,11.584095805867118,0.6501002849391879,4,5.067390199208233,6.739567442243437,10.0
9.106317369552073,6.165893374478862,10.834772683489343,0.6742239382437464,6,5.53387133612958,7.054613128232924,10.0
16.46452291734518,6.6052733044893595,12.18987994364336,0.6193379432675485,4,2.7215359685946554,7.063521842744881,10.0
9.274886623319825,4.2857617555454794,10.602181598641756,0.645292120751611,4,5.25214451708965,7.951327160546874,10.0
11.972872905603673,6.596940777874101,9.213639090452181,0.7795410452945162,9,4.761619597816095,8.316169538668921,10.0
15.972953657795536,3.1406075313896187,9.283602696806284,0.7959383492871658,4,4.330327383755668,7.001070823842036,10.0
9.499174273487737,4.8766067288650685,8.034822613057646,0.729531917128059,6,4.885476677585756,7.590257587826307,10.0
10.292513952326415,6.133766742711656,9.805746293352035,0.7833646584046841,9,5.321208977103527,7.755165451795348,10.0
15.222525683930662,3.7304828277066013,12.493505842871118,0.728548380080285,3,4.8224375718236825,7.228834465172175,10.0
15.200365365460744,7.115017872234674,12.764976253025658,0.606639297221094,7,4.762364265672128,6.524167448991058,10.0
14.411476328852974,4.1751564940595935,9.2148052525745,0.7993525169972818,7,5.147999924376135,7.61187761536958,10.0
14.939484444671,6.2614055640922315,13.754263981228446,0.619790460337307,1,5.901477779502378,7.418585308724684,10.0
13.427244433475963,5.025985712876649,11.01441676088076,0.7365283602890121,2,4.545644670358988,7.8744101706593055,10.0
10.517990589069527,5.980217977388236,13.501872494111016,0.650567240614958,5,5.027837095426276,7.623854768658553,10.0
11.456959935039194,3.5372527631445405,12.240591691169787,0.678396222581392,8,4.32649571379946,8.130521421812276,10.0
9.815977168014257,3.0845639996080365,12.33460053813448,0.7291868369601877,6,6.1102103160195345,9.115703632402067,10.0
17.084505613336283,7.547822136901506,8.510261727836427,0.6872974698615414,7,4.818898365829114,7.0989262093129275,10.0
13.833917947661204,4.348150043835914,9.319946761381583,0.6501092117862256,3,3.770238509092497,7.594374575700203,10.0
12.008514167636399,7.098385013902296,8.052888999766836,0.666889237375665,6,5.03021230627412,7.888862770985079,10.0
12.620058036441327,7.9967515023610005,12.296765842860426,0.6683096233846353,9,3.876843661611185,7.923908999453468,10.0
17.472833396118155,4.0571562899945555,10.06662973057106,0.7918647809016428,3,5.82824498136765,6.560308214417549,10.0
9.533514031160802,4.325853705916778,12.719915096458081,0.7597226031846902,6,5.394472278603892,7.693295132966914,10.0
13.862298320167973,6.314298938173328,10.033617319622158,0.69170975429588,7,4.161103676472976,7.600472790444489,10.0
13.05888678884466,7.827243173003106,12.916002513793167,0.6399641840682728,5,5.004215611247311,7.691995721609704,10.0
14.114542354346478,7.57907174095372,8.784189522489878,0.7622032220525312,8,4.518071397741725,8.099082403988813,10.0
8.181101838208406,5.514377600327925,9.040238940545049,0.6314364943216747,8,5.67642264046495,7.139562027754425,10.0
16.721239089441514,6.9755514126336235,10.045259237503618,0.6420924434284007,6,4.37032829793135,7.171509194085447,9.669157815162981
17.321182824836125,3.678729265499505,10.45092433329364,0.6732026783680303,7,4.472333927447565,6.475274780506419,10.0
13.651331835892089,7.8871909210200615,10.092216865057871,0.7760696391703981,3,4.828635180683552,6.961658855330182,10.0
14.966508238768922,7.821766170179933,12.581882195139318,0.626357333726822,7,5.688625887030031,7.031540505860182,10.0
17.224993811772958,3.818644789395855,8.581708355760288,0.6244468385709052,7,4.798449957707153,5.83474868288032,10.0
15.072386343133987,4.497115624015533,10.107302117830928,0.6987949976610532,4,4.397004129062478,7.631449641924689,10.0
9.525390429142613,3.5007749875338345,13.023439997092757,0.6552821082187349,4,4.932320449960321,6.84421982443981,10.0
13.762883601668133,4.3585879944908985,8.400782463573032,0.713745588329632,3,4.010513128011801,7.595001419299212,10.0
14.06715046382856,7.079778947076033,13.654061046028145,0.6903273369366447,7,4.959224195740003,7.601874726578644,10.0
12.24130671302386,4.8915780358262975,13.917901053632077,0.6869918212702434,5,5.153456909021882,7.8737499820712,10.0
15.364442356247228,3.441984835733792,8.53140904295048,0.6223945940973986,3,5.03153568872671,7.874264360165694,10.0
17.343670147690148,4.711127623894523,9.747635133534422,0.628209938049968,6,5.064270012046087,7.099341387130403,10.0
17.255685129067764,7.9069166712064005,10.234403996212137,0.7642157154893701,6,4.615799761186506,6.247381156322848,10.0
12.508393714041322,6.148417976296015,12.658348211916357,0.777176547514349,6,5.718731518203026,7.977483047935964,10.0
9.132380458407553,5.0808047320307885,11.575560872700404,0.64693670657705,2,4.767386126687144,7.378113746349767,10.0
17.848411989623347,3.83269256748635,11.866194202955404,0.6226921003049538,7,4.837668231326676,6.500767185741155,10.0
16.38898086445934,7.930883986418474,12.545058936911037,0.6106833343869021,7,4.05085057147876,6.995267874650771,10.0
9.246626812032668,7.1042450463156435,8.707873996622155,0.7216595227483794,4,4.456819354208329,7.847440492090417,10.0
17.208418826173723,4.407386512254597,12.999256741461574,0.7430706425000412,6,5.291963474643964,6.076944955590835,10.0
16.69896362062128,3.3503434786059474,12.233718825080864,0.6745619978406411,4,4.793101068542301,7.0100510068908175,10.0
13.188380571260721,3.28312778688779,11.464050351178221,0.735935173498128,4,4.235354433485922,7.227876588666417,10.0
13.912754357449293,3.601890747527669,13.33841200869834,0.7425917631119052,6,4.277837846118002,7.426638828825438,10.0
11.990027038701303,5.903842918072108,12.201838123302842,0.7870684562793812,9,4.463922345258014,8.05062061590104,10.0
8.547616388220312,7.643817106027462,9.210199775786153,0.6129747275670214,7,5.021566500196283,6.428466086204463,10.0
11.35197241645901,5.483717140029922,10.578472286454,0.638458344646216,2,5.485773947131879,6.885252674447582,10.0
16.028534485980114,7.214727412280986,10.9642572016144,0.6137051975193976,6,4.698610057504676,6.610042599542864,10.0
8.046320230046028,5.229433099299039,8.331305760502435,0.7735987866672221,5,5.578135850890506,6.748894343872048,10.0
11.334991716911443,6.542917728839126,13.727825080160335,0.7585174320067137,6,4.816071163524258,7.560455443097492,10.0
11.981686935909433,6.6593636864325045,8.771463564781271,0.7149284141243678,8,4.76805479663204,7.737872960949929,10.0
13.37395602937923,3.869818529516693,12.184767603360362,0.6167326820102366,8,4.481406373918799,8.058922845834402,10.0
17.198556164127606,4.806080294879059,11.037386216545281,0.6546624717307439,3,4.877733837823039,7.628591127941556,10.0
11.463459943659613,6.186510782690119,8.153793499306536,0.6595439696117034,9,5.093115110759048,7.671548360297133,9.90505037194188
11.469532018962276,3.353483040921831,13.548484855186171,0.7121486392030835,6,4.880715449907709,8.176617513649783,10.0
15.375012481097484,4.807700938814783,13.1110208529136,0.6516087788073431,7,4.412452338178635,8.053107589300659,10.0
12.522179408898072,5.673997331405962,11.145547567423012,0.6145919727825909,9,3.256479956243528,8.519630477634538,10.0
10.24604822939982,7.981122465223193,9.37365401683667,0.7461524603706599,7,4.649128062048196,7.4535032868942075,10.0
12.524395161326934,5.372667813112203,8.729737344080565,0.6598160423310823,9,4.006132485357192,8.422804144863695,10.0
9.408570203797998,7.080283785571618,10.180354876592759,0.6904748354046601,1,4.667143077197312,8.309551337253268,10.0
9.763869865062233,5.160336425333089,9.532569686276544,0.625533326996461,1,4.387834632181163,8.515448674006246,10.0
12.983677727394797,6.981953613098544,11.040147206037792,0.7605096606789159,3,5.250114713003046,8.735880841230845,10.0
12.189254495045478,5.9770740081005425,13.798455776740575,0.7131063753848116,9,5.2821787165382545,7.4480982972924155,10.0
17.148459010681,7.432977207511992,11.44972095937785,0.7803171252419726,1,5.482338078198115,6.794518388130547,10.0
11.62393899116633,5.054712761750549,13.339586335340588,0.6990943126130666,1,4.587397374218259,7.647752868354295,10.0
13.805883502780434,6.021522099107394,11.905273024974663,0.788285134363576,5,4.34041511645804,7.183757769944138,10.0
14.322642879195303,6.150093403094137,10.851479159523203,0.7783736408762653,8,3.9487949455788875,7.969565934890957,10.0
8.130944565883336,5.086914709002366,13.127645376400228,0.7152919712918469,2,5.935809731058735,7.352055523757282,10.0
14.635373720167106,3.7215602184374075,10.828208661037985,0.7867786876299727,4,5.151837215978664,7.738184757051696,10.0
9.780359668697514,3.467797034561678,13.211769023062166,0.6646177494589105,6,5.291763099698293,7.516232274371232,10.0
17.610703174694553,3.0833577529981655,9.749460617454591,0.6731284325408423,1,4.66125011420611,7.650534452083713,10.0
9.486627277531129,7.367671321226073,8.772878442577928,0.6090955902612074,4,4.942054397346224,8.438591500405398,10.0
12.146241237270237,4.182374561193472,13.13188678617763,0.7178401813527706,4,4.649202225557358,7.789642059766692,10.0
8.853496680786439,4.05753374640884,11.524490982756001,0.7443847939857867,9,4.385273816584595,7.493198587572671,10.0
17.968742518459475,6.6801770021303275,13.33455438949376,0.7547038380484207,9,6.02569051730783,6.466344759367139,10.0
13.021950103312426,4.600080565436959,13.6269632419543,0.6299632572092206,6,3.993716443607133,8.461445076973007,10.0
13.953850173200438,5.530223462059183,8.321770342228696,0.6888318144625001,8,4.288409785502472,8.050228168428363,9.792488158866174
8.670764773884274,3.8125553264872813,11.00581581115321,0.6353726424187831,4,4.432923763533128,7.503168570144485,10.0
15.499604703991778,7.7987286073098465,10.249787294447176,0.7324254697708498,8,4.705667902770053,6.678909573561185,10.0
10.099055930955858,7.2579070000861865,11.755150382420704,0.6315892744843536,3,4.856215439554754,8.800801222098283,10.0
16.980542894407137,7.318948114825016,12.761547183213942,0.780832736791215,2,5.5558078536775755,6.444158278059398,10.0
10.051396404820071,5.033868742860026,9.683541295846213,0.6461269291322826,6,4.516016752760496,8.340767764085948,10.0
9.906877206636665,6.811806068535864,11.340790306239029,0.658280453257649,5,4.476224117185122,7.796643796977058,10.0
8.365496678480948,3.719380776948901,12.252371479429398,0.7701812644302,8,5.447133703080038,7.964602456770194,10.0
12.720669451099992,3.0430950129589016,8.806586497014404,0.6916935220291448,1,3.6402020416585668,7.32353906938417,10.0
13.648411332626164,3.0998646628901407,12.884401435707602,0.6047991891600146,3,5.3353881526103235,7.546507364480397,10.0
8.657086394283525,5.933008687022802,11.63665759911784,0.6989172502405292,7,4.661865444222984,7.371110552099098,10.0
15.755276166950106,5.276974526239704,13.697224622681912,0.6169086670760245,4,5.751139553192949,6.836525919276018,10.0
12.532888347480275,5.590076744542599,10.03717351478416,0.7970689437374622,5,4.28986552130565,7.717442629607207,10.0
13.2439026932758,3.0373157020860972,8.648875654023191,0.7176223140911205,8,3.95346626768542,8.568208100309095,10.0
12.407627469382282,5.113433098287128,11.039007206221552,0.6513065235221956,1,4.983915115489114,8.267946724272496,10.0
12.00763060875326,6.5903408060043045,8.514864630256634,0.7127435359095236,1,4.9821456584526915,8.723835543888104,10.0
13.59640331308218,5.213468509837179,13.81715913994404,0.6153734206763509,7,4.943617888705433,7.905271700042843,10.0
9.552402459307125,6.661096031561112,8.232109749543149,0.7599782608537634,9,5.145824228595936,7.621048718246454,10.0
9.81928130495271,4.165094821984174,12.521023406643849,0.7850656107728328,4,6.156984481411177,7.10835200419781,10.0
16.617856210135173,7.065710022408627,11.150614388853464,0.7748888776412319,8,4.3155545448370045,7.457619026895802,10.0
17.461154621336327,5.942156202267261,10.211723914989733,0.6683515204597126,7,5.8586296194009035,6.4281891830422255,10.0
11.73309316279753,4.0538154971495315,8.395052987051928,0.6651536239286737,2,3.9390372912962497,8.093749131385279,10.0
10.707446731435537,4.183602379269165,11.733001545041647,0.60701752224326,5,5.699472810287832,7.636801476340077,10.0
14.439995432390157,6.140152322847685,11.511321976345732,0.7302800717401834,9,4.879710888717578,9.125245219340297,10.0
12.087341710980963,7.149697966062217,9.6852996384056,0.706980956837959,9,5.492924236594591,8.061134903872096,10.0
8.253863556603449,5.078138910145776,13.461330208461872,0.6918692742654683,3,5.886761245697795,6.940846084181034,10.0
9.561525973661904,4.291502145637961,9.82466004405702,0.7815261906669414,3,4.006155285541602,7.123050677634997,10.0
15.159722288473976,7.335058034553002,10.698352463552636,0.6335757802165692,2,4.59773821430687,7.764961319724558,10.0
14.589239419101514,6.346341458754175,11.262574735511935,0.6019332533380365,7,4.087377382899658,7.2881188860163135,10.0
8.270959925034834,5.2404274364153824,8.601391269057716,0.614663290424153,6,6.182378310598761,7.079126250916127,9.986334023616388
10.219721619329494,5.439500976396509,13.592970315281795,0.6446742875654737,5,5.357802435353854,7.077601942117192,10.0
10.310747965880713,4.021282339681982,10.247216914706247,0.6066571098526914,7,5.016455289708423,7.890856128267999,10.0
14.718927435987284,6.13401315032422,8.484675283246062,0.7005687421286271,4,4.518020998835416,7.658513689652426,10.0
8.197105377543641,4.793712552714443,10.32374704205198,0.6628180910467156,5,5.669855718112761,8.205858905907592,10.0
9.041085819845739,7.9782258833717465,11.601215282555485,0.6360966016136266,9,4.740296151046787,7.294297647055002,10.0
15.999160853731894,5.400917576309439,11.081916030927978,0.7500168149897325,9,5.020529197696282,6.10176704696897,10.0
9.785446620543336,5.429428030948066,12.167251844223644,0.640890265246506,4,4.982658212380071,7.643635360091114,10.0
14.527461078518748,5.82925893705336,8.332903652407463,0.7375210201987586,6,4.301057578715227,8.332062060127647,10.0
10.381827810467264,7.583780015593733,9.707243661632337,0.6698529811695277,2,5.275738503951603,8.174311438965981,10.0
8.994413927593452,7.004090499298751,12.915383461040614,0.702365552132511,3,6.174358761076266,8.091461078208413,10.0
10.431721909994542,5.2556503489892075,8.479362126748166,0.786773407970264,9,4.205076753453411,8.10304427714743,10.0
15.22266931855659,6.59349632986398,13.132915728175746,0.6074703269631625,6,5.246103612477302,7.261326735049006,10.0
16.55696468106286,5.931177493903808,8.551376552462637,0.7000529014954924,8,4.574734466662577,6.399564863736999,9.423718703987348
16.302198645669915,5.461835243506244,13.006725289350177,0.7708845920655237,5,5.223100008179929,6.5832076500769885,10.0
11.971835296184548,3.9615788639217526,10.16473040647236,0.7175948496740697,2,4.413693456852605,7.698902765443542,10.0
14.680851365706461,5.319681317274455,11.673254379543295,0.6553741033930314,7,4.571284934781945,7.95766255488637,10.0
10.04984295415821,4.229092935112873,8.91732269388799,0.6795362270290068,6,4.889703191249104,7.769622359697676,10.0
10.931477302610134,7.574210749258273,8.397012330351085,0.7360531257457149,2,5.520405699574769,7.043295011406781,10.0
16.9633581852112,4.677034067481735,9.29562922412081,0.7781623788627606,6,5.015957005675802,6.928336745263708,10.0
8.13001923510736,7.761320072666861,8.767122907452173,0.6082132747493223,8,5.309312340669396,7.862510704723814,10.0
8.85508530854468,5.665276450473556,9.87443538607779,0.6143077643780752,1,5.226863231901198,6.716448600511519,10.0
10.078862551460274,6.157721893380802,11.08629947906612,0.6650103047219175,4,5.93245569054453,8.090329638884384,10.0
8.265322038738198,5.714702222446639,11.532556781390056,0.6465559368874958,1,5.717252247433133,6.247102341873091,10.0
9.814354350897974,3.6469030848335047,12.739208644278458,0.6529861772444812,2,4.732939957973388,7.323270992371439,10.0
13.83041560969692,4.879106095039705,11.937439359490153,0.6442539997251762,1,5.423155336296455,7.190621805950896,10.0
12.21424550592498,3.4957305613881196,11.652549950777317,0.6391650097710315,6,4.794519330724273,8.340037232946603,10.0
16.926717110769747,6.114770220916909,10.470692164914649,0.6261247933738583,6,4.622598266350158,7.618666247482059,10.0
16.174435617384407,5.234370976002195,10.842850609760832,0.7867908263590476,1,5.105675405668871,7.65976176404761,10.0
11.41817351697876,6.889924857854684,10.487124976341086,0.6288378927812306,4,4.701618029074408,8.497199981475633,10.0
10.594234334312924,4.102352404996849,13.052996180368298,0.6408807549531073,4,3.2006393850637416,7.435488502370825,10.0
11.79692408167267,3.8228302921466746,9.380002715290399,0.6492531447961571,8,4.902856930924438,8.289379431770225,9.985219177790892
13.902949425148078,5.031661154818839,8.034325589251788,0.7866029746260842,6,4.1387159006293395,7.938690864307479,10.0
10.680636408228763,7.632926916091906,11.907919383357436,0.7511428267202169,2,4.2414399450680795,7.325235360024871,10.0
14.241489078491341,6.5521090750620585,9.21477310183299,0.7579398860631029,5,3.7198623943252107,8.28680232617197,10.0
12.094116521912404,5.094618123964594,13.340690817858857,0.6209516519076996,4,4.776831664928575,8.21642621235815,10.0
13.520471808519803,5.586360848771553,13.154277978239936,0.7672619750031344,4,4.5939519326651554,7.774996917295489,10.0
12.361265291353167,3.421065055885492,8.460364231569235,0.6816386163634836,8,5.169555466887605,8.404094340729639,10.0
10.944657595419176,7.922879481880566,8.638330432484464,0.6525646052424777,5,4.439096884228009,8.018286872642385,10.0
17.484533069621566,6.332036523474595,10.971029553479998,0.7151500167040621,3,4.942989017891592,7.096594135270995,10.0
15.636057941597608,4.427020342317112,11.655335976616128,0.7644365811633468,4,5.815526535974031,8.282965914172546,10.0
9.401131757664526,5.929041971076222,9.649450024893444,0.7557304302149819,1,4.143071754841643,7.522721816719895,10.0
16.68467975897913,3.54741183034497,12.300786300196224,0.7779994965162265,6,5.611560983044516,6.75760224951966,10.0
12.874311982495136,7.829183344037918,11.56949612551323,0.7856264372030888,4,4.2830925413120084,7.716392081558228,10.0
16.945522268940913,3.87392493941683,9.948944658491328,0.64762441428555,6,6.615478435251304,6.785788609080892,10.0
15.998552559473152,6.240151590276071,8.152228928253894,0.6847715788338543,2,5.240845855556663,7.876076226591061,10.0
12.252135044692334,4.2272723126946525,12.500901687791107,0.602925707841014,5,4.387746978288081,7.4663510673626465,10.0
8.224693083201174,6.587806913242678,9.288521994950496,0.7758643318530121,9,4.752734844362987,6.602140741451227,10.0
10.68677359384946,6.884106836201405,13.00684246077577,0.6309144302949535,8,5.081419746666504,8.0317511720044,10.0
13.416342146608669,6.367098644557164,10.52174156032553,0.7722949624685389,3,3.71196903204495,7.880970252578278,10.0
14.334782198261472,6.072497301275963,11.462464655790592,0.6658774643973193,1,5.041011879627252,7.823963490060756,10.0
10.578876854332023,7.462345469760058,13.23769238245401,0.6736267179962276,3,4.197412670076322,6.920799304181052,10.0
9.39356074072824,3.39313355494879,13.18173800551972,0.6078264508967719,8,4.647391977742254,8.430975093239827,10.0
16.34930236799299,4.6545738289009755,10.22911745146144,0.6653757579530639,3,3.538243347993175,7.156832163858543,10.0
17.84402180703552,4.24143739815423,9.253333356289058,0.7776727365602528,5,5.342124440720211,7.51581734568756,10.0
13.256901823026858,7.940069810327108,12.650876466371567,0.6051094802243208,2,4.806537880963302,8.127765164361454,10.0
9.716792858483036,4.946948898334368,10.598481221612786,0.681265494609345,1,5.073231866299499,7.5386319069197425,10.0
10.72307326519369,6.6630634962019935,9.152251961354025,0.6062799259625482,5,4.009920345552877,8.045951375845688,10.0
8.183906765474667,6.423625819405023,13.4265520539029,0.674184685021813,5,6.179486364483433,8.011650188546458,10.0
17.14298806560499,4.060406187386889,9.188625165446524,0.6345281281560582,6,5.02104683143961,6.317250323734276,10.0
9.177510828901411,4.194988401057756,8.154843009147386,0.6504436786536744,2,4.92389314494375,7.89392629421052,9.750346085097698
13.765164755142536,4.40642281776517,8.12167984260452,0.7755196746322839,9,5.073873798234779,8.06309591813693,10.0
10.74055220687206,5.055636391296896,11.733892138725587,0.6872098441243782,2,4.648182550711292,8.21772206568209,10.0
13.541780025157934,4.171625328252634,11.970050364305182,0.6547595982803824,2,4.888578169832262,7.42665979481064,10.0
14.514203883518642,3.098257413734239,9.866250230341903,0.7178676755901096,5,4.318366281374891,8.002720616401811,10.0
16.297418037072017,7.396965284035978,9.92006593548238,0.6284213919665165,9,5.338319557524681,7.357773627763397,10.0
10.064212717606033,7.82804915690442,10.036963490359657,0.6518783214841711,4,5.382522968912752,8.59601418612148,10.0
8.109958286584805,4.70785193515784,12.080951280553272,0.7092495935205777,6,5.258585028864375,8.129854888869984,10.0
9.368856300688073,4.692534397127364,8.348802746160972,0.6475046083696138,2,5.214308522316705,7.840330480473242,10.0
17.00018641848105,3.035459063871855,13.574698116147953,0.7358255474801747,4,5.057637659344519,6.864483781607241,10.0
16.73890077562515,6.40125344165187,9.335126265064678,0.6982982604519045,9,4.952055962624354,6.396848355781549,10.0
13.974131021703084,7.127199478743144,13.998039231452553,0.7543978140509382,2,4.085002113308125,7.706776165484995,10.0
14.005168604336534,3.733041501800016,9.029136162723121,0.7896489071444938,1,4.156541644734947,7.571081304822616,10.0
14.650366745462556,3.798331746835754,12.629278743874265,0.6231609778694815,4,4.526065376906958,8.136618395362973,10.0
9.753712786234496,6.950416249857189,9.34047526957775,0.666933001996909,4,5.0854903996090615,7.9013722033205775,10.0
17.1441194592496,6.081453741770723,8.485080809859523,0.6639098125756813,1,4.660540783954631,6.185930132056206,9.737751675258464
12.18770524892073,3.2243027881385853,13.249599946103894,0.6302365838674509,4,4.713263462253837,7.577397227771386,10.0
11.831385282494974,6.112734952311408,13.152507555145352,0.7620606274666942,3,3.589664544320187,9.274542932646789,10.0
13.189177052828375,4.5445886142188305,10.421422354697608,0.751975740807758,2,4.66874041010332,7.714965267443992,10.0
8.46965966775055,4.84362577735423,12.214376855242561,0.6968850941668798,4,5.414883113875622,7.7153916487510825,10.0
9.662833687560795,6.848657091484401,11.342395596103502,0.707554155558922,8,5.480208114164943,7.73796706847657,10.0
15.380336164263705,7.054675963363053,13.117736682042493,0.6119088276004992,7,5.503708700487826,7.303994245314172,10.0
8.827986679251264,5.001783134199153,9.890335815911927,0.7111014704654092,9,5.617807879308557,8.083138666068933,10.0
14.031521094663882,7.735764680031774,11.14203439999391,0.7582683048039273,8,5.5799996311378575,7.566300375934376,10.0
10.45349109681321,5.032313589760361,10.912234227227303,0.7147655147167714,1,4.900830277810014,7.729429778000684,10.0
11.892956140419766,6.8591801761505495,10.123434957541152,0.6530612740240838,2,4.752055196832747,8.686852213986061,10.0
10.886937367706999,5.419386322821295,13.348730387338234,0.7335096544668674,2,5.2495527154023005,7.745704322661597,10.0
11.556727164649491,7.48766163261042,8.995267547975214,0.6722976859930495,8,4.707924468620901,7.28714547376771,10.0
15.190459051842454,7.538806218250893,8.897051837124177,0.7089746568571471,4,4.604673269573123,6.9271271019556435,10.0
10.97121715623175,3.4370840393554194,11.461457211936509,0.697513072655785,9,5.5211626063610515,8.20432251172592,10.0
13.664046402968971,7.682466656551129,11.944965379909652,0.6762350001930361,2,5.031798817651029,7.51096273838722,10.0
12.760504021990997,7.1276742076020785,9.167715525947392,0.743775596078827,4,5.006381590783704,8.536037392368938,10.0
14.636711653626481,6.956553571563334,10.344304653527745,0.7767752223971764,1,4.285494682090456,7.662856955569978,10.0
17.36829739324758,4.004556698427612,13.679383057872462,0.6010425036953849,3,5.626953585216048,6.94023343025334,10.0
15.325720972102502,7.025596043773325,9.479704536144045,0.7867233038460735,6,4.826900091678833,7.623889149541537,10.0
10.149403785907568,7.250663673425184,12.010164212704364,0.7023030272166451,9,4.47596178017582,8.358653711172835,10.0
8.311831350612847,4.445751672270755,12.440896362185544,0.7401463760726531,1,5.771594863750364,8.261741986973938,10.0
10.62264044299825,7.761300391811619,10.688772196790957,0.7711249132351755,5,4.287571753646269,8.187513090911622,10.0
13.950779307002549,3.249300731995821,13.625155920557498,0.693420738462854,2,3.4742764309052996,8.067699195673368,10.0
8.514258134842503,3.7495462662356984,12.419940411312743,0.7669948146729781,7,4.4608229145995235,7.9485571414048675,10.0
12.963662472012363,5.687905690257572,10.747547479165387,0.6355239638910405,4,4.546533258167596,7.671603525869725,10.0
13.968428489168891,5.878962355611549,11.416011210656563,0.6318335068959628,5,5.449314587064159,8.077029576090434,10.0
11.342438908169608,6.225750416504517,12.155680660550605,0.7314942737712308,8,4.941978835025268,7.517412923741601,10.0
15.709122037458219,3.084845646577332,11.553141082575308,0.7740286011103474,2,4.7847562577565155,6.932666897852624,10.0
9.065982531337719,7.801833873110652,13.272185502956455,0.7784852355072079,3,5.872543585406462,7.33169825747468,10.0
8.751377817358087,3.22294046367072,10.141331973682407,0.7287480916754493,5,5.5516221336159886,8.106614748857428,10.0
15.281887562036033,3.715309763617012,9.799314440334829,0.7050978460418635,4,5.292576701668811,7.3913066243692045,10.0
12.954913162061985,3.070072587630285,9.283033336971586,0.6662786175393033,5,5.157113479082146,7.564069240284594,10.0
14.884023964277361,5.834292166470473,8.22669780838757,0.7960000831198664,3,4.581941320576579,7.9637473012168245,10.0
12.348273386037462,7.661334419604861,8.258083786280332,0.66393913733325,9,4.579950715590947,7.170303766942447,10.0
10.464020332391069,6.3297358304023215,13.220331158655696,0.7488372214463187,8,4.496926084443936,6.946487921668858,10.0
16.191023176741997,7.113287342402137,12.070358878435444,0.7063963599810001,6,5.32703380946674,6.995290547829517,10.0
15.994158789689793,3.0664060172929,11.963194492618916,0.7217024685050694,1,4.265256143853167,7.068142979491212,10.0
14.946964708544268,5.71007649239863,11.687856913609316,0.6786961101177252,4,4.301794203769427,8.087489869177917,10.0
10.721451372299628,5.297814887527609,13.095314868164628,0.7929646250944496,7,4.836317268614408,8.518446172982653,10.0
13.902306668690871,5.494839721103965,10.881601553993764,0.7143364652198543,5,4.731341726312751,7.768311761689471,10.0
11.609738969400269,3.3610659266759395,13.222464971349801,0.787557526091758,4,5.04912219732082,7.8883815598981855,10.0
8.915820733266342,6.422176805346537,10.156670157093435,0.6015182832347828,9,5.231280419134301,7.136228525981665,10.0
17.17313575462243,5.516102074293173,13.560245026034544,0.7145341166382242,8,4.927139650311465,6.6069962837109735,10.0
9.368186309189614,6.82574424930632,12.191941880487441,0.7434373779450543,3,5.499860281055643,6.375209895609732,10.0
17.502373538208026,5.4264531703085765,9.543062816146563,0.7490160342324437,6,5.64524621088477,6.2604929156105396,10.0
12.460057729579557,3.7469081811321603,11.384509530131751,0.7809953763563363,4,3.8396475086915833,7.949018620329379,10.0
9.851329288386196,6.24128477038911,11.198183368929534,0.6008803218007572,7,5.5651690439889,7.3766373977105655,10.0
13.419009473783582,3.861931810525831,8.827392930382004,0.6000660318518952,1,4.50347770722803,7.577477001366549,9.633808888107387
16.729458358764084,7.361972816774075,11.547457434503684,0.694452692159043,1,5.811713245337604,6.7321930471912745,10.0
15.322248864095611,6.0655811953462075,9.888713742301748,0.6058587410010741,6,4.460249640358696,7.444888947022944,10.0
16.065611478614496,3.7860194177847712,8.314092600857615,0.794906510732475,7,4.393372807220124,7.604953670008357,10.0
14.587833667107173,7.811690287406034,13.69193694623939,0.6444130349082784,9,5.037893654721785,7.878363072491391,10.0
14.922765645178524,5.5918273166766035,11.848942214385726,0.694532945872969,7,5.807861714693459,8.013452993712296,10.0
16.491956515653193,3.364492259358275,13.261513591225082,0.6122275260024447,9,4.154597421221264,7.277481076574206,10.0
10.496680088591859,6.134164522075336,12.05633603007952,0.7044096832342517,9,5.3272612015849425,7.944356523396751,10.0
12.894249636431404,4.265994535064051,10.141902152840677,0.6759912250294817,8,4.952612443617406,9.075786578478466,10.0
10.212094418196022,7.0184672593865125,11.076128433972869,0.6089320057754447,7,4.942621444763623,7.4821132323104225,10.0
17.87668007996647,7.089110367830953,12.054480562083063,0.667024853339245,3,6.322591956906942,5.816706346116527,10.0
17.440593396866134,7.894736779273309,13.761513951208626,0.6782872040445711,3,4.216114718972031,6.443692258279561,10.0
8.394268113685058,5.509347655122519,9.52201675473018,0.7979842982549881,5,5.954720152822776,7.319825987482703,10.0
15.055751725156885,5.274784398638686,13.249862351744707,0.6415771743838751,7,5.24209999903882,7.6020902535825075,10.0
17.25248317415666,6.767378027232403,13.544466831765616,0.70895592307402,7,5.726170561922636,6.143408832399883,10.0
9.805753451273336,3.662353281709633,12.02249308795374,0.7974631098397258,1,5.575342402375605,8.737899341066901,10.0
13.679452305526295,5.734577568965621,13.587599764408028,0.7584038415880271,8,4.787941264980103,7.686316855627153,10.0
17.15488297588042,5.731238000654255,10.387271524864211,0.7986735001764178,1,4.952256570347627,6.189522867105912,10.0
8.339459785857988,3.447365614051936,13.718097056242657,0.7936596629320339,4,5.109642835169675,7.462150346546725,10.0
14.9742026724684,5.089920427534568,12.216697262995849,0.6979079084188309,2,5.0412992633874065,8.105514084005861,10.0
10.973490073725507,7.2664239928360095,8.252034604512872,0.7392751699741131,5,4.830612201578018,8.752769775102953,10.0
17.243961953765304,7.280768109973302,13.441236990914316,0.6220886253882302,6,5.0200801577377385,5.425923053967727,10.0
17.71058245165368,3.496188324598405,10.906836854199156,0.6882297650093604,4,4.964625254500529,6.753102730179133,10.0
17.44266489113434,3.4536044137391544,10.761961908666997,0.7618037084533396,4,4.9694493641103055,7.39732215089578,10.0
12.742142166574638,4.313477385009676,11.398799635877806,0.7010670641954287,7,5.065664364325107,7.674834373449469,10.0
16.620426509893136,7.373830312769967,8.896307280627367,0.7405398065634464,4,5.000123844962496,6.816764345309875,10.0
16.445493985350705,3.644512925367495,10.814996291404391,0.7491502659968554,2,5.561841593653183,6.537569227433025,10.0
11.191004732432557,6.599984013137231,12.986763300306475,0.6506938282485788,4,4.127815849377001,7.6876308748572315,10.0
16.289154741506774,3.505828098065516,8.092894754825092,0.7751398745885132,7,5.239043607437549,6.547541541991975,10.0
8.370076347154926,6.115689268739127,9.637502961946227,0.6919644861818358,1,4.901631910121131,7.808563956107594,10.0
13.96269878482053,4.780336495595724,8.014727518663065,0.6420370207243088,4,5.283150443968156,7.754285865282343,10.0
10.300088372877031,6.944569814829335,10.494267854899089,0.7730831763576888,6,5.560629071320204,6.353686563436305,10.0
9.205668857772789,4.168452244126818,12.369893062962408,0.6835637612212507,8,4.472669188497675,7.3081358510175845,10.0
8.769532016292091,6.196009146949799,12.792630974687771,0.750062487675944,8,4.908727313233225,7.132874583031109,10.0
14.962887758781397,4.178412672879425,13.671138566762039,0.7096066144443186,9,4.384925276834857,7.9887951545660245,10.0
11.39874963768066,6.568301415560769,11.651027677824718,0.6763743504469001,5,5.41023518351191,7.948058055383959,10.0
15.247667715287614,7.3683901728037435,9.527761199917373,0.7619752830077139,2,4.4795665219254905,7.425413536871099,10.0
8.653563407989424,3.6340089956338,13.544887694820194,0.7168939863289226,3,5.668678442409808,7.761522891520469,10.0
11.152903378306103,7.3329784429775176,12.651894523282257,0.6781124204854063,2,4.478700344002021,8.493017978194464,10.0
13.394912923753372,5.967876272071489,11.446570898018868,0.6219195740670254,9,5.204505619166875,8.036483597210575,10.0
15.907231648389635,3.63555245433512,12.173841294313617,0.7790890627533417,6,5.452761430230118,6.909663601628768,10.0
11.1875250293207,5.13770927679856,13.545898130044575,0.6070939170683333,1,5.639751738312236,7.214490541310021,10.0
14.25891376437009,3.8043014674254896,12.27436417083753,0.7726374696736112,3,4.606646615606187,8.4698601227494,10.0
16.85977748236187,6.501739444332848,10.210247045508403,0.6719923049766311,7,5.041135264754128,8.513684337212222,10.0
14.158631881823046,6.794340672089748,12.27816921373458,0.7278677527002811,7,4.617540460394256,7.829043053168621,10.0
10.329594747536337,3.5289826013639947,8.241668976412328,0.7844399447671371,5,4.95053060585486,8.018684774194107,10.0
8.24400781556538,5.530699263473222,10.318493370983488,0.6303413231007796,3,5.23089902407337,8.046720661702123,10.0
16.700988739009297,7.073125280129586,10.437938191073476,0.7133900951277621,7,5.535428338753119,6.038687119566772,10.0
8.212694108503872,7.680815207754982,9.001029406525008,0.7528865724740385,5,5.072953705551909,7.759891427806524,10.0
16.747016726841995,5.56758933370885,8.138512883310622,0.7515167665438115,6,4.943974513027849,7.061164065970741,10.0
13.289371340272119,7.751396118057035,8.800287419826457,0.7051263829199008,3,4.763021231901648,7.53229949831912,10.0
17.390676985128962,5.678444852280149,11.92772897478233,0.7249478919812916,6,5.4057496731306935,6.287000119109414,10.0
15.987832357736654,4.97095247299954,12.813732898182126,0.751505398826569,7,4.28264926209191,6.547110634414549,10.0
17.979341105333376,7.241015642764477,13.929220956361846,0.7682055275514824,8,5.19129012191337,6.774911485295918,10.0
11.507118154517102,5.4649135522904455,10.078181018650966,0.7523626193751728,2,4.777760851620547,7.467971246496871,10.0
15.671882889311268,5.359512552822615,11.596275333566611,0.6708009886362485,2,5.231867324184223,7.531881071157295,10.0
12.01930913609242,5.451562447049142,13.622869800890731,0.7993452802115467,6,4.611672642108896,7.186789366035277,10.0
12.798756203039089,7.233925009348727,9.002250688028916,0.6869005387438609,8,4.624161609764654,8.665334753784169,10.0
14.2750546321837,7.15970770844026,12.305873518056456,0.6048929405517867,5,4.761991694664384,7.638772672533777,10.0
16.736771141863386,5.017599962201056,12.529872398894979,0.6725233903170924,1,5.538771106071362,7.4142621614658335,10.0
17.840834691992953,4.666499299352625,8.53385321521603,0.6255565909147687,1,4.250409508183265,6.188288484113306,10.0
15.682734138645182,5.459640120195647,13.16749631109839,0.624288523145675,9,4.885282028762631,7.018400381678887,10.0
12.177667821673337,5.863862548685545,12.878630282665064,0.6563070080213789,4,5.29140791426996,7.32816046267132,10.0
12.213570022770702,4.191686053139985,8.200418039464607,0.6106750988354521,1,4.290689667256569,8.524606749050227,10.0
15.375823015888916,6.969775423577953,8.54650648928031,0.7377024376819127,8,4.415389219197868,7.248343704165517,10.0
10.387771457683023,5.432413828662114,8.294761363351114,0.614797776840381,2,5.539067915352194,8.018515684821903,10.0
9.104741131313947,4.670227742099798,10.008461190796174,0.6406579110871913,2,5.028551328244122,7.226875977200861,10.0
11.546221576407765,3.534104964819953,11.055733944079558,0.6185799428988239,1,4.602658878627484,7.981189829080892,10.0
10.872389916540817,4.1942258020180345,11.194086367727772,0.6126335461806062,1,4.986946940377007,8.039115182752454,10.0
10.9630812045599,7.7464058587799185,9.606000558616657,0.6535503331079083,9,3.3432431505669333,7.0685403373188445,10.0
10.336077510499099,4.525498434097633,13.469581319361644,0.714379793532074,1,4.026963798890904,7.520518075255497,10.0
8.42093189636362,3.844296446835177,10.20957673923148,0.7929371112893684,6,5.680370293976113,8.147015011624829,10.0
8.178739347334139,5.303363958274966,8.273300935792115,0.7751113308699213,7,5.341327649514705,6.8612050406269525,10.0
17.877223897360317,4.535438716801243,9.801362669248318,0.775186785089065,4,5.205924902128594,6.724107832945364,10.0
12.277731337358624,3.1757962513559708,11.186656535264934,0.6352134072075315,5,4.3714277760332045,8.15929955694148,10.0
11.843266471596817,4.615726086397086,10.449330935529392,0.652981438699564,4,4.595778071518236,8.254427750836028,10.0
14.796472826930698,5.720543119697343,9.643055114595555,0.6152786633590611,4,5.326906281265542,7.9258645597861435,10.0
10.182538878650641,5.758561860099834,8.787939498585905,0.755693667983037,1,5.030474615837394,7.845009951207312,10.0
17.499611839502254,4.782794605884444,12.914987000577378,0.6139632602971123,6,5.717161459581951,6.20319022880035,10.0
15.86345014415552,5.236513781263003,13.97687145274515,0.7113391341641707,7,4.781517924250498,6.881238865979789,10.0
8.894110023122595,7.827589591173832,9.977252801143292,0.6495751144647901,7,5.267527463467072,7.352308392938117,10.0
12.175807757849284,4.886742386151558,10.289726265059624,0.648689126805749,8,4.869629733344585,8.623701947337343,10.0
16.791183075621646,4.2911340662999145,11.708225148061743,0.7981450110495211,7,5.288648020832614,6.174273121668816,10.0
17.447320222914104,4.2173352203338,12.310648848413248,0.7513559613957075,6,4.750709656719016,6.360570611262861,10.0
12.674015112498697,5.28882306352067,10.352177208821548,0.7673878716582101,8,4.666803237847088,7.219967846826661,10.0
14.134113892107077,6.79760074358472,13.429577101890892,0.7143965370688026,3,4.34822870527642,7.481205268280138,10.0
9.670339460920752,4.029940920942366,11.36002393537351,0.7742028574787498,9,5.823700078358646,7.666518310401882,10.0
17.911686261369766,6.5464806357038405,10.702340458435586,0.7290981078332706,3,4.43339470412399,6.9500374480304306,10.0
10.316717013834435,3.1057491167470817,11.88003651895943,0.7892347409592692,4,5.232706132395269,8.609965289413676,10.0
17.427317741351256,5.09466488991973,13.716823089495039,0.6562677172091274,6,4.782797940187997,5.628518270656417,10.0
14.496466489923684,6.879325326013935,12.767313766530233,0.719063909156579,8,4.139785978517684,6.932505493813638,10.0
14.077367948788591,4.693664778872157,8.240078783210746,0.7380262695873785,3,4.5321592735355685,7.701366208981159,10.0
13.126885110165086,5.818685507226998,9.993859464439758,0.6785874610055613,6,5.313097260761978,8.3172410512013,10.0
10.306698117177588,4.024896164129554,10.823268109707335,0.7759415964808107,5,4.620338681039561,7.055232444847878,10.0
9.765280320055084,6.709976955630862,9.887105433254632,0.7959606326208309,5,4.146475912014488,7.565088270327275,10.0
10.204862090701754,3.261395516343798,12.201125364982738,0.6987538982745323,5,4.488109065529199,8.356690246376587,10.0
9.864382621442545,7.262713224377502,12.957614899175486,0.6781281309608678,9,5.089523085457301,8.350475635906234,10.0
15.795844735667533,3.990981932108341,12.38807057111163,0.6943875857112918,7,4.040242335659697,7.127382339123816,10.0
11.501252591667301,7.371990158541654,13.935999720969651,0.7705473491463863,9,5.12797635799001,6.9869576399223225,10.0
8.578426765633964,4.762646206502587,9.635285887358174,0.7290936851036336,9,4.5543431650531945,7.939229933259432,10.0
17.69102630140811,6.613417872372433,13.249936970146528,0.608954474503619,6,4.995254567918986,5.920302014848786,10.0
16.83785884963426,4.596126488930942,12.599735991046916,0.708433982089143,6,5.444611277130293,7.098628234165764,10.0
17.27752283195213,7.529558356173238,10.173072545348877,0.6034600245481939,4,4.8822545409096785,6.157749739865479,10.0
17.94907822646435,3.633185627591872,12.404747261941813,0.7557070742006811,8,4.6342316112836475,6.280855519796628,10.0
9.738952492194873,3.8925989463629938,8.624455738509482,0.6656624547084927,2,5.008840520495509,7.899419641731821,10.0
11.962420189026588,5.465150625794012,12.736000894043315,0.6944014964234658,5,4.476394234581612,8.642030357945316,10.0
15.582384757040913,3.409692195190731,11.193983615522615,0.7597356211815264,1,5.424306501436973,6.654448039638249,10.0
14.960206180537922,3.9799009235088096,9.75374103625552,0.6092897634571522,2,5.157057998536209,7.121028482885859,10.0
9.53895906339855,7.718831911060072,11.93466381070508,0.631708307118322,1,5.351749485813556,8.503980481706307,10.0
16.158331249906176,7.882448305739436,11.849719992286454,0.679592075289023,6,4.9168624396059855,7.251182801796622,10.0
10.244405718366608,4.8812966466521095,9.2569173363176,0.6459850327091121,2,4.843498267807999,7.416065765177083,10.0
10.23817614822623,7.6164301050696785,8.182384488869157,0.6675802851550127,4,4.842034155286033,8.20629485102455,10.0
13.369744228934136,5.724123378367159,10.601735521410044,0.7996349475784931,5,3.811878189967487,7.406595092580121,10.0
13.929399348417032,4.348712329368835,11.417071216066528,0.7650828875147622,7,4.678798951779769,7.911584704009903,10.0
13.800862078378112,6.511993605402993,13.259631670223591,0.7767803629920218,1,4.276971725087433,7.495677386706315,10.0
8.914868373977548,6.294509032874286,13.569300773885566,0.7874109267131552,5,5.209542079117253,8.145564850456335,10.0
16.774608626303802,7.945626595543667,11.172831308940598,0.6681871760628392,4,5.048018772183231,6.431960164059933,10.0
10.656000425887061,4.325236437046416,12.522820902611269,0.6594153915592945,7,4.638911246149402,6.582742564058617,10.0
9.295149212828042,6.360297513308677,10.635819633967982,0.646812498514415,7,5.622423656751978,7.409917847339802,10.0
16.887480798689772,3.2601187751472347,12.476492939437358,0.7660233822616246,8,4.508151555903864,6.472033947077054,10.0
17.556514982297532,3.568230193483597,9.228809149635001,0.735910372457037,4,4.954738459004412,6.334156579229498,10.0
16.621276172654508,3.0195918747554664,10.226388408821188,0.6472343964965754,4,4.826791055788399,7.21067292379976,10.0
16.09516074724878,7.997303405298366,11.805367992881688,0.675398765842091,5,5.473228799687343,6.570543589146516,10.0
14.552419806390217,7.011368485737389,8.108947793642473,0.7013423527865597,5,4.72678269526021,7.285678483756195,10.0
13.508573706091394,6.933615073667704,12.334767862033724,0.7056280114547507,3,4.658895869049637,7.883274230093122,10.0
8.869867599114102,5.548630376440898,13.013213007609,0.7777455457103429,5,5.69959898926088,7.180390582570894,10.0
12.084532130706988,4.5003354145272,10.394849966563708,0.6761132265894433,5,4.452421748952867,8.032146142145175,10.0
11.72688517012314,3.7563214223133796,10.687654503062985,0.7817048061001025,8,5.1816671210985925,8.265137788625436,10.0
10.597537837603262,4.4233736942323185,13.107693273299185,0.6882735120639579,7,5.090103757850265,7.908436187748883,10.0
15.234201136885849,4.879856109645695,12.653927811956201,0.7492745349584707,8,5.393815970133105,8.027056964497804,10.0
12.958757350787709,6.78155048490147,9.72889693420025,0.7860508639970113,5,4.481347883828261,7.479898139627985,10.0
8.81046215907648,5.698308944515762,9.943856639369233,0.7815151407926533,2,5.133133435207859,7.202051471660324,10.0
10.201832019498113,3.3874181327774133,12.07326939434358,0.6113905734591362,8,5.031933166654699,8.584972793500869,10.0
14.83258763659596,3.090145044794561,11.379188554688968,0.6411408589953139,9,4.703698079721711,7.2317062172669475,10.0
8.761308594903001,3.511660897670316,8.973377426578981,0.695381085106455,2,5.677604657851793,8.700741224799069,10.0
16.512069140487686,5.052493568486897,9.859579455374998,0.6863108579906214,1,4.861570591271108,7.4652157801774575,10.0
12.951465270139742,7.665964585245091,13.399899661271924,0.7281783329674414,6,4.140871450668209,7.543853219847488,10.0
12.80586577326648,6.187012406046108,12.12904662033358,0.7889418101650825,3,5.352279760112036,8.260230661545382,10.0
13.924077846595177,7.0091294993775755,13.915845906113116,0.6224809422555897,1,5.634748291407246,7.963112055463897,10.0
16.246809659251493,5.331872972522743,12.602075179884617,0.6903717330268481,6,4.137549531368714,6.370858400149483,10.0
11.47809207902193,4.808330415975214,13.651846592861542,0.6384822075774279,8,5.010015418371812,8.758503026027304,10.0
14.780161525590636,3.5420018635831134,9.297131443222852,0.7788215196795896,9,5.103035115098223,8.024221136594607,10.0
13.65731963995791,7.3796651109310245,12.628909248901554,0.7929160371603307,6,4.791493954501932,8.601010522151629,10.0
10.670282701694212,6.915800145139514,8.121305120886785,0.69574033637807,6,5.666362836365042,8.435052732112009,10.0
16.78629986355158,3.8405904879886257,12.024560130269204,0.6208020595456282,1,4.3534082625768535,7.029055797800041,10.0
15.97426021606928,5.561302819381303,10.815693668721448,0.7570589333445347,5,4.594048466785507,7.750197803869486,10.0
14.584518346584256,5.4368740396062245,10.080560431520412,0.7394282700984798,3,4.7670367850580915,6.998035952035754,10.0
16.505817290942417,6.125457763432643,13.174426113758535,0.6709341653220621,7,5.428542138247731,7.97672790931596,10.0
16.672942009598025,7.730934469956306,13.125606155945183,0.7774814947937927,9,5.604913070791999,7.2807675197514,10.0
15.083629767150349,5.898857208812398,8.133810229391862,0.7951663779565414,6,4.155630426534063,6.547968712922289,10.0
16.37013328363672,5.701086333893093,11.657030734696587,0.7115707698260391,5,4.055161067588809,6.297989470395477,10.0
14.974714616692836,3.25161466467332,10.206993345925738,0.7131455822688585,7,5.137272484115552,7.7014021159224235,10.0
14.801407717603004,3.31453738009012,10.493966009002694,0.6595027010227555,9,4.789606352542187,7.162796334663145,10.0
14.186113782151843,3.9367339566339443,12.992244435312656,0.7169012071966628,5,4.770670830392003,8.021008054485124,10.0
15.527166395576412,3.1623538584587414,9.85903862916607,0.6879284641049693,5,5.212968795221842,6.8851302800431196,10.0
9.586051052930737,6.716764477850062,13.658292863825721,0.6604382053856104,4,4.682959929548834,7.07233307705992,10.0
16.808707591989283,6.616651519969816,9.077802958232844,0.6134370393047802,5,4.909096310334057,6.573646999870238,10.0
16.71843527745232,3.6802811721582147,11.976334540209066,0.6505415719418249,7,5.272279930349208,8.52116991864572,10.0
8.292472830345591,7.180394503976404,12.032630402082589,0.6395709299355329,3,4.953566412678776,6.76533498076527,10.0
16.258167505647627,3.7739301742305598,9.51317096856751,0.7084083969107898,4,4.652127207076413,7.721836630140974,10.0
9.288698674734452,4.505877934986794,9.948503653803211,0.7203340043527188,9,5.20986442267316,7.253548556803133,10.0
11.35118854259142,4.244884495806825,13.008790955479643,0.7217143448612033,2,5.046303840658498,7.934528454139725,10.0
15.435082562916078,4.861535492865239,12.570831529729714,0.6776362002091358,8,4.0760397616337345,7.472348213593174,10.0
9.607598960483083,4.273318829449809,9.974575281888557,0.6842459467370992,9,5.416630766733149,7.682768301442963,10.0
16.17967024119062,5.44475463219226,11.203739281609604,0.766847685928128,5,5.128121191672617,7.1548328142086115,10.0
16.32134177957742,5.037039406773427,8.370081777518573,0.6952465627034324,7,4.513381882077743,7.23537495253189,10.0
13.074677337608362,7.932847453896633,9.252475294391775,0.7975546664274246,6,5.79328599049086,7.1953824405570295,10.0
8.063858717168335,3.279631750641128,10.914923353162395,0.687923446001773,1,5.024415642691759,7.159242803329833,10.0
10.870381331749128,3.710906881936758,8.51584241167527,0.7299161889235678,8,5.215909016389107,7.9083022876612015,10.0
14.169269183757422,3.2641294695430125,13.059994129351624,0.6100725997986791,9,4.82640242018027,8.042250157248727,10.0
17.811861780274235,6.129205974911879,12.308037260645888,0.7306679848837622,1,5.06158217308067,6.170498956971532,10.0
14.318135270166684,3.272546387068598,13.661802023890969,0.7702852788830012,8,4.7408827018062345,7.99555855165937,10.0
10.598035810641598,7.182198686880617,12.160801435784164,0.7884915677066593,3,5.15795264585011,7.575336291932229,10.0
14.340057030996114,5.559693153409639,13.642408233573114,0.7994641223279542,6,6.12441299593915,7.450103785259157,10.0
13.399853797158555,5.635038122907669,11.32707533414579,0.6564357291298466,8,3.9425280591319707,8.057877672559105,10.0
15.798453951511435,5.807972538560971,11.601311666371817,0.7150740129651434,5,3.4934166633860486,6.764300004147993,10.0
9.069806388269583,3.8540685315310537,13.861826327757566,0.6901435971064295,8,4.706925319586439,7.288331922446632,10.0
15.61027902502028,3.9884515155724376,11.852774881185562,0.7127634961150342,7,4.807138125164988,7.100951300924849,10.0
13.412665786761103,4.594086614365024,8.18471941316448,0.6314905914379693,7,4.999600382488463,7.679236037084883,10.0
17.629920038589947,5.967482079109257,12.34281665978314,0.7712299145191883,7,5.268719398456473,6.443843235526177,10.0
11.418721660386861,4.050588879701072,13.432812152824495,0.7819137886689176,9,4.700543051318333,7.537858379624341,10.0
14.326218931339481,3.5816586356663063,12.77348149876596,0.6899323326225845,6,5.4645755287506645,8.042197407304835,10.0
17.320281055100175,7.850584432092161,11.502999635752536,0.6560859723147153,6,4.748097931205213,6.448853246515986,10.0
9.025097279906792,3.1099090740481143,12.027821078561098,0.6281666855306024,9,6.054752635586307,7.759410899786062,10.0
17.37228487236451,7.013487026680108,13.94115073551003,0.7367529649555609,6,5.46632759752048,5.94294645075992,10.0
14.878857223008133,6.94017574787511,8.54397253105603,0.662446367924147,7,5.488130583463569,6.156606274550973,10.0
8.678370591051719,4.48607056922548,12.003468971799437,0.7819077139826778,7,4.845267319544691,7.919857073130438,10.0
11.009635669468162,3.678133080036567,9.700386167423563,0.734202494968974,2,4.6525552599660545,8.055338481324156,10.0
15.081720886452816,3.728143233527117,11.84054237951702,0.7291370650348482,8,4.027747424918493,7.798442543831083,10.0
8.673506014687717,6.487158086185962,11.645741455303632,0.7118804231796482,6,5.468184005240798,8.10551494391798,10.0
13.821704601762733,6.214032955430868,8.920740992648973,0.6091552678857451,4,4.834288104122955,7.364275540052795,10.0
11.458830569529567,6.9137283712569335,9.240479874441435,0.7863844871371174,7,5.7763323521562935,7.081034550644246,10.0
14.209155177674772,7.687405861995523,11.72977746825928,0.725587498659892,8,4.730085176061242,8.245059852371902,10.0
8.457420338125129,6.45963681633296,8.769379683822645,0.7988123966766221,1,4.621267794118976,7.698527503595357,10.0
16.715368061523762,3.7792576827572173,9.591085250781937,0.7074712809545775,4,5.48190817345378,7.44126040036091,10.0
17.73488969177397,4.217213083827053,13.011473286428014,0.7420221783812426,4,4.791211741709609,7.184789670252977,10.0
17.688778552856913,7.210968654365573,9.962549036009833,0.6112419115732444,9,4.601013549731213,5.795181819899824,10.0
15.496518317429247,4.046530379171043,10.928360937617978,0.7263472353646822,6,5.158037772811056,7.85714496454529,10.0
9.30086240130632,3.362611584772407,13.64684201087504,0.7529299223180714,4,4.770556418194815,7.508933344466554,10.0
15.582631959290225,6.5164002702112525,9.362894533021677,0.7557028589705115,1,4.518996497610372,7.841390136909045,10.0
8.245869164588015,5.01263177745071,10.337756104148063,0.7540223304460572,8,6.1443793137684874,8.21332529581931,10.0
8.221235515289973,7.600200262729518,11.638746653261274,0.6452565254587336,9,5.707453133759302,7.2997761399503105,10.0
11.236102191495412,6.251275355468308,12.532033577023833,0.7950796955210452,5,5.097125860004648,7.5980219008371765,10.0
12.886431904046658,3.4520948889583036,13.40992032027623,0.7990364241249878,5,3.9844411169335316,7.282748382426935,10.0
15.704074178077931,7.739282836268304,13.49283792544109,0.6151191750323203,8,5.188051264985956,6.187034957848856,10.0
14.832953766065051,4.292786318201229,12.659840446235737,0.7872892845623515,8,4.595418155770127,8.324599437138,10.0
12.459027063767483,4.686062452031429,9.369985019559863,0.6578898388608738,5,4.467543012567542,8.74676626607105,10.0
10.736266662816659,5.01130206841771,8.148855980255394,0.737856816350193,4,5.073256740628545,8.42587840492845,10.0
17.97124500157711,3.256121482021566,10.302643582133744,0.6676221841472264,6,5.316130958553687,6.067064026048939,10.0
12.26181302235973,5.482577111153025,8.84929310592694,0.7935508646746243,5,3.969471040175567,8.390309797257466,10.0
12.513870243296754,3.6165924553764612,12.262325884629789,0.6203007716607071,8,5.162813447499824,8.139741336643768,10.0
9.636238211916691,5.004851633441759,11.966783520954301,0.6995493633912752,9,5.60049475406374,7.140243377920621,10.0
15.948095487499295,4.753548939960422,8.26382984972873,0.685609558388415,1,4.578102290215987,7.7948889188568575,10.0
14.936822257814887,6.864200417132516,13.019562674785707,0.6652046904555969,9,5.048257746046271,7.823600643273256,10.0
10.207696127887605,7.0158525581636555,9.492459597747093,0.7291067981760297,9,5.416505260710785,8.207590704303904,10.0
8.823810456158427,3.76706441194544,10.593362452946254,0.6262111486843335,6,4.342405936189814,7.658750012950825,10.0
14.804993020747132,4.832755936896131,12.007602412734455,0.7433324836267394,5,4.474022850238943,7.673328404833919,10.0
14.545112142811352,4.866765805159158,10.57651272111352,0.7961184247609575,7,3.6220213393307854,7.852757494161613,10.0
10.732595269982093,3.7570522196804252,10.647726816799661,0.7609117428937261,8,5.186603687501864,7.777263716868409,10.0
17.508635622504105,6.9922675252559525,8.393767972014443,0.7720033505819092,9,5.412914191136119,6.786267022647106,10.0
9.510578917809003,6.5361416416771165,10.408661295560023,0.6719273486358005,9,4.777429439274273,8.665791141921673,10.0
12.323348010426018,3.951908931485174,12.589087359319901,0.6649773212962438,3,4.622150523494038,8.226250771186836,10.0
17.436159201675988,4.833609542968995,13.491058023119587,0.7034096709380266,8,4.987598327067255,7.0808134782732965,10.0
12.197273169261223,3.529025124282571,10.48098282238023,0.6091453229524545,1,3.6852149303890167,7.4075841550186174,10.0
14.385259476640856,6.14103298546522,10.541514961274473,0.7890716268913066,7,5.350025930117445,8.122071115065474,10.0
11.975943979627942,3.6068596227430985,12.215762637941912,0.6287570346032384,5,4.849529301290547,8.254901864993675,10.0
10.7421520234867,7.929670843124589,13.656632006631659,0.7806026078336186,2,4.795958080257129,8.458650718181229,10.0
17.83977647959828,6.9034103734393115,9.602365641436162,0.6167164444000711,2,5.2070136549315755,6.082538384888995,10.0
12.09334006315043,4.9511927479199755,10.64086523922762,0.764524985535712,8,5.066659499359565,8.492030954616014,10.0
16.940992036791343,5.892819661396772,12.775839461313806,0.630392505175643,5,4.263707727280694,6.419682264444113,10.0
10.299546058910861,7.556709081082044,11.658161416244232,0.6076263228182945,3,4.5050971258163575,8.424730169298114,10.0
10.131047040250833,5.7704964019791305,8.663518063783728,0.7438978900518818,1,5.0807894618499,8.429026928099491,10.0
8.311340828845113,3.8724924319897758,11.766396413373595,0.6560530600348856,7,5.981065360530048,6.76687370338082,10.0
14.516668253758851,4.893516777905797,9.120477707583962,0.7428992305568699,3,3.50366424123378,7.86537410026317,10.0
11.685263437237612,7.215724325148727,11.061295604470425,0.711017050094564,7,5.2461868676986585,7.885049004219518,10.0
16.64358249839637,6.221065079948089,11.174619605962631,0.6217614780460131,2,4.641390431798435,7.165418017621229,10.0
12.732099066915572,6.253621921669001,13.257220173349909,0.7864260146602328,4,4.534223492492,7.992949871790837,10.0
17.681934279147217,7.3341074284424455,10.774965644074628,0.6904628349526956,2,5.2508824203603455,6.273654428624148,10.0
9.85525515703121,7.4698652873125235,9.676654533415366,0.7468894555597376,4,4.477158252794315,7.4791081923148415,10.0
16.68623167955611,7.598962858897181,9.38579808929619,0.700204114403125,5,4.383794852649611,7.622918081891802,10.0
15.765968527917417,3.4742459662657805,13.245511260106017,0.7208722949922409,8,4.947970023542738,6.920010180562461,10.0
15.70921844644052,5.720630009815505,9.026065126509371,0.6605547184713385,2,5.783434091563542,7.039403878837565,10.0
16.44783228116888,6.702547606091593,10.555211365298863,0.64007206080069,3,4.484573376218976,6.382944105970151,10.0
15.610239909429989,6.784634225635069,9.123038689561682,0.7085140406816136,5,4.3451668381180895,7.776394307979459,10.0
14.262203216314154,6.033581009850019,12.639824240686252,0.6880437945942004,9,4.0806819617541015,8.262776013050356,10.0
9.312448776823876,3.8339366759183706,10.846235839847713,0.6780226426867866,5,5.038914398834743,7.835266651569914,10.0
8.32526179491252,6.987102769708322,10.106862143340873,0.7345134390189246,9,4.927768559984849,6.939789613324855,10.0
17.20847847815687,6.600556667574729,10.166597843758801,0.7381013264022273,4,4.6366112744356425,5.791402404230747,10.0
14.16650314520738,3.4306788577451814,13.113285240337877,0.6091840112182526,5,4.7925790834558395,8.04519538831152,10.0
15.965372909761763,5.319049123371881,11.322643725766628,0.6677488988487345,9,4.152223923768504,7.663289958693633,10.0
12.815223515125501,3.8698869976090178,12.307207106787581,0.6823529100452754,4,5.485874316624662,7.711834112676326,10.0
9.173081889623944,4.687385228564859,13.382231097504107,0.6193784322328336,5,4.598014994747481,7.637761599123696,10.0
9.251857922025504,3.090405461028427,13.410450056243853,0.6471801733396577,5,5.732138785144324,6.836617963818942,10.0
14.855652872289713,5.001649342053791,9.97105432602718,0.6103283594445513,4,5.722681155312362,7.197210724162524,10.0
12.303058948994627,5.749384605781052,13.714707578878311,0.7992484197234042,4,5.2975546076222555,8.18877124084701,10.0
10.005247267003368,6.097912964135434,8.149255292087632,0.7473114405939689,5,5.535845610428243,7.748692956253728,10.0
12.91594546741437,6.317451725643551,10.261013366096995,0.6174900313005507,6,5.069973256904124,8.052618544469254,10.0
8.642089370751341,7.1814565655123,13.374793145053049,0.6040498759580184,7,5.433785537934944,8.00573052001208,10.0
13.819714019143987,4.07731453637865,9.647821278901898,0.7438575600304561,6,5.263165508276272,7.213328406566185,10.0
10.689934044350977,3.6024091121923396,9.63848870192791,0.6878384331365334,1,4.746001083788341,8.017084319780098,10.0
15.975591006371882,7.257685859489628,9.815733710491333,0.7573593418129152,2,5.308723382524854,6.8696170124765255,10.0
11.103619589235738,3.7830640744632493,11.673880309081532,0.7846952075636768,7,5.369705661533686,7.872276291753685,10.0
12.552201490818012,7.873800406680976,10.629996653686122,0.7198600778032745,3,4.939227845650364,8.129917324515802,10.0
8.116205399081007,7.212691146993185,12.360409018120055,0.6374216845834506,2,5.348570947830293,6.613098575634024,10.0
8.724468877945588,5.504383029447996,13.369463855387995,0.7564388072092906,6,5.547980131440378,7.137122583391384,10.0
11.924935564066848,7.9071071246101265,12.045196249657163,0.7911623486348749,4,4.541502821872923,7.7927830679820875,10.0
12.799388347171234,3.486883645540021,9.226800321185452,0.7160462574119912,5,4.403308942963404,8.166502664870269,10.0
14.000205481193037,4.515328805875508,13.596091414163013,0.7363994894561467,6,5.0738432972320995,8.350458224057835,10.0
10.916625787093032,6.191122075203057,9.586957240084871,0.6674949390073346,3,4.91498205696892,7.105544572504218,10.0
14.949818861265426,4.750034342365893,8.899365771968949,0.6763055389320622,1,5.132943754454602,7.231151795408519,10.0
16.601223971892047,7.641862759903959,8.539803673165766,0.7469308995706128,3,5.06333376439687,6.868122166236435,10.0
15.798509888933499,3.3281304408890877,11.380302443996994,0.7855542196813639,3,5.103723243339817,7.203323972783539,10.0
8.396188253483572,5.747059160304823,8.68257477488391,0.7257976774448704,6,6.097091318206264,7.558446669693008,10.0
12.805069472578289,5.954331336975573,8.832655304675784,0.7579695816970695,4,4.593985617735352,7.347401067247708,10.0
9.049301784181749,6.263640618886121,9.80018288357298,0.6343270034830746,7,5.015467362017858,7.463281680582426,10.0
10.420450158625275,4.278331116659072,9.689918058106784,0.6423918180515947,2,5.136101235394276,7.669216347419292,10.0
17.866625932671464,4.822832137599322,11.625437061992853,0.706406937366678,4,3.9937804110227626,6.640042205379035,10.0
9.424955429015132,7.218402648324888,12.900471676836089,0.6353108384485681,8,5.479362160852757,7.7055024736307915,10.0
12.98888153451356,3.974713844850799,12.568097937217354,0.7269990140441848,6,4.239168213705717,7.728955786054794,10.0
14.181557343181192,7.13433923586681,9.57490672829886,0.6583306370789398,3,5.526203757473725,8.37101261993553,10.0
15.024649705441039,5.813277114513712,9.47186298791588,0.7583065237333784,2,5.147357300252689,7.277632147922612,10.0
13.596486834869141,6.81093755597041,13.794749180641805,0.7616220693228687,3,5.126788395703398,7.473010285411365,10.0
8.097708474191837,6.568036831317357,8.049417449551761,0.6927574911510707,1,5.958862899091354,7.533128100272705,10.0
11.264613082439919,4.037557476924395,13.278323198361296,0.6361621270075271,1,4.565454254057736,7.735204486739516,10.0
13.177116433847115,5.844063682169365,9.19837111473443,0.7293549922163866,2,4.537353132794715,7.9635853068634,10.0
8.878664991448334,7.338615764025462,13.683705938538607,0.7985574036527173,3,4.416037132186299,8.378873925157201,10.0
11.506269312091808,5.160581184009647,10.053843708965118,0.7245181795885047,9,5.514070628756568,7.742954208976551,10.0
8.332031087913666,7.832953851116583,10.642110643359514,0.6071549381428015,8,4.7729663193329435,6.844261221266465,10.0
8.785784971550207,5.26107550050859,12.242723683666286,0.6034587951534165,9,5.279657570544702,7.375919390238153,10.0
11.969232762015961,3.7139281833394233,11.526014308839562,0.6640723940984612,7,5.335010099419061,7.846271226833505,10.0
9.327157540430603,4.947173400388366,9.907635978240936,0.639156761372081,7,5.915272527636997,8.026076791877411,10.0
13.675408482615582,7.7585120319526855,11.322985495206941,0.7626102414286616,5,4.544755854446367,7.175635781163035,10.0
14.894649691372658,4.598604246699271,12.384241306177318,0.7689611334072002,7,3.886755311551127,8.924873985734608,10.0
16.00586699109083,7.340490799335314,8.254009675414952,0.6517237542620953,4,4.996476116319834,6.837572726622938,10.0
10.001502442448102,7.406253408409449,8.067195831534224,0.6651289553899785,5,5.166267250139549,8.06302994870401,10.0
9.674825822590698,4.750932621659805,10.748401634437348,0.6472493935430229,1,5.280182354317734,8.1968870566712,10.0
9.045678403344002,3.416288290253161,8.791019706821086,0.7816765094742528,4,5.065406926496089,7.659384712218243,10.0
14.364302495436366,6.622789545794091,11.986065748788286,0.7005298669244565,3,4.629522861583085,8.030133722221995,10.0
15.064757264869012,4.55756149506993,9.284314737364605,0.731227408816404,2,4.409579310080032,7.565683406240457,10.0
8.31586144825642,6.914618071287862,10.597106640774026,0.6830964173399207,2,5.501275188567918,7.637465479783823,10.0
17.362122462436897,5.213274241302166,9.186025621245614,0.7262028387009063,8,5.554496739135574,6.349845419609789,10.0
8.519712836514724,5.426333711713108,11.290901514494747,0.6771710753443472,1,5.49341987226996,7.06756693452168,10.0
13.412963353010705,6.889547033742684,8.696320756307413,0.6679356875458451,8,4.6448757561156455,7.010111668597274,10.0
15.090605194509164,4.911816655308139,8.138641116724882,0.7268960146346961,9,5.321210009359982,7.7400222969932155,10.0
16.709691237460856,5.215636726614573,8.306789828640182,0.7182124156097979,6,5.1369212340688035,6.71933901025875,10.0
15.140869321324278,4.880952343848111,13.72555064909186,0.6587055908335899,1,4.780183393573525,7.693755995503034,10.0
16.017280830697917,4.8367025763864,8.853717311665616,0.6298696900638947,7,4.921607003195969,7.034412365025657,10.0
11.394501925428061,5.629732884507297,12.25086951882101,0.6737153387676276,5,4.174251306647692,8.601969909947881,10.0
16.148251137465124,7.043997222505753,8.407557225336957,0.6830395278283818,9,4.359344799617465,7.057433305752515,10.0
8.80114846384675,4.808841559612829,8.648962113411093,0.725736866684921,7,5.220770534723916,7.177597442275479,10.0
16.948166560605276,5.621273602688683,11.053257508456008,0.7829057527273728,5,4.689969105539034,6.576501422988915,10.0
13.475923761537363,6.353636627213004,10.789225580926061,0.607236959506585,2,4.6446543593576015,8.141713518189336,10.0
16.172977699624937,4.347197231518275,13.709481856639218,0.6487322025083689,4,5.33692822798428,8.588982510365213,10.0
12.523182845183001,4.387614024511963,13.669012718124424,0.638743188455912,2,5.03922228491213,8.67202838141459,10.0
14.43577695196525,7.667065635117274,12.67765185525479,0.7004588817387567,9,4.899403416892156,7.099458557165805,10.0
13.264026609361132,6.617672866655443,11.6126109807641,0.685940161408632,2,5.089184768644564,8.038237268613058,10.0
15.315895217553319,5.885933381116544,10.729761904358066,0.7458075247640377,2,5.2997474083301945,7.058245986966401,10.0
8.816299820305895,6.23860027210306,10.137071205970527,0.6484831825089727,2,5.775859218683022,7.296258994252655,10.0
8.603520839905638,3.146497215517092,13.682525281853332,0.7188996731499517,1,5.822552570054916,7.270202238215011,10.0
10.471032340101464,6.090514827808485,11.617452868548114,0.7767714527199919,9,4.31304238848743,7.840019839247525,10.0
9.595446801131883,5.547544366121009,11.474435166115967,0.782135547983661,8,4.140250057507258,8.149946171242242,10.0
16.717835665922017,5.728748398897178,9.39140673061349,0.7917569209450063,2,4.620198556513105,6.756283232826318,10.0
10.192139873580443,4.7971191341540855,8.280186907310679,0.7546522304159977,2,4.734284116490043,7.920449486646851,10.0
17.75865255819131,3.4073694885647097,13.671131478557266,0.7811975812517831,5,5.71846943444705,6.337832911948244,10.0
11.368957917711068,3.966696168060261,9.882411553067923,0.6469061743970549,4,4.734186927558303,7.63079843644746,10.0
9.821179156886993,7.753723566063359,10.655534139946752,0.6395161888700954,2,4.796814668424878,7.4921513151370815,10.0
15.89698507142479,5.04349781135467,8.687839661514241,0.6012976167561053,8,4.945602826744657,6.936063694864367,10.0
14.58707775500876,5.333415779154321,13.021545979455752,0.7413688714858196,8,4.981738427493954,7.996961406823432,10.0
12.98195716453139,3.2635489492671947,8.165790997135584,0.7874934375627489,4,5.058244544239942,7.766021667521307,10.0
13.553635509376312,3.187831147719903,13.003944572594579,0.6373870690083353,4,4.461609810272022,8.763754110055666,10.0
15.192017782722639,6.585907235233789,8.8417100767278,0.7273887150853758,9,4.291800738171727,7.09919169752761,10.0
10.284547413312987,5.690473320605556,13.319384675786912,0.7492919518443555,4,4.556243420858401,7.460307912089855,10.0
17.96333916056742,5.543529921081333,12.378635824016945,0.7855228470296114,9,5.369837375946098,5.688129826334563,10.0
17.74793162146783,4.2156226521133435,8.988021575043831,0.7293720448034443,3,4.725193520137667,6.294530210605532,10.0
14.50325686346937,6.723753658149612,11.394907957156809,0.7940587465497505,2,5.181878953886736,7.417114033052636,10.0
9.995424509291452,3.8411828955424596,9.875937886131316,0.6689346282025096,8,4.479584673041354,7.622901099639143,10.0
14.802282424312914,3.9496737183051,9.0693985934695,0.6699857067542815,3,3.952635848025209,8.119607123494852,10.0
8.721984089791759,5.3035608567413774,13.15509319646665,0.7086025020028691,2,5.382279710513491,7.379350728494415,10.0
8.30652502205806,4.431399310559705,10.421136599043376,0.6767003762231815,8,5.286727913078397,7.1303498732620225,10.0
10.576828885112137,4.237314906165732,10.391262286192294,0.6002851456575065,8,5.130215320927968,8.04163801606186,10.0
12.626229567393164,6.226188222766658,9.01932004883972,0.7463544050173975,5,4.432133154458548,8.073855735175849,10.0
16.682725054083804,6.254858726092722,10.298394056514672,0.7503434082956967,9,5.2047841914193524,7.2805796845471535,10.0
15.27169069766308,7.122585348999646,13.2297010779731,0.7493949209373542,6,5.282985334093826,7.883024354538819,10.0
15.42706521199981,5.08854283486488,10.178772262937816,0.6690041333220933,5,4.486504760329083,7.6391402422281915,10.0
12.254933344480754,3.365425455130751,13.70962137499873,0.7044578946622344,3,4.957848768405223,8.46558908192909,10.0
11.45934992546963,4.368331924607288,13.677853395250324,0.6719947036353339,7,5.669908969360072,7.645803593067267,10.0
11.710387629846027,7.900027315984085,8.869391955844076,0.6032072800061291,9,5.131346771882837,7.936079701222777,10.0
17.876495637360577,5.9812928761635105,9.063867521135869,0.7124897882542838,4,4.889265812081029,6.334996711617296,10.0
8.401091914124825,6.548685424005101,13.176044421991335,0.6247521332168022,7,5.563905464350832,7.396205442373995,10.0
16.670314961224484,3.0367891481270726,10.356565513548315,0.6160082648182881,3,4.34992008460468,8.449531982683483,10.0
13.786754085723935,5.591028660912604,8.026243893698055,0.7510998137393574,2,4.093982007253973,8.389262848177882,10.0
12.386154191895905,3.1876432876590157,9.643230918232225,0.6019012404836211,1,5.439458548350787,8.52275459393097,10.0
15.252576604151365,5.84615106045724,11.585773959173359,0.7918016887217453,6,4.981125448681058,7.327353494095426,10.0
12.866689414247029,7.603854248180377,12.795595795759809,0.7030510728225154,5,5.442389445172751,7.929096709158731,10.0
16.734232380816607,7.8420956525020395,8.800331702559557,0.7966032861412298,2,5.226725304815264,7.261999650190513,10.0
17.007018640112584,5.70276337694462,8.663248186500413,0.6115995144945416,3,4.798840268822362,7.4979646538742095,10.0
12.217209268734553,5.29102402626108,13.532555921433989,0.7167059097731827,9,4.725629228170051,7.570613807311994,10.0
10.768277972350516,7.72508547124247,12.506890206935497,0.6698654071951823,3,4.998117725142459,7.687754657069266,10.0
13.923503285933622,6.368049159983475,11.538677604668472,0.7686964985628572,7,5.7839212856656435,7.715715788075207,10.0
17.12363345616691,3.324496397692047,12.615120739975568,0.6722445470468572,1,5.449169551154922,6.817217724378148,10.0
10.106621890056665,5.328627888337488,10.573126167839831,0.6520975158114698,7,4.607292439815718,8.207124073613764,10.0
14.229665835634828,4.201225092321519,12.55073448385476,0.7715106254199827,9,4.5940894642857595,8.10979788969762,10.0
14.315602200925206,5.349021607243408,10.230817947647214,0.6749306183306522,8,4.932009730398599,7.958943176535387,10.0
15.33113022415281,5.277327860031809,9.464567434955613,0.6033666639721122,7,4.242369655615237,7.065109589435797,10.0
9.315676851272599,5.91072401407371,12.374080527757812,0.6780578201678668,8,5.142011354766488,7.554155496761491,10.0
15.158249646820886,4.783852451746256,10.51803375294361,0.7309044538021884,4,4.664169834420113,6.832617129845031,10.0
17.09032520665641,3.8213522472796404,13.88826262595717,0.6508719077612763,2,5.333015274865366,7.193797628368744,10.0
9.796831088702419,5.518597172949781,10.096911093848606,0.6863975184850315,9,4.992466854105265,7.774298635578348,10.0
10.375433249238776,7.15101442172881,13.530364523186396,0.6113430276564451,3,4.2301007805854764,7.285962916934912,10.0
17.713950940416396,6.320061140338011,13.597775291402478,0.7176185583027914,4,5.219624701019359,7.544159756829246,10.0
9.809769527094897,4.691839329626079,9.451117682388476,0.7512589847720788,7,5.423249500758854,6.486289843525302,10.0
16.54385093369579,7.677615113794286,12.78932708952808,0.682662512280222,2,5.698490228755204,6.936315813744896,10.0
12.922778564480348,7.56103785624591,10.59844703086739,0.684046526560292,8,5.152777880156117,8.614655765545502,10.0
10.47231074403177,4.046741996920494,13.505148363382089,0.6176564997169832,8,4.11435949263046,7.640703998633824,10.0
16.707499012725116,3.197087925601815,10.700745635811433,0.6403881729023965,5,4.340073921707122,6.974702042946422,10.0
12.453052550026655,6.7065435417538115,12.465822304024197,0.6309350606255825,9,4.161292088090311,8.229095833404063,10.0
13.148173539296902,7.1380513067457665,10.801804454982786,0.6963375537323075,8,5.420497047986057,6.7904313956294295,10.0
11.592333693997658,7.839322829756776,9.366804534277136,0.7058511081901501,1,5.005092863802846,7.446780442065364,10.0
13.929508514349275,7.449181970441554,9.196100773668118,0.7897880262568521,9,5.9969900376161815,7.783639153725653,10.0
9.635238725850227,6.002673841032074,10.552587165538073,0.6146463008554468,5,5.719154874648463,7.679389547820139,10.0
11.910815366517607,5.650261696061904,12.532967942085289,0.7199735946310094,9,4.775068686265332,7.326402459979219,10.0
17.694123223352875,3.1392052563129313,11.6304289110846,0.7052997054656482,9,5.009421274663534,6.368880980818965,10.0
10.581334327011275,4.233282234223889,12.13177573940326,0.7032466195871658,3,5.080956969998784,8.167009575811381,10.0
14.567366645412921,5.298073758664632,9.693958104391655,0.7746318574765654,8,5.132904633691882,8.31539929193641,10.0
11.251900642246948,6.142519500417839,10.888612075745634,0.6411076941390973,7,5.402108742924012,8.076153924374227,10.0
15.734731256866006,5.786259166592053,8.266371589815963,0.6081546548682742,7,4.695165197253626,6.848252340085775,10.0
9.308736607183498,6.7131799484084524,12.905194495748724,0.7344543015268385,2,6.24858172141251,7.923874291054442,10.0
17.698210450785446,4.398834654435205,13.939352973439249,0.669031492827196,2,5.21605479388005,6.721067309194385,10.0
12.537895413836392,5.8247630382623665,10.441274375748025,0.6035179832425049,2,5.277253762652427,7.903783764130593,10.0
10.36050463346464,3.440711216953961,8.06578191878926,0.6502748014580828,2,5.100161723078499,7.677438560277743,10.0
8.734967473300127,5.068327617916035,9.018755837305685,0.6618653548433624,4,5.123858775774607,7.2378790120568945,10.0
9.697579050875408,6.750804164773005,11.915161266502514,0.7233676753568484,7,4.081427403174148,8.048370606828955,10.0
13.197739485560177,6.46700426714522,11.672475909223156,0.6345171588098544,2,4.047788939467919,7.85748735685771,10.0
11.370031764312863,7.953213685860895,12.727188317513264,0.6826108695906796,5,5.370671027852173,8.147135880033586,10.0
16.288833658826096,4.38945562993878,9.523304065766409,0.6964950888835665,7,5.304884779911081,6.707429955703645,10.0
12.308875236618059,5.4909464958698955,12.581791493282804,0.6918474782728182,9,4.994478311127297,8.031908793010272,10.0
10.4871427258763,4.647652068869983,12.127904129142019,0.7947881533333564,8,5.686767317537715,7.334836472874352,10.0
14.1714498660403,5.203015570295873,9.93688698628306,0.6091008475580592,9,4.198132449601388,7.472048455728818,10.0
15.067772168854457,7.2847506493469405,11.272928888341772,0.7901936372904799,7,4.520901281311232,7.552797177031304,10.0
9.670419079009498,6.421045375942433,8.883642850989961,0.7163874427988067,3,4.866991748970824,7.357005911791317,10.0
9.676192162883176,7.412205956737909,10.715387020613496,0.7591455429939676,1,4.398532242333418,7.531637955371739,10.0
8.36671426933543,4.017555541659433,13.287184037333846,0.6860785236032151,7,5.007104400468544,7.719625335158444,10.0
15.364020150656405,7.36680558920719,10.527148278952344,0.6907675762513961,6,4.254127450114616,7.285516624246687,10.0
14.638045276218051,3.2988113708919222,13.037400238852532,0.7758652998031648,2,3.9328047139930433,7.469774922644192,10.0
12.746308757498138,7.442996402185762,11.541520191558167,0.7791868992583805,1,4.228541906223361,7.527857683743073,10.0
16.441704489691972,4.64536889730364,9.15126027861414,0.6477377762862595,4,4.923614678083465,6.752897137035269,10.0
16.056701529500533,4.572938167070332,11.486637468187379,0.6398483757169237,4,5.78271915031684,7.173980316545736,10.0
13.853543643967521,5.5604428834933195,11.035899974942382,0.6992470347739902,6,4.1651614132993515,8.144719758772114,10.0
16.682712805132585,7.703450938616159,10.391848011178304,0.7800554054255384,5,5.539948331122061,6.135916180133254,10.0
10.058412100367683,3.238906823407027,8.717782637096422,0.6644710186812353,9,5.099011060873543,8.213351761496716,9.866340527281038
9.11919619397728,4.761154875353727,10.500251983083379,0.7304029230678263,8,5.417920435106631,7.394135636879672,10.0
10.697496115169896,7.282859943416678,8.436574257437762,0.7416303375481202,9,4.947489046652056,7.868022770773229,10.0
8.570868560893148,4.980272387177334,8.592614308392507,0.7557349329788312,7,4.4203461728778795,7.764347013638497,10.0
13.31169528001032,3.9957844879853353,10.495499197596295,0.7127848915841927,9,4.140849305009024,9.026455376200829,10.0
17.366056922949614,5.123970906657059,9.832288891810782,0.6804910356557939,3,5.441342228808377,6.832595585686143,10.0
8.393435406685096,4.927762507458347,13.553265955173341,0.7934031977597946,9,5.4218393596550385,7.103987853227758,10.0
9.221099140100268,7.5770810073335175,10.254234832281623,0.7222661506605705,2,4.351128978751396,7.7064286327406295,10.0
12.521990282834352,6.809671878715485,12.5471487324326,0.7457130423266541,9,4.577679319735097,8.196944238154583,10.0
17.33875017527905,5.525577778720032,11.181485158197457,0.6689965691391757,6,5.444148897978326,5.873554342511703,10.0
11.161561049767505,7.9418528336078555,12.224514011854012,0.7339898362006161,4,4.181251143681972,7.4229335769790215,10.0
13.072348086883924,5.326387656379617,9.560695898092394,0.6515595324328252,2,4.470391339568028,8.143858579793518,10.0
8.415728590503921,3.2911891541013762,13.651429837029974,0.6490193835057272,3,6.151334155986931,7.622178362602413,10.0
9.483432009620888,4.311371609074924,11.180530981486545,0.7429444403618853,5,5.405977130184304,7.8724427226807965,10.0
17.86630122958847,5.180352401096563,12.987944427711497,0.704278947252587,9,6.07643103628889,6.605037253106614,10.0
17.651186964360456,3.7845131207306006,10.190274160856681,0.7366553220844779,7,5.037808986741965,6.218192174618785,10.0
8.049399809344097,7.737825631620215,8.601268094303148,0.6538876981496183,3,6.045107809581506,7.759900938146395,10.0
17.51811785423239,6.834244489088865,12.042269886325093,0.7197446682113461,4,4.676252840535429,7.388313636618057,10.0
14.391199378155004,4.341436002138863,8.046557890024546,0.6887867299406225,2,5.1154014156695675,7.391783892638475,10.0
16.67918294520022,5.954022667589579,10.85175785939305,0.7193920573691056,8,4.645029206299167,6.275659483205723,10.0
12.54739855633859,6.60724578554786,9.156811415998755,0.6581759464488439,6,4.913777097765347,7.94834674940154,10.0
13.155960285792503,7.70639464453399,11.764253026612174,0.7430901927298248,3,4.92146310699518,8.37238060435119,10.0
12.888465802569202,7.4081767458770535,13.876519238827113,0.7611858732318931,5,5.016720551189222,8.291092453017326,10.0
14.668642575461043,5.575961130691068,10.786417437923875,0.6519832947715447,5,4.216112357197927,7.715497626811227,10.0
9.396512547563129,6.873263098965088,12.904989539154,0.6601241119711284,1,5.28983829763833,6.505531286629226,10.0
8.29973589872678,5.810723769137925,11.046705121706726,0.7322308539438186,5,5.439325438122976,6.968813182409863,10.0
11.079299415911908,5.763519450227701,10.975040186624145,0.7391170348607089,6,5.446296939529484,8.509983254750509,10.0
15.046807627366467,3.5737097916909595,13.582540959072666,0.74081993687949,2,4.434672767492452,6.662998808029093,10.0
10.018534521229483,3.6306882900807604,13.33979521248009,0.7365397009551674,3,4.343207002994956,7.8140192710007375,10.0
14.734324333249173,5.647668075112287,12.714802791127847,0.6785615433905078,5,3.9028871911248633,7.339473589244003,10.0
17.699120461072706,4.3443077248950335,9.777534519900705,0.6789707348807357,3,5.0956294719532025,6.702880451230593,10.0
8.939007157894183,3.105184512302343,11.270050494343643,0.6509635247288763,5,5.03253280233033,6.697803973583571,10.0
14.726021182251262,6.614196019501062,9.34338339983411,0.6313667399792726,5,4.574542457598217,7.477896833926098,10.0
12.437502193045711,3.1624329834508247,10.663500188279238,0.7385154758793812,8,4.542760895369628,8.068787022981143,10.0
16.681422543775053,5.976384205520272,10.905278394558744,0.6186377571944626,9,5.700165542561699,6.728388163437519,10.0
9.771497894473859,5.695968970636572,12.989840241015985,0.7875584573573564,8,4.973759289160432,8.053016668782647,10.0
14.926259522261645,7.844073452889022,13.376170191949958,0.7653372607342903,3,5.308432065314407,6.801340438424393,10.0
16.3811528964811,5.421065696738208,10.487720374378867,0.7715011479914513,1,5.137483184015951,6.479271600711099,10.0
17.446142194740233,3.3180071818889867,8.106226670439423,0.7813337629230381,3,4.717729032084703,6.353761627180824,10.0
14.832480282896459,5.758439839032309,13.170643038736127,0.681720994144648,1,4.738322664634818,7.767264984110318,10.0
12.971747640084272,7.205480853080507,9.045672071008164,0.7693401446700803,9,5.4433522642031,8.20915223776429,10.0
14.178472402012138,7.9842464214071995,11.73129178334236,0.6316122600583298,3,5.195678777694663,7.849145266973234,10.0
16.68904984478718,5.151715868445362,8.149825402604787,0.6043283589216472,8,5.605746164352089,6.4407027697684835,9.82229308052828
13.706097466388297,4.6014937124837125,10.397038851563385,0.75697827893277,6,4.923248249472955,7.55593571435595,10.0
8.303870596968368,7.533266484759995,13.915761812692098,0.6149593295993878,3,5.186899601359607,7.86977823897211,10.0
17.30948695506978,3.9562106453806067,8.604161606622819,0.7977049334651843,9,5.960986115450109,7.600998892473586,10.0
14.89526751031561,6.077144575164633,10.542158911997854,0.7349592859203112,8,5.019599510611498,7.885370378260504,10.0
14.765133857772465,5.028572120904738,9.842899701139713,0.7506899420484211,3,5.193619233901422,7.789854256167273,10.0
10.15675152397717,3.2054118247777765,13.430528740329585,0.6491607712555731,7,5.023655163390589,7.253215630520027,10.0
14.588854702326572,4.736442371528489,13.216040647444132,0.7347730787839376,5,4.197263446658069,7.7633909307256035,10.0
11.938644056541584,4.326142612513373,9.426192561837373,0.6086439874509915,2,4.922494949461064,7.157028091037055,10.0
14.51232977041492,6.430455769717434,8.487126722302587,0.7675651439847202,8,5.555341685805261,8.34130035946012,10.0
9.065930303079908,7.743952488459591,11.762830364366705,0.6339248186063144,1,5.617115354669529,7.849580697108853,10.0
14.57845304603036,4.340235936893189,10.018212271302259,0.7394716133667542,4,4.9900940237866696,7.638774778801572,10.0
17.994137257706665,7.057329695758408,12.032506343636378,0.6448961002465456,4,4.888415486942147,5.624489847305329,10.0
8.48212038860556,3.2767990846920476,8.192718536406886,0.6136906338852085,5,6.134216543715148,7.472036825293737,10.0
17.771741842213174,5.690605050199066,8.800395411064937,0.6962987357098789,4,5.931270903961468,5.583195462996065,10.0
12.069079607228707,3.352750318549473,12.11823339663586,0.6338572420545578,1,3.8234883387594687,7.8425395492842584,10.0
16.707534503372592,7.670164955653196,9.274223931814987,0.74588879766531,7,5.4726814096711225,7.099459693876935,10.0
15.823854840582735,6.831756402786951,13.14552605457441,0.647513168676697,2,4.728019681267811,6.91251372219442,10.0
13.670162609866678,6.2897495560229615,8.351545326260812,0.6684945112471657,3,4.815908685215384,7.840489437098046,10.0
15.384492092513264,7.119481908123321,9.292891896713448,0.7134878502528946,5,4.384087320404228,8.592418349968693,10.0
16.78515561301348,6.237598977850816,13.991361490910412,0.6569936555154623,8,5.084502833618812,5.960954800016501,10.0
12.04140321651033,7.844721985871455,10.598456615520757,0.6755976232419924,8,4.166598283795675,7.6138397580428006,10.0
11.270331615632387,6.569789739323857,12.21779398126786,0.7631243542080773,2,4.392726010173591,7.844109094407083,10.0
14.675933855635847,7.6232930479112335,9.095978293142082,0.6358419699122051,9,4.979591590140157,7.3766470011275445,10.0
16.078459419412585,5.58565946005319,11.659212409913227,0.6164403178963868,6,4.51432747880284,7.394781140568402,10.0
15.622851347766158,3.585322064909313,12.356636410216511,0.6656715570266039,9,5.038379206341353,7.613905290942724,10.0
15.978136488586344,5.640888607115086,9.886859815199063,0.6848753534027756,4,4.93137610364004,7.231224684987999,10.0
12.35583314812933,3.6343641403154665,12.973382671855267,0.7085318564273135,3,5.886315932975671,8.06177222011016,10.0
16.178342161750216,5.962467395882025,11.620505470833699,0.6744847392350014,5,4.586089820096938,6.228508002161986,10.0
9.202090553706084,5.4124653026383145,10.334738057690181,0.757982340044561,5,5.010572095794554,7.84490529481452,10.0
13.444890979608495,6.112876989163908,11.34585436005895,0.6078638975336946,4,4.308796561644249,7.9922745579587104,10.0
8.057586604981216,3.050234905274158,11.460565084615546,0.6863535076397116,7,6.216535328615409,6.876306484973093,10.0
11.245858299002704,3.9742024582768205,8.993211756163197,0.6764511829312809,8,4.850629669127887,8.780934792859972,10.0
11.664615348713978,5.4566521595606545,10.416394219201797,0.7295156981613719,5,4.6695143102503245,7.957393515573221,10.0
11.961726916092553,7.752517807945674,10.06058352811696,0.7932552503794792,9,5.108255422598426,8.112593710482308,10.0
14.954672066898622,4.918045201775792,10.405416335474756,0.7020750813257725,7,4.310449037455734,7.543043232480052,10.0
11.885581012703458,5.121860130268173,12.566663530911548,0.7973753693883442,7,4.05846367601572,7.174042769107134,10.0
12.486936226225307,6.573480445033111,10.895230444800037,0.6604498789826395,8,4.830732825173425,7.481933251902468,10.0
10.375441308743275,6.01896378643059,13.641896919435586,0.6061736265084922,4,5.0102034701154174,7.729726531224752,10.0
11.7325179162934,4.494630750491666,9.762058480150618,0.6331326334952825,6,4.375306845114913,8.48748232946499,10.0
10.272696272631515,5.054081977837139,10.494221469709574,0.6790249769549135,5,5.125496944684914,7.621909573072968,10.0
8.731959237684435,4.088498994286162,12.721740862874249,0.6632667818377105,1,6.226777072403298,7.568966687937385,10.0
14.034485933813778,7.830107295651043,11.276147559924501,0.6194108261966755,9,4.905236935840043,8.020410628024885,10.0
14.682127985550162,3.6531719077867986,11.282168878546686,0.6865320215381434,2,3.7301416343769205,7.240557282104174,10.0
14.194903460096144,4.859183922832097,8.320040978031102,0.6676231543319125,6,5.397489362242585,7.291162968969623,10.0
12.634940438005724,3.129194861100056,10.391597976310734,0.6245238440914876,8,5.675977956060288,7.640022854021901,10.0
11.797857801792299,4.108897459667732,9.624402394530396,0.6592234261223818,3,5.001963882535168,7.626554803311349,10.0
16.633336495718254,6.902355691900775,13.996010736986692,0.7772872110710781,5,5.079027202898099,6.382888657455894,10.0
13.19081785136218,4.005876161444397,9.850130423793862,0.6604097730978681,7,3.8935395113417686,8.360217611031826,10.0
12.79181877629731,3.400317012644828,13.306979208763181,0.7427910846484104,4,4.242687838893823,8.26136718015683,10.0
8.256420658064357,5.372265899222617,12.057402410242865,0.7224094159315512,5,5.286449371251089,6.757815970410807,10.0
11.412478276261563,3.0498461736725924,10.045498455152543,0.6854362324816744,1,4.410136644589823,8.06650745407602,10.0
11.80195618785857,3.423830772131666,11.261206270244742,0.6478051273607338,4,4.482316490096695,7.8370015497912755,10.0
11.988227808969004,7.038129347814875,13.043215279695163,0.673802939869189,7,4.78269848638902,7.9401267296868765,10.0
13.801723692273322,6.857366724298032,13.300209788185471,0.7184214426942086,7,4.330977186918145,7.854431138716288,10.0
13.336025467268785,7.57569410202448,8.962363250036871,0.670150642949871,4,5.426395924013814,7.1710988245068314,10.0
14.079050927934446,7.272577179553748,10.037438847249017,0.6429792867148464,6,4.720568993615269,6.787885593247812,10.0
15.648832615421282,6.415877816199091,10.011339081281431,0.6232925497783264,5,5.0797816293100615,7.3443021866314675,10.0
16.129857387160936,3.261664286503314,8.252268776455669,0.7759533875819131,1,5.155933279759832,6.95306481746442,10.0
15.181230762264944,6.914243089933287,11.589426559111379,0.6880625951503812,8,4.96043194775107,7.382681393220414,10.0
17.555236959549347,7.227554054202802,13.128920317953128,0.7250416643485861,7,5.225127331578668,6.1322193298170165,10.0
8.182325826763616,6.995410728859772,10.289446326953106,0.6980820722273611,5,5.962388117447851,7.265211119744396,10.0
9.957779856835462,5.54239517654013,12.440215669905061,0.7745133036715928,7,5.613085303582455,6.952953893163944,10.0
8.075628749781421,4.164509193247408,11.76620248160444,0.7093869704896422,3,4.464355090325281,7.2429681993057375,10.0
14.47474714154603,7.2266498784436335,10.253892412958004,0.6961562835898226,8,3.987178069304453,6.41467685590529,10.0
16.98030548949987,6.635814048700692,8.846358796953783,0.7849201980843425,5,4.79428021924625,6.3904635492277,10.0
10.434822965762994,7.903805871944257,12.255943116655803,0.7439379192090709,2,4.360918596137448,7.634587891827012,10.0
17.270345447963066,3.7784629887796646,13.127391013647443,0.6223099814693714,2,4.7641368081375,5.689431563894542,10.0
8.602673902895608,4.128322915260275,12.115126954408952,0.6355408922393628,4,5.111626199910521,8.054538598884532,10.0
17.344360268055144,4.0589907494075135,8.107270904208908,0.7574245725878884,7,5.020862825663978,6.522740606253567,10.0
11.516226872396345,6.962698838106683,9.297397366345947,0.7671702642359909,4,4.020147319675763,7.609040874256357,10.0
9.014208284492165,3.934536482250591,8.41687990930119,0.7090381658180593,9,5.019193392200756,8.494876920899697,10.0
12.858717591863256,3.3332991491165305,11.42231659745736,0.7108910455733278,2,5.384762435514858,8.073164127305684,10.0
10.56776567720508,7.992804032928143,12.538866073042474,0.7263865925702889,6,4.770419265278759,8.071792888813297,10.0
10.848729019619228,3.1240860572257456,8.663475122411956,0.6878231548565279,4,5.147853556386658,7.812937028413815,10.0
11.072899649262865,7.176220300794328,13.030026923560312,0.7360398246967809,6,4.786300637353232,7.678057721020471,10.0
16.030258978326636,4.826834207753264,11.333053870372899,0.6216962515132831,9,4.94231077791797,7.282067234074099,10.0
13.391612766752544,7.208077298789076,12.13981407285035,0.7922558484734773,9,4.609015406015621,6.475175582008385,10.0
11.113076991560037,5.7731024560557245,13.828411091651876,0.7500309647589843,9,5.186048985016491,7.014698818522424,10.0
14.103337833109183,7.508156147431801,8.502085929486183,0.7262348408018015,9,4.274011828406891,7.016599107995413,10.0
15.161506742231936,7.630964932073133,13.407344137866735,0.6632644114018962,3,4.8524576330947555,6.293602070380028,10.0
10.726240007335338,3.04549090640388,8.756616175924457,0.6321910974913458,9,4.582086763161101,8.141662271010555,10.0
12.135491015253516,3.3770608799639414,10.357752839820094,0.6818685927657889,3,5.0448123836961845,7.6036806260445555,10.0
9.218860933369475,4.251793647854277,13.108632177986687,0.7323153481148117,3,4.620551123127822,8.181578414790893,10.0
9.811493495346802,6.346577081817508,13.437525420427209,0.7267419486846222,5,5.364043249697938,7.614658627130582,10.0
14.811178539649829,7.44136098255753,11.038230041270872,0.6765282310131143,6,4.836465111325673,7.125154420661959,10.0
9.81438347695627,5.299709756469814,11.56462782965255,0.722657278766626,9,4.405803387377739,7.644586402576466,10.0
13.251633836670601,6.034865581371327,12.248884007591343,0.7627496591135096,1,5.539926851623141,8.394285442357685,10.0
15.090462617224327,3.9424992639778056,12.996552010716286,0.6052569544675214,8,5.038211517285246,7.314324393474966,10.0
9.068769230947439,7.024834169408427,8.729067017225997,0.6901242095860551,4,4.66942641031042,8.11088780382988,10.0
13.673122196289036,7.836640556767349,12.860415849375366,0.7517110456933582,7,4.748503474092024,8.325193171700036,10.0
10.565627837013638,4.342994664572988,10.8876569030697,0.7092288940926754,6,4.076808519428361,7.527159867606529,10.0
17.629268752375797,5.474129758002731,10.703740550649014,0.7302952175858141,6,4.363097262635041,6.087377309625766,10.0
12.835456467199247,3.430580552531869,10.543398511981989,0.7033352785210685,7,5.272227326006548,7.609257747251324,10.0
16.059925497751582,5.795683282314842,11.055269511476256,0.7983749089364622,4,4.28964936738484,6.489833772482462,10.0
13.502265421562617,5.513917209233403,13.670303320367621,0.6109243072978077,6,5.061191958398921,7.059350804007121,10.0
8.434125328548191,3.722182420775388,11.28922263675291,0.6982089643544754,3,5.970361920219454,7.0308752359431415,10.0
14.331513755940223,5.210331065590375,13.719065229578835,0.6182833098229035,5,4.20454406798601,6.4252677948906,10.0
17.51403342206657,4.670523260432816,9.081740783693844,0.631957112422714,2,6.2310023920222655,5.826180755178097,10.0
14.016118201463312,5.609154376525947,12.344815872995799,0.6766076700836524,3,4.727013013613223,7.948097963669294,10.0
16.1918885942679,5.928271677143996,12.873437231652483,0.6311080183000974,9,4.935985713889051,6.334531786532361,10.0
16.84206463348408,3.0424778930360477,12.07477298800917,0.7927374331913303,6,4.536894400839044,7.3762795201641715,10.0
10.280797719489325,6.805029914747776,11.641533681359242,0.7893579553450318,3,4.456136519373974,8.055134051755454,10.0
10.120448399082267,6.5650714593087045,11.388876686517094,0.6672219292441207,2,3.879369044018855,8.653452282624755,10.0
14.109809888509917,4.831431931032611,13.165582895472175,0.727949542407536,5,4.296327172138118,8.713173255504016,10.0
12.110284698067048,3.264679677844091,12.929879582987,0.7067506641187572,5,5.294673350955942,8.273164297195454,10.0
16.398613028667203,6.774662698925252,8.733732327083597,0.7631173961031538,1,4.439434569225188,6.639654798153206,10.0
17.000231233980113,7.7758758023906625,13.09152594218527,0.7254891219633884,3,4.604429669416387,5.8226721261817325,10.0
11.534213793027181,4.200757980110071,10.484411716642654,0.6000504908981124,7,4.120657555860512,7.153753598541562,10.0
10.36870558974482,4.617623068685189,9.522180979974864,0.7526348771219478,9,4.249705158598536,8.749770211799039,10.0
15.805255152438619,3.919064447409075,13.218611408083556,0.7493696242592236,5,5.293766274016423,6.430239663345714,10.0
10.74806035548136,5.884680616724198,10.59214879780245,0.7019445411132962,4,4.259749981049435,7.714413758380558,10.0
16.226143185136785,3.7742069732372747,12.850188141060901,0.7805837946466108,3,4.851845811478741,7.609382186932367,10.0
12.237382536487628,4.780969717306897,9.580421671735067,0.7816892411380804,9,4.5250550111318635,7.4602986287221675,10.0
14.675498992914704,6.485065069671315,8.023575928533306,0.7047823353408794,7,5.199017677822536,8.202164044889836,9.762377400617748
8.955353138346682,5.800579915046742,10.972755157417666,0.7215976462393076,7,4.823521418931573,7.4053632920354024,10.0
14.23859324676573,4.932312821639676,8.601369539857306,0.7993044143849345,8,4.47578395349268,7.759504755628965,10.0
12.517676787372292,5.101248009037709,12.526255733149458,0.6597640469622835,1,4.140413970146361,7.743680735629868,10.0
13.866084631754742,5.810554413116147,9.656450816416463,0.6649234484622955,4,4.355063647237754,7.2673930399624895,10.0
9.680142077448634,3.0293236394358063,10.661873879620872,0.6365547805326993,5,4.616359338704097,7.979071360037396,10.0
15.368737449441822,3.3925493422680493,8.522201390549325,0.7791733878315736,5,4.718598000338819,7.618928659614364,10.0
16.627970775432285,7.406290338815058,9.719955490683516,0.7488976779898533,1,5.792736149078803,7.199425677821868,10.0
10.167398000907756,3.389394945456454,12.688941459551431,0.6211285697740484,3,4.865598954603921,8.240341555820702,10.0
8.957145555201617,6.534017981052526,8.909527471413917,0.7963534702395931,2,5.828567179267503,7.225053065420419,10.0
8.236385860463365,7.600190820545263,11.882957366761744,0.7461923416322233,7,5.918537323422744,7.4778579515819645,10.0
14.41971500443266,4.353418021508656,13.504555116827007,0.7701044219209949,5,4.680771319915683,8.06132423604315,10.0
14.070940360887807,4.852457185297571,12.079020558546322,0.6096301578346401,3,5.163758682429219,7.895186841286536,10.0
13.4669741271407,5.844607029223582,12.86613013575336,0.7009921837884335,8,4.782538403843346,7.591497263641673,10.0
10.319470961159753,7.408544848192923,8.653829775823494,0.7397196573454079,1,4.2247426987562715,7.942570146353584,10.0
11.909059959055147,7.709527936302101,9.504390956012326,0.7085893169143683,1,4.708082488203583,6.906941009016562,10.0
13.94476335186173,6.697816240556341,13.367233113443547,0.7333294931398555,6,4.780859117614447,7.905180808655093,10.0
12.967668588591694,3.4330988042734703,12.290633681708535,0.7635748127180946,1,5.552162184934634,7.302689647709353,10.0
17.877855202148872,6.345770777674254,11.837322958263867,0.6748674125920392,4,4.8204174657513095,6.187852568199959,10.0
9.36439752556733,5.051518609363311,11.9826004167302,0.769733735123742,6,5.368152737949237,7.349308214034355,10.0
14.951445540475937,5.353504997455308,10.485203325827861,0.6325832209530581,1,4.129818579718949,7.494703835332203,10.0
12.043187681042921,3.2457419517258854,8.26733978970592,0.6541772110052749,9,5.488058909332936,7.12964397179606,9.972939506879676
12.281996149256148,3.955310696731791,12.706649252424373,0.6086691239854651,4,5.311680959511691,8.254661100300314,10.0
15.175977656581763,6.952568037668239,12.072279417292123,0.6728853622670502,9,4.169065138746777,7.857032079167886,10.0
14.924361513243696,5.269794165239299,10.836826784676347,0.675981908964824,9,5.613182348393204,6.9895221623692585,10.0
17.912559937021882,4.508311208155744,13.398557692209545,0.7610541194414502,6,5.834290922434068,5.477009068460764,10.0
9.283942894541251,4.920095369824791,10.016957989910594,0.7306261340579312,7,5.791196400264017,7.0819424519631315,10.0
9.041096493841664,7.271997566628401,9.765930465387415,0.6873445116311333,1,6.0043122707931955,7.839305456686649,10.0
15.243388171287412,6.744995087024784,13.236777950476657,0.7304227957247497,5,5.339200405756111,7.346824164258764,10.0
13.78386917006409,4.361576985905414,12.781925928553912,0.6105566701031382,3,4.504613959122528,7.644582319287625,10.0
10.74160666559806,3.5875092010618665,11.089878863890068,0.6360543072036752,6,5.61933761456141,7.751732981845806,10.0
8.794193689889866,4.259991108220358,8.7844084367471,0.725389571048351,4,4.8381538759518845,7.0566447786483995,10.0
8.856582495964306,7.603782255273669,9.290428828790315,0.7282733638450605,9,4.880216167698189,7.578182328844796,10.0
16.941908746641182,5.907944189248777,11.93736794245284,0.7548269317414854,7,4.829649078865726,7.442531376086837,10.0
9.91867324718743,5.667401043723914,10.31024742704247,0.6805999518107204,4,5.183256137382869,7.242087860605179,10.0
11.233715621155207,5.9819679984623075,13.018839149995827,0.7445108193232313,6,4.33999178977765,8.1887026387429,10.0
10.26656402226988,4.8301413287325765,13.699730055993225,0.7367960665120379,2,4.349936395718587,7.7286574369683985,10.0
11.549963058319372,7.035535101597564,12.83382155164951,0.7926786756739699,3,4.304046261183274,7.864687899705381,10.0
8.694238427460935,5.616431246501249,10.265272537973344,0.6430260452849358,7,5.130714665942197,8.048438635222004,10.0
13.190597909082705,3.5837395138439776,12.732118575388544,0.7103359127505279,4,4.702520980425034,8.330175714191455,10.0
8.67612563592215,3.6453256241453147,10.1086500408241,0.7203528884220939,7,4.9367484236955,7.357858577224584,10.0
16.003565078223616,5.684295732513092,9.002600526593802,0.7997295769868442,9,4.274823967769281,7.568981862890604,10.0
10.33712081910433,7.6828510903541956,8.200359229195143,0.6402368284333303,5,5.130891655821478,6.908739291537511,9.852821613866524
13.400119146045107,4.541760608380994,10.31430027656612,0.7046436039934585,1,5.569293839380138,6.709966039123954,10.0
16.80079087561458,7.347705844296091,13.421355822183692,0.6692370615427278,5,4.820037856992937,6.402124460105209,10.0
14.508773690471942,6.820477932894397,9.433919526534059,0.7051785937157999,6,5.1540909094128375,7.088509793316347,10.0
13.329577865513354,4.239062214534535,9.239078989578704,0.6464257204206212,2,4.667719715459408,7.696812365566377,10.0
11.243337531153756,3.181703741581212,13.818924711446241,0.6095224756854976,8,5.1163703891157715,8.448066218607664,10.0
11.330019130581979,3.509236325711914,8.150024677103552,0.7145130907795378,2,5.194718605397826,7.779161808692051,10.0
14.6948695519819,6.642469669237201,12.714692902362525,0.6671708631721665,9,4.724709936679225,8.012921321177863,10.0
17.941393612211677,3.9983486902032332,9.928219734445221,0.6363882803496868,2,4.812050200258436,6.599866651789425,10.0
14.618391898493787,4.856354602526969,8.224927741217956,0.6647871132156068,3,4.101026211844099,6.688028750706282,10.0
13.57783417370025,5.508495830032124,13.506815241257502,0.609856040289549,8,5.243522763897996,8.141420810580916,10.0
15.30650510239246,6.627340842250814,8.837853981257501,0.7900884468180207,6,5.098746938324464,7.953011226436585,10.0
12.652056122837182,3.566156116295627,11.310675702354173,0.7162295829946521,1,5.170438877763399,8.513187033124632,10.0
8.601423426007852,5.031832026387307,9.644325244577287,0.762953736269405,4,5.676552330956184,7.289835979177222,10.0
13.622968158779099,5.425364545713477,8.391156813108147,0.6846236395095461,5,5.205276322106445,7.830479876803562,10.0
17.5762528450538,5.7041353198576985,8.299534913980274,0.7806629335132372,3,5.317714185539241,6.440150120481217,10.0
9.753029423576596,7.091803206976083,8.693340193018033,0.6966636443104507,1,4.291540763295335,7.63392770219694,10.0
14.900048908206657,3.8583909752160848,8.42820208333628,0.7147890644401339,3,4.880943511774097,6.989613292219445,10.0
10.009336886590564,7.039157259133112,12.563348693119538,0.6983587960125314,9,5.894756095001516,7.325818865996011,10.0
13.358276844730813,6.4643921384832606,10.913397213700575,0.7466556591735304,2,4.842271221007736,8.144753189021088,10.0
8.966764496467196,5.779354070994796,10.057352548093878,0.7133312155204125,1,4.623910244014925,7.398453876499668,10.0
12.503709362581851,6.497639352012859,10.510213460792043,0.6543197847160795,7,5.054703145639701,7.972221919192192,10.0
15.56163328895246,5.0600886947582815,13.57368041343574,0.6291079062645293,7,5.899520830595856,7.846390530888569,10.0
11.475715242389821,3.691987929840623,13.464510876428884,0.7212248777765956,5,4.491053279618098,7.958941919949002,10.0
14.64911724487218,6.328826201326836,12.294058880735461,0.6978359923094073,2,4.881615865513902,7.012539768778797,10.0
15.954499607897292,5.6233615334281115,13.308094264530126,0.6191951393392225,1,5.110461549950365,8.256098093646317,10.0
17.27177819479453,6.196874002713877,9.91788816552575,0.6791234931586537,5,5.233813206665881,6.3961430419218255,10.0
10.346420818554535,4.68999390514245,10.286655956049698,0.7029552844000907,4,5.333170708658728,7.62009229224733,10.0
11.993159158093082,7.534332886699179,11.682273091125369,0.765378646765118,9,4.517961290504371,8.077550684989298,10.0
9.524160133304175,5.936849342877885,11.741755683783586,0.6152202111666725,5,5.415349568538888,7.558026366977959,10.0
17.924835021583753,3.427012421454369,10.890199028074045,0.6696990696492006,2,5.882848089571359,6.148937016777511,10.0
17.270009679242953,5.249019953522144,10.40394709062772,0.7645312245420771,4,5.013688564196571,6.26198633880901,10.0
13.399571302805596,6.781780273718171,13.91708186965217,0.7296847863543158,9,5.069577987928974,8.322796180959168,10.0
16.420332943764212,6.970672808661362,12.926741756706345,0.6579916643607574,8,4.7632885191944885,7.516958999873552,10.0
13.209579772720422,5.472985263818794,10.609881187328272,0.7690670244045286,3,3.9786594298349027,8.77165388544326,10.0
14.235856880027598,7.473737854156505,12.36375486343741,0.6986587161125385,8,4.001227128629081,8.668598308944357,10.0
8.891244321160165,4.338342185971488,9.617370159514756,0.6996703782620921,2,5.489228270969509,6.46425153050264,10.0
15.55270420496808,5.052993486191333,8.601015957423979,0.795317467840077,3,3.8763535682522408,7.609631305095471,10.0
9.277134836352348,7.492984552844851,10.114586153316443,0.7894233006472757,5,5.20660696193785,6.973142652938759,10.0
16.260676302525283,7.481283582357895,10.417836800740366,0.6717065366739687,8,4.52839852198804,7.671650624390669,10.0
15.820280876703858,6.4285638441234045,8.099222747364024,0.6281158257326165,1,3.7552486863922403,7.3676547411564295,10.0
15.087446977429764,7.2949027356111005,12.888752009815377,0.6651333464556188,4,5.100199954668017,7.09435646143565,10.0
8.361603805247622,3.4438663347811636,10.15516041433509,0.6060966520622776,1,4.706611069974496,6.706019853904423,10.0
11.031283559453286,7.324974881038882,11.482508994680883,0.6041535773420782,1,5.9799657734084635,7.561725409805822,10.0
10.631125699108429,4.603099532751134,8.443779123625736,0.6791044272502839,5,5.704319047281146,7.439967474980422,10.0
11.60136407471519,3.8916575621410816,9.049980972503503,0.7882039645394469,6,4.723428666930059,8.59304592034595,10.0
8.876427467638386,4.196849181710232,13.33816235196536,0.7742714682464416,1,4.257806994210583,7.483849827461922,10.0
17.369578230310626,5.089842540069435,11.652125167296806,0.7022885667835246,6,5.303324068465514,5.996672635850872,10.0
13.538022407123762,4.255960023022336,13.701704301022913,0.7130452762341661,5,5.585190466501901,8.029956264807705,10.0
11.055243106580235,4.6028379300824955,13.992500206347902,0.6011866993492113,4,5.3531914182354585,8.094619220483576,10.0
11.969815170742834,3.6748924303582102,10.231160691998566,0.6431002311667531,5,5.284965579894141,7.8724411844162985,10.0
12.472025405048356,4.480883827794993,9.792818384499647,0.6049548253868767,8,5.460678807777776,8.552159994417304,10.0
14.005943333606172,5.861419072710006,13.150136330954581,0.7509079065390776,9,4.053497310318224,8.03419136041424,10.0
13.156794276964977,5.209268540455319,13.991668562224724,0.6291291592052995,2,5.210832088596101,8.12862133379966,10.0
17.193919732144174,4.733593806179556,11.777847405394745,0.7738094204953634,6,6.084300279763821,5.679896724519564,10.0
12.969634829058302,6.73226064428557,12.770844335069134,0.7286648627351576,3,4.360761501958511,7.736180784582811,10.0
17.921580148233126,7.467549856966589,12.690475152891647,0.6458837353031427,2,5.097194225420762,6.53068999116589,10.0
16.514249577450958,6.783946114511985,10.132038249317281,0.6315440634166499,1,5.746726649624053,7.122860711337976,10.0
10.085105143573358,4.660003510588396,11.445622281542523,0.7255249401846107,4,5.680551251956003,7.816182317484909,10.0
17.30595214643916,6.722210839187769,12.998341647585281,0.7801673960564648,8,4.70510906199966,6.895227679700789,10.0
9.16366397885476,3.759900912370256,12.128683257566333,0.7436720437828763,3,4.541222502694312,7.782056302369758,10.0
16.174497084911916,3.6515899404564545,8.126982883892229,0.6697093303206755,5,4.851714568766214,7.490542779291467,10.0
11.8062329347658,4.728135185180795,10.0202340133852,0.7174767190537295,5,3.9999920156726736,8.154399235635077,10.0
16.779743204450696,7.038511845220285,8.866854179567632,0.6621523390744842,5,4.593516452456167,7.197781650375221,10.0
16.680566901074503,4.231741236211509,9.397833272468235,0.7998299133557318,9,4.661169789073108,7.219544339777266,10.0
16.05925400117621,3.316267044493398,13.432936864947955,0.7497678376923702,8,5.451400250334391,7.134233258634262,10.0
15.900304363070614,3.6585476760317754,8.22135973346461,0.7228763279513507,8,5.561647209939664,7.223831733126707,10.0
11.046791390980408,7.293724842647901,9.318804271771542,0.6846518285531659,1,5.387552677474138,7.993333566908973,10.0
8.809192830512522,6.168916423736438,9.85741611342939,0.7236304580519115,1,4.8687361836241525,6.868784852790571,10.0
12.029801787651614,4.266005816849884,11.70130443179837,0.6683232124934669,2,4.674819859561556,7.227542004331952,10.0
9.735245149865086,5.776479126640907,11.204610140515193,0.6057729678916062,8,4.828957691646019,7.995378200517302,10.0
14.949510889024618,5.637898112126752,9.309616897120316,0.6790177044713266,1,4.851662096383581,7.843667711286918,10.0
11.460997265377856,6.277179892203306,8.985446403338926,0.7860961639159735,4,5.147622689982137,7.972673304002134,10.0
17.75610200859915,4.165937772108082,9.420788207576713,0.7252602189547732,9,5.01527274022559,6.521138783547943,10.0
14.40972077345332,7.322014935971988,11.015177760209934,0.6167911406141803,2,4.194102919751026,8.037838914696797,10.0
16.22480563634361,4.546842810400064,9.62706671426722,0.7769987226790053,3,5.704291195729367,7.325372473335503,10.0
9.325246727418484,6.470658269881184,13.685615009646334,0.653774969868303,6,5.685426822006335,7.922534756093879,10.0
16.620144822726225,3.0806232318610745,10.783191328573086,0.6487538986165455,3,5.1605413182584075,6.284669498052602,10.0
17.227571905133942,4.863285649470736,8.352776099267823,0.6594181937560641,4,4.589803361526594,7.456536023154405,10.0
12.870619188189359,4.758549089794041,12.3755984350198,0.7154404472251915,9,5.106373190997379,8.123776671122338,10.0
14.062529377509774,5.717422142915073,9.973071729253938,0.7089376186867954,9,4.597895473481203,8.255119273978185,10.0
15.648098009029955,3.3636813088859823,11.920933592349485,0.6982827509245764,5,3.717066182570659,7.6268561454280235,10.0
9.748386272604126,6.950656868630541,9.677566223139392,0.7435073727025254,7,4.789076294486304,7.2310972419881985,10.0
13.025660764634424,4.088904008837843,11.424462450399918,0.6633075462669918,9,4.898715636710067,7.604229104421735,10.0
11.986630277723131,6.385189074410051,12.632915028844788,0.7564129043144863,8,4.612999075760332,7.737545715089277,10.0
9.46373992162249,7.016060616220466,13.568052450647324,0.6350643356757198,7,5.370575878067335,8.252809558374194,10.0
11.675344222915314,5.809384781207566,9.566762866598463,0.7565241578154018,8,4.982393429635598,7.513467090265832,10.0
8.681723093854936,6.704416033609927,10.009141705993887,0.7327620210500566,5,4.769131930291755,6.822953393936403,10.0
8.25811906949487,6.309301561075028,10.785598521715638,0.7366416619095173,5,5.781427611752748,7.514541092371637,10.0
9.351662891548228,4.777648985760038,13.563049026415934,0.696310679425452,5,5.529904680941004,8.525695006104016,10.0
17.63115111589174,7.044292695167827,13.408321140863944,0.7334003065361729,1,5.205549067858556,5.993681692142239,10.0
13.49529535895017,4.47350684942764,8.539269680603828,0.6159594093118914,6,4.67487640198663,8.60497188505425,9.622417585101203
17.6582216115322,5.856064588757586,8.791578954522866,0.7703102234098735,5,5.232842365424658,6.772409099261907,10.0
12.32497878330132,6.726988695707697,10.97305506398383,0.6111094466975292,8,5.453535019057379,7.7839424315026955,10.0
11.118161330852596,4.894779549062538,8.639715636832541,0.6297483019742994,8,5.00516733911291,7.299794240996921,10.0
13.061418628402441,4.513838038087125,10.073485240092184,0.7153579416994473,2,4.731367889846868,7.775025361831581,10.0
12.3951168863291,5.296730050864114,8.890312269304866,0.7478822910913383,6,4.9281556640961,7.596669051888515,10.0
9.05664684261744,7.089817471745768,11.816242130791315,0.6152503128692507,6,5.43982920379503,8.166993407379135,10.0
14.408263146902062,7.649608815728324,13.69697259043497,0.784152962824464,3,4.6519035701562474,7.693287207037863,10.0
10.160381825095996,5.72541706429945,13.980402621766288,0.7947215297601398,1,4.301082790730568,8.071427425223446,10.0
14.195879548978295,6.307331026618259,10.251446794981488,0.7211900346015422,7,4.743343880250101,8.002766291192367,10.0
14.502010923981533,7.516368111194571,11.594075822687675,0.6962486910753674,5,5.003029359887113,7.367057689490018,10.0
9.52024853128648,3.492734257064712,13.137605921144488,0.7482789944559499,5,5.248189141005639,7.728658703113482,10.0
8.613496271106682,4.160392889330825,8.704772436778304,0.6656714704654411,8,5.0858233672321,7.927181269586254,10.0
15.807615860684399,6.544500031257912,12.13738646631179,0.6986528868210213,5,4.752609904280904,7.237111442110344,10.0
12.598004237693202,7.118722309561498,10.45306197035041,0.7832302053628803,5,5.179357026774789,7.849250002059614,10.0
8.581637955054758,7.285145141652889,9.236876961680984,0.7911310850483068,1,4.501206576447327,7.7609003195577015,10.0
17.94866317169767,5.075535884274663,10.416521712484652,0.785413823210237,2,4.933830921820153,5.580576815949435,10.0
8.577805609963667,3.446699511459334,8.455761721789502,0.652489613392768,5,5.411015731298378,6.312722503186787,10.0
14.950352288585531,5.1889073864981,12.172442891535834,0.6464938080433527,7,5.264928983068273,7.708784054946657,10.0
17.836789252634137,4.153672951035269,9.516456012490718,0.6595329011858628,3,6.182492664584529,6.80878046885953,10.0
10.391801042159257,4.455982274983121,9.868433870269268,0.6882622224776921,1,5.37099822967999,8.77158360601667,10.0
9.422493686871961,6.861337784187529,8.726487789448777,0.6628334825583927,2,4.829122340533238,7.7659645842201295,10.0
9.213849394224289,3.3776354301294345,13.18795468333935,0.6748425591478115,3,4.294872918038091,8.0239792278067,10.0
11.032751475675955,7.13790608740351,10.960665675696431,0.724127390424152,9,5.759426459190142,8.612276149779767,10.0
9.010458110106466,5.138345429120846,11.432881266718402,0.7525051354187952,8,4.806480298222173,7.5688348471289855,10.0
14.92161341694132,5.980319655502975,11.416596098569128,0.7471116396535834,4,4.815320653964816,7.252582022886905,10.0
8.622917981300628,3.448261156178395,10.462958687248051,0.7628847134158304,8,5.273852225822374,7.057694699683056,10.0
13.094221281497898,4.686795391786398,9.155179492628836,0.6064368806430804,9,4.633834836907869,7.792805138375739,10.0
17.96696853852977,3.448504595074229,12.4707964909904,0.6095467579357512,3,4.727719313915884,6.94445935672181,10.0
16.139702695060187,7.807718614405548,8.762337592146046,0.7578765921377258,6,5.800980497393631,7.6092686595243055,10.0
14.152194382310109,7.036308246631252,8.623242741672863,0.7066157644649264,8,4.249351473855295,7.659103313289429,10.0
11.062536207866117,5.298163771782301,12.260870225579021,0.715628134752424,7,4.900690559881701,8.578850578224776,10.0
14.238958362916385,4.118012741618355,9.253022122711902,0.6105173720428754,9,4.4687004107036135,7.975741555894617,10.0
13.270414639116517,7.667275526249261,9.840636508116994,0.6510627602342541,7,4.973629608752838,7.810745743549391,10.0
12.260833838903714,4.7229829786348585,10.85136480201044,0.7276708609770955,1,4.596562879724362,8.085117787046103,10.0
9.307103767401994,3.8049221584368738,10.696107900377278,0.7718363780221352,9,4.996406242767592,7.838703190745625,10.0
16.866042152404667,5.815821942269775,12.251474750389995,0.7833966794362806,5,5.584658010214494,6.884451377598306,10.0
12.497846488213225,7.71887060172408,11.740590760660165,0.7000838991670164,6,4.525890847706709,8.858119278156796,10.0
9.94622511820765,3.019151452501613,11.866376973691194,0.7090948465476395,2,5.716317469065162,7.714216841193798,10.0
11.677593508772896,4.190624216269994,12.284325983932744,0.7666099262137982,2,4.132194116228034,7.303600532208394,10.0
12.14129752528927,7.692238202052038,9.755676364540792,0.707524920149471,4,4.584602662267095,8.155279223449847,10.0
16.275378955668742,3.85542983428581,9.933999870802841,0.7033717051074635,4,4.49648363045288,6.940327640492522,10.0
15.33614380561402,3.5662172581990994,10.627986487373324,0.7810168075521908,5,4.802406154982933,6.772186684899805,10.0
15.693048936413398,5.850936078999022,9.844773038201156,0.7579865442111761,7,4.147070237255424,7.650261904837683,10.0
8.110312644286472,7.309219116474149,13.90962721382518,0.7818145052722589,1,5.794833124606003,5.439683883565508,10.0
12.161539981797615,5.385549088469631,12.884311558528578,0.6436494109562307,4,5.06743776316099,8.142939569915006,10.0
12.813441516353237,7.972821283422624,8.987928129536177,0.7048750973310713,9,5.427875952861188,6.782284759472473,10.0
8.191922768230567,6.395858497689964,8.033564935291217,0.7684944257186717,8,5.883394990997465,7.277505815872892,10.0
10.598132087450342,3.3703745360522386,8.256699609483608,0.6222295654934218,3,5.309150125720179,8.178482833175988,10.0
15.60289823122135,7.9641606584098765,9.464380706257552,0.7589324308587924,6,5.161555622139735,7.717015920090049,10.0
9.37109705728999,5.039471183900952,8.68574771502114,0.6365946766829739,9,5.0286196310176905,8.058680120401512,10.0
13.353101314525917,4.437012669227412,11.200028689355433,0.7616237509970643,8,5.47612056025829,7.3811264846809435,10.0
10.152018720172375,5.789395917889427,13.14797133636415,0.7224001875113737,7,5.247452144893688,7.924125573757905,10.0
8.121207746438932,4.521537959104322,12.420501325479364,0.6386471982969735,7,6.71855948752857,6.897217757934815,10.0
10.412014575995414,3.4322875356007616,9.293654378493143,0.6946708358665602,1,5.799571557136247,7.494542277728907,10.0
17.758737549100537,3.0071417153958837,10.395795536154715,0.7363810332921543,5,5.427499232640458,6.286750321457737,10.0
16.015371118829897,5.247916764601311,11.047365257187666,0.7267705801767085,7,5.080264386744616,6.983391446749249,10.0
17.595766443210334,7.184317111132962,12.861235097020014,0.6854494392463408,2,5.62771786694127,5.9162485158021365,10.0
12.878540439263624,5.8615759281503825,13.03472961863699,0.7798733057841855,6,5.464772967527828,8.122370093939601,10.0
9.097361986775034,7.996036494717204,13.458309871446655,0.7038526828975689,2,4.437505943445729,7.852996658682447,10.0
13.47959488973693,4.434233228236,11.055471503017252,0.7011734597057377,3,5.323514519351548,7.459954583025832,10.0
12.54377334559961,4.402275323800277,12.165648478615179,0.6124501179882909,1,4.871980395409107,7.893025352971329,10.0
16.443570827396158,3.798747301169721,8.670802227403623,0.7844240779595275,3,5.497028158853931,6.929118443127939,10.0
8.980825807842447,3.820317941326676,11.391733759723893,0.6354233137356746,7,4.875356247885963,7.468693742653393,10.0
12.882411370217781,4.425932980050239,9.492150856826811,0.7056689386873108,5,4.2905723950256345,7.932710292379637,10.0
9.500486646939843,6.964200226367636,10.590301310159667,0.760713520280062,4,5.277065300726017,7.83191524454846,10.0
11.2467592689006,7.52878395318224,11.804303049840316,0.6430906553911286,8,5.285364034883388,8.555551596564266,10.0
15.373570773877997,7.875435848538406,9.541915627122687,0.7054746579941682,8,4.175786906064433,7.4960327244242855,10.0
12.760181293687666,4.161448270482263,8.313110346780567,0.6481369818446682,1,4.477180838905873,7.716082656166403,10.0
11.758882851457694,7.406487728070458,8.061403138452546,0.7519389995599823,9,4.142177962385762,7.9910750789859675,10.0
11.944762785700354,4.641275446386685,8.13295721326713,0.7128682335746301,9,4.933587533251946,7.468322920282101,10.0
12.594467684059866,3.564202722584422,8.050098425082618,0.7711951720790288,2,5.6798328031833645,7.533745481308602,10.0
15.850165438370569,7.350124627600828,8.662130339347254,0.7789116005754766,2,4.6891766334525276,7.475020694680134,10.0
16.920846889402345,6.180528173218093,9.43693228742078,0.7297466964890796,8,5.444954309134107,5.224376143618775,10.0
17.553346865039284,3.8236544804053088,9.327329085093796,0.7450782492317889,6,5.261700660831383,6.349637504806464,10.0
15.869033862552952,5.149156287565013,13.92077956507938,0.7098440199773728,3,5.044020640579134,7.715554412217015,10.0
11.154068957480128,4.436288474385338,9.83603663125366,0.6768857466134766,2,4.511025913323066,8.166215926976939,10.0
14.881347060865421,6.683972843550985,8.764524700156395,0.729623584604167,5,5.06592468795172,8.015168557340358,10.0
12.37603124055392,5.267081153121341,11.273375265006548,0.7816577246974659,8,4.5935532877499705,8.160886916024253,10.0
10.546706220460512,7.946399725531925,13.14774473238505,0.6833360760862875,6,5.795475416480097,8.890430753602395,10.0
16.408715794259226,3.2737249112979754,12.068362260726051,0.662882005274759,3,4.694959375476941,6.412702547859522,10.0
8.38426348962325,4.775076330681234,9.776492534812702,0.6776873877105148,9,5.8908498763148565,7.404114353464113,10.0
17.017619921354235,5.409500835549887,11.36969695874873,0.6870795260423199,8,6.060687102241773,7.104897930505033,10.0
12.61477464624734,5.515667773741599,12.289135845202455,0.6147122057955432,6,5.2764971917872705,7.770146001664992,10.0
14.372014768082805,4.579679111928184,12.368626954206453,0.6996883680869989,1,4.247823367387973,8.308027937838173,10.0
14.593539222057828,6.64620124548784,11.999230731786133,0.6988628496100119,2,4.215635739175775,7.965962669947431,10.0
16.951177407065362,7.373735367444874,13.224862548653707,0.7176887655281047,4,5.2859751487424855,6.0283913739254995,10.0
14.366696821672074,7.693596509889315,13.220632750064626,0.6725640060942663,2,4.729620242664587,7.9010005293445476,10.0
14.139335847600618,7.025466883997631,11.47361935644202,0.722621519191118,3,4.943892182418225,8.075234886094703,10.0
8.6665204056069,7.252900986532997,10.579138214667275,0.7756432620548407,8,5.91766173921197,8.260714915703863,10.0
13.18408021945204,5.752726503099978,11.849421773390599,0.7910941980990329,9,4.711030479417299,7.840190255673112,10.0
9.501690008170417,7.1294411321340725,12.909272008222779,0.71672244322821,6,4.792703545238245,7.967398183972465,10.0
15.374337687214856,4.517519545739761,8.033912629047109,0.6085181907940626,4,4.8953860655666865,7.559517701580274,9.476380726634577
13.122219208126745,4.992393810546072,13.951982054089108,0.7938471994534219,2,5.427672430449665,7.655924630619577,10.0
14.802277792083533,4.584565069092721,9.097362633975195,0.7411724121792512,7,4.749240243232427,7.432768790566234,10.0
8.416729006023843,5.336936677239628,10.821493913959857,0.6671927297107304,7,6.467651635318378,6.26159149489125,10.0
8.847920160458033,4.427898081193182,13.2321784090572,0.6294315401927446,9,5.712801851377709,7.26684903000621,10.0
15.163233880626823,7.808057211272234,9.350242394265196,0.628683722447255,5,5.162062009934624,8.285264461865996,10.0
8.720843359986734,4.564223140028341,10.860771343402298,0.6335488812279205,4,5.032228168663605,7.376107807308798,10.0
8.712567277652585,3.490222690554699,8.795493081087075,0.609114504322764,6,5.244607608243134,7.881915880133662,10.0
8.121084752348875,5.634085830252067,10.370457952329156,0.7804308377305823,2,5.742854791882882,7.36161065862576,10.0
17.565013982994802,3.285495392225882,9.062812728758015,0.7081536465654673,2,5.189023374540169,6.663749955757778,10.0
15.37508359459007,3.5527158315429026,10.181766492626942,0.7399918825427675,9,5.422233485942847,8.42760868291888,10.0
11.532514085020642,4.096946945981231,10.240785300756333,0.7656217018536615,7,4.870619316297197,7.784818046529932,10.0
10.965355812876552,5.321751249410708,13.959024737589996,0.7583082012666401,7,4.539981308619184,7.738758798914309,10.0
11.497032297458496,5.166254661545139,13.968878175822633,0.7765211247457684,5,4.944302427531859,8.53100202840761,10.0
15.746535311811819,6.998459310013956,8.688717671963675,0.7934509245049904,7,4.680821085146119,7.2579185692941515,10.0
14.613706110704143,6.6973732694205665,12.355812675970084,0.687814122948388,9,5.0785165857632455,7.522128285934194,10.0
9.85195567867468,5.131591469953507,8.310472878014608,0.7900670933336782,5,4.794565004305856,8.246173330827707,10.0
9.741093353340844,4.66852103787815,8.181152092023131,0.7446579896685633,9,6.00324100739854,7.874145894757936,10.0
8.983956497133974,4.582343920307493,8.632003365469785,0.6141336380616157,1,4.5151101930787725,7.469541673598762,10.0
14.60302719701338,6.869975436470045,13.792913942047605,0.7363566242424691,3,4.5778939132215575,7.490366791554107,10.0
15.64372662221736,3.260362031106349,13.645181287368185,0.7373433319209698,7,4.948689667291081,6.9146276207218005,10.0
10.65046428325004,3.0641082475530292,9.163566921684083,0.7811721127585055,4,4.672066612688007,7.134919115600467,10.0
8.209449610309129,6.97772195963324,8.97003401332227,0.6745864264940185,2,4.359184641572185,7.837331393437759,10.0
8.821716674764273,5.385731879945246,9.443210519095683,0.7169823000543636,3,6.2785719738300045,7.2828197977178535,10.0
17.678600348450306,3.65440569276788,11.093281964450853,0.6024375102023485,7,5.649023712400306,5.535859209383144,10.0
10.954447774774202,4.177829672972506,11.418227792212459,0.6664150484362672,8,4.260785672812972,8.836976582349353,10.0
15.692231478381336,7.662519765486913,9.329560582636685,0.6124487452317562,9,4.32964431098049,7.361707232190003,10.0
14.246635688542638,7.29751487812449,12.53973672853967,0.7043745945529795,6,4.007710733131194,7.758807660234826,10.0
11.819396396528958,6.548925251119862,9.857319016415904,0.7634895301013906,9,4.714592974843822,7.2046861070718355,10.0
10.05687262195555,5.4111261516866325,13.532787953176463,0.6412885384258138,4,5.775263614223259,8.101750186710477,10.0
9.213864181594065,5.601618130956929,11.940336238740384,0.7054882091115557,5,5.0811509351769635,7.3463180761339855,10.0
14.150129680388666,7.876222676419793,10.61810716582167,0.6408017273021535,1,4.508906846665163,7.504425684738234,10.0
15.74633780637788,7.828852219421435,12.739472010217073,0.6241376935692481,9,5.376029653903748,7.505152408979019,10.0
14.439042535411307,4.0763452289291715,12.907487756279988,0.7021993583868685,9,4.914797281317862,7.762925694086444,10.0
13.303021332491584,7.0555228315265905,9.742889633653661,0.6158297241899455,9,4.689098191117663,7.429041421684571,10.0
8.419512234316363,3.986213330835084,10.038287263016507,0.7174709262275979,3,5.810437698228725,6.64685532525459,10.0
17.68488777594384,4.067687389419757,13.61573092237162,0.6062674921353453,8,4.403985434056632,6.466781021252158,10.0
15.987141916545745,6.380465170822884,8.988446230179632,0.6213429943736751,3,5.166412636773549,7.244432330864623,10.0
10.928220367009647,5.025005492937742,8.252902501777605,0.7099994970974716,6,5.534755717142004,9.245576386296026,10.0
17.799703293588507,7.657722035532601,10.724331935657295,0.7182814825797827,5,4.699713939488653,5.194221290976836,10.0
14.018815896363222,3.445048674480044,12.807259401461774,0.6057973860187515,8,4.548128224325291,7.869834457747244,10.0
13.824226582072464,5.557628204047465,12.630008637864474,0.7146753576003118,3,3.7527049378831876,7.022086812756968,10.0
15.480731794295322,7.592607652215606,13.517183773476996,0.7677005050647274,1,4.642065854369372,7.186847273387171,10.0
16.117697880901375,7.520568302397526,11.199203986214242,0.7444632354587908,9,4.630364465835409,6.9384034637633745,10.0
14.564786073315027,3.782646067078706,8.6003880293992,0.6262370207841597,9,5.619065774824167,7.942095301092387,10.0
9.280957463662,4.833188500482282,11.532133846016096,0.718494929512723,3,4.982435815210814,7.915324890162923,10.0
11.382675059944983,6.095607000233481,12.67037368611927,0.7344505000148427,2,4.982619920827337,8.663344432407518,10.0
17.280836403260498,3.796974423857011,8.559968721618958,0.6074462403504584,4,5.860029485116134,6.728919035387559,10.0
10.246156118438519,7.840110860228694,9.03594440658554,0.7710695337367246,8,3.9139761228136596,8.338817632972676,10.0
11.721670238375133,7.573746643638302,8.073743966934025,0.7812534794579661,6,4.862052089279371,8.683970922990675,9.695783973259738
12.32076882944196,3.8347508951723457,11.561915476680863,0.7700904546724517,1,4.197722084427338,8.123877574351685,10.0
12.394049896944521,3.605777306304927,13.320406351675427,0.7649262935978227,8,4.205282856309253,8.579490361441328,10.0
14.129395824945256,3.4270424140413267,12.023979896012596,0.7489930396921787,5,4.308549446572336,7.879788622775999,10.0
17.430758377447077,7.5472183201831555,13.892240525545892,0.726686406256392,6,4.9759148219806715,6.521876333521263,10.0
10.406927118325049,3.9681190489773037,8.37820191499857,0.7357254009976504,5,4.4598192285679055,7.550962726467546,10.0
9.21501376300918,5.081424642721774,13.418006510908977,0.7612790586669966,5,5.019746790520665,7.803214525737395,10.0
9.974704898599374,5.244256828260015,12.884409724320085,0.7324996916722609,3,5.539412546263112,7.9663697117843,10.0
16.869249002092694,5.995055221067838,9.885449122997029,0.6655453913364142,4,5.334912416702865,6.992651989686664,10.0
14.45810812655206,3.358676718737125,13.84115931102351,0.6751922204322708,5,6.114159024082137,8.26796531695719,10.0
10.859067892391602,4.13379308700258,9.72762648902849,0.7794114936744585,2,4.993633776425362,8.38847478668779,10.0
16.159469389686173,7.65745193459463,13.335828342969311,0.6034244171594324,6,5.256289256214035,6.39768434455035,10.0
16.61369996363436,7.542050536342847,13.284491462445136,0.7397641162488564,2,5.668243685054023,6.207950271013878,10.0
16.46514338690278,6.906453237028461,12.545945699617835,0.7909555104850431,4,4.4195792128971485,7.0648298350432395,10.0
17.189265336395543,3.097006228091077,11.38082284287711,0.7412456339915947,1,5.780012699485207,6.165466675095312,10.0
10.522410201733615,4.63503384248051,8.720016497701328,0.7987823976463565,4,4.463562677854893,7.842917184765422,10.0
15.550419287462782,6.139793676714539,11.19183040697899,0.7375089811056662,7,5.077197550863934,6.914078834739951,10.0
12.6053949727414,4.375951058867378,10.140777533929608,0.6068726058433722,8,5.189473112781964,8.029950021005703,10.0
16.419985528900614,7.547933475268887,12.753302198932111,0.7654019763293848,2,4.027893880106804,6.513832006117672,10.0
15.284906771616132,6.1694473091622095,12.548775238981069,0.6569259823878638,3,4.623142152855159,7.661371288708282,10.0
15.764474464997246,3.359533586582228,13.463675044235632,0.6892114451328882,1,4.834943387440804,6.756530327805071,10.0
14.561618376810715,7.545027944178515,8.088980974590248,0.6624183831814164,7,4.177261098683862,7.739815900209838,9.233572374028736
9.774287694697069,7.788833290881112,12.854619300938277,0.6537108212419359,4,5.238497492261639,6.908885830205291,10.0
13.450269188969383,3.3885620919586277,13.630772318748013,0.6862811407339571,8,5.540255313553851,7.3296465420367465,10.0
17.846697395245084,5.661801174306574,12.7358026946489,0.6757502896881348,5,4.817731835230298,6.643712125429874,10.0
17.37388066497119,4.516821411070852,8.7811667592222,0.7266677163685179,9,5.774800419968258,7.197099868598242,10.0
8.431737357970118,4.964195382407012,8.487674629045326,0.7626302401975021,6,5.658256360719568,7.819069911432134,10.0
9.648148157294372,3.8982560897767096,8.125071438846206,0.6594177306374481,2,4.4213399040557855,8.102356604547406,10.0
9.31728773454562,5.890360510062063,11.772471354968426,0.6427442305644034,1,4.967181563619413,8.38094752452395,10.0
15.259799099852955,7.789896766244453,11.778035911159323,0.7333790541740685,1,4.932595315645014,7.951482665064091,10.0
16.177853298569453,5.515363001358045,13.921482285309274,0.7340640131661563,9,5.727907734396663,6.3618668417019615,10.0
10.135113663106718,3.414572906972406,10.388259044624574,0.7802262478572344,1,5.399232733550736,8.302765284168562,10.0
13.05852692951829,6.100006667387042,9.99143770938498,0.6031891372906621,3,4.350778918005088,8.41272893788655,10.0
16.407030280112,4.701114972256285,11.746549563106354,0.7706081324233021,2,5.1727098068294755,6.0923846503995085,10.0
15.328015447662505,7.2796259479564895,12.953652035045565,0.7042004345896714,4,3.409341401892965,7.1095768459424535,10.0
13.422372054918483,5.1733907415823515,13.62064369713801,0.7242604178344197,1,5.143342205053735,8.68835445782278,10.0
13.903476904587729,3.964198044711228,12.818744997074232,0.6182742881122829,1,4.318374117979375,7.754059302805896,10.0
13.0836054691628,3.955528113455725,10.560043883694828,0.6865229865744091,4,4.165581619444341,7.370906045172551,10.0
10.975484513188206,6.843820903605802,11.809485411872386,0.6454604814477047,4,4.701131780179499,8.37931241417496,10.0
13.650219928590161,4.3279379915368,13.137795960296701,0.6508450060165019,7,4.071873180137265,7.726065906924334,10.0
14.888853020500907,6.836166970796115,10.943658129870437,0.7008190229352055,8,4.66591675477937,7.389566839479169,10.0
16.733229158608076,4.029436553832997,9.300119862232357,0.7624911900806225,8,5.565244233044973,7.31666812943234,10.0
14.36291353979248,4.608431843506547,9.018340638487238,0.7487561860289712,8,3.736326073093453,7.922725638436073,10.0
15.61121537043158,5.327434862198497,8.00094646746834,0.7181999918171907,9,4.811282438008883,7.288922493744525,9.976179299424246
9.60071634954573,7.715979248467254,12.309427969887706,0.7078836385506935,1,5.0309690697977,7.877645368634946,10.0
12.615574744197898,7.658657123769123,8.666583253075943,0.685461208646898,9,4.966721413073904,7.893619328026627,10.0
8.093316198270934,4.034359377111439,9.463034598175643,0.7945419947122773,8,5.422438671731917,7.693843644477676,10.0
10.46678864521623,4.791095206215364,9.78725798913676,0.7120385108468467,1,5.4160313664868145,7.173834909407545,10.0
15.264617151130048,3.7469969422688614,11.36227916082061,0.6507932796624444,7,5.487842224558618,7.3708556131284535,10.0
17.918099513493633,5.5499253965674855,10.387743663774616,0.6460181584080079,9,5.840448596730061,6.042048491600019,10.0
8.991780995872158,5.302912753473333,12.04804395213897,0.7222706061550284,4,4.89383394085741,7.700341870475802,10.0
12.014943158612883,7.503800812253662,8.333831955972217,0.7045655054621858,9,5.716186292863811,7.4366453500231255,10.0
16.000709686991595,7.650026888955363,8.743635165586637,0.6015395605909425,1,4.332268782216671,7.949638705383095,10.0
10.040356346288988,4.91783695503646,10.9952690211996,0.7660130744391559,9,5.3787077676239425,7.437090855097529,10.0
13.550849493022863,5.458689715094947,10.02178872708098,0.740824470846487,6,5.273832466389874,8.409132160929039,10.0
15.330712960296747,7.4811812457306655,9.774880176508159,0.7323658579356207,4,5.856879247627488,7.747907393896672,10.0
14.15985450260179,7.033539038725308,8.402168474225137,0.6137561315395318,5,5.221723944197391,7.874119473233112,9.345000159626174
9.880247346154162,3.018281556723246,13.37431504848801,0.6724111700344982,7,4.676149837510054,7.898545747474641,10.0
11.553845686857395,4.600297820917913,12.150911516750305,0.7870764521465573,4,5.251573988770415,7.061719984524619,10.0
15.837917844853973,5.108871209680629,8.729708940917897,0.7725178482682727,8,4.818774910114308,7.011436045664031,10.0
13.542265141320167,4.148581418416159,8.390275746422844,0.6571085875739067,3,5.250754975112001,9.50652507129162,10.0
8.052296135429128,3.997858079479694,13.849235200587458,0.6314117768198277,2,5.63139649312877,7.327320483306305,10.0
15.609907600280938,3.188922532978398,12.087035302637029,0.6898175914337155,1,5.568153998372071,7.553804592819001,10.0
8.35311354940239,6.216848625348803,10.504736426562449,0.6711660757335322,6,5.456660612206937,6.375930026882989,10.0
15.45733782731232,4.312551452415828,12.210386244534709,0.7364452753411982,2,5.303444935304771,7.2806668229667615,10.0
10.024805601652375,3.2617358921565653,12.537990718880955,0.793286962016864,8,4.717876125324157,7.626589110843776,10.0
17.580734801193802,4.154896552640318,12.679773214332677,0.6726002899965123,4,5.831169221103846,6.072499445514172,10.0
11.679407513020845,7.0095697641806325,10.867263833918345,0.6124448345304484,9,3.707138448789207,8.282104426404619,10.0
11.269316163380791,7.257445908232733,10.579296548749088,0.7795228016684771,4,5.179243934259605,7.759833747909335,10.0
9.488880503324447,5.415331225966513,8.066168505613401,0.6075899460479741,4,5.326070222253825,7.322369265491619,9.938093000332872
11.05604215490215,5.0803533520434305,13.559342690851029,0.7905531794306666,8,4.930005910415642,7.220302319270056,10.0
16.766507618282006,7.889268467508908,11.619847270333658,0.732915885601808,8,3.9689321153218353,6.311107735807831,10.0
17.963343376272473,4.002823297940349,9.218923623139808,0.7883378416883898,5,5.095128017367079,5.730277819143434,10.0
11.683095305068484,4.076796414273042,13.51762051652862,0.6399319373297957,3,5.382969210025443,7.823769888274648,10.0
12.486106309545425,4.459335885181999,13.489591410621777,0.6081399590507615,2,4.299737042691041,7.740765655233944,10.0
15.220709382027371,3.863786591405437,13.935104986196576,0.6976419956552984,9,4.072399700686529,7.167957594188756,10.0
16.861957804650746,4.896827991020933,13.244339378833873,0.6901246829140251,9,4.5352939192697255,5.976178005388494,10.0
13.930443341867841,7.554171134948769,13.986706326920388,0.6662984546509766,5,5.30504581203259,7.310856999344143,10.0
11.915256981778294,6.076739203142871,9.468117128739635,0.7915312948777395,8,4.989122561300974,8.063541136645075,10.0
12.126218408486238,5.059732743061319,13.053497511195404,0.7645167464322865,7,5.454445194481481,8.728744369538308,10.0
14.956181464968068,7.672053972856074,12.938169852774587,0.7323164042751187,3,5.126735597271619,8.363371890553283,10.0
8.032182636042787,3.2423211623791115,9.385642155324403,0.6325716583275656,5,5.1087031274688135,8.212693995894824,10.0
14.195893374598407,4.051380889509307,8.590625294005944,0.746864681643705,9,5.634856877913861,7.890557849935579,10.0
11.554930104413573,5.829443025508795,13.876523082065598,0.7454024909399448,4,4.489505413128785,7.962359413098787,10.0
15.941973312770843,6.077763115965896,9.776147309123662,0.6850136347232015,3,4.490178864145586,7.540116531955595,10.0
8.92990639823132,3.1977875328130656,13.225350742806837,0.7849571819428027,7,5.406995620884269,7.349652600259031,10.0
13.882022669483906,5.015193789535661,8.024762928047624,0.6333955764458021,8,4.915976070493147,8.224278087950397,9.982748461482723
12.809728898861238,6.2457698241543635,8.126148843317614,0.6534675124823328,5,5.125038084971331,7.886820972595133,9.919865502231726
14.423255259052274,6.4903527320170085,10.795227852178211,0.6126448678501267,8,4.565263289276121,7.844817056059997,10.0
8.648535944829684,6.190699512581347,9.432288103610382,0.7590901916355175,5,6.061232238197977,7.073791197719662,10.0
13.799837874281312,4.602816121804623,12.139047700615786,0.7243518772190795,9,4.378650332135904,8.320301033683213,10.0
13.614845879595237,3.4676006179895476,11.393385953407726,0.6629880611362499,7,4.152214030782073,7.377082390349962,10.0
13.606600944161709,5.135562232096671,8.464914784702948,0.6327627327188631,5,3.7207824080055163,7.552877332466741,10.0
14.034876665964548,3.6437721868402773,8.975769777894303,0.6080295540057481,9,4.595981587988975,7.62490141972352,9.744433695889997
14.764679372263622,7.738118292603335,10.328295620350486,0.6333491137251873,5,5.176283888869102,7.1995847930270305,10.0
16.049889996807696,5.375854330113142,9.1136243837326,0.6906569292675316,8,5.2760936107051295,7.463145381261588,10.0
10.698207201282143,4.586295871784338,12.753334083463571,0.6494353938021212,4,5.059530515345014,7.980218065265493,10.0
16.25049410180062,6.831520355594501,10.49642141331968,0.6517964354863933,9,4.711684177159289,6.60860844115031,10.0
12.982556822634535,5.489742962911319,8.560591201054995,0.7751152733335429,6,5.318708864957585,7.691052911631463,10.0
8.770582791343312,4.55017012006225,10.906057413632748,0.7030275346922201,6,5.356678383328681,7.54858348172951,10.0
8.585509292439792,7.059838711954009,8.545029086368485,0.7458503946256829,3,5.564159331325264,7.521174538353812,10.0
11.342383186960609,7.33576075500561,8.773623832518902,0.6071421898056286,3,4.223741634641873,7.5009311410552755,10.0
15.848969771114675,6.365040831443385,9.437658992169231,0.6730326711356057,4,3.9498954849015973,7.267454391638534,10.0
15.076809347409158,3.2348221120383363,13.157166231484938,0.6958338694790883,1,5.21322170482082,7.838269693262334,10.0
15.886149646724064,5.8316144008326605,13.547675193997831,0.6372833710420369,6,6.14551162868856,7.0932333734795865,10.0
13.172690564416094,6.816474559986408,12.957546375992415,0.6240383082891077,1,4.913669117307139,7.418377793960436,10.0
12.401989979554905,3.682515060417911,10.004463304507084,0.7740607556999686,4,5.150941968841193,8.65803151369268,10.0
9.47452526706284,4.143353756923017,9.63467864665299,0.7878863254199594,7,5.560874057000822,7.99545738257031,10.0
11.281927536093116,7.412475525340682,11.294934144741434,0.6157613396090814,6,4.854436985531519,7.766538358769974,10.0
12.340193661738752,3.10060860926537,12.331118963198675,0.6698037425084886,8,3.944266178974729,8.041904327438651,10.0
8.886004296796173,6.76363568912988,13.96023672896105,0.7916571256288948,4,5.652067828239798,7.337396810286807,10.0
10.206119527112113,5.3688664625721145,8.789424271273557,0.6166323466264929,9,5.749411856012877,7.344240135972621,10.0
13.982252940637387,5.233860794198034,8.295751994142826,0.7287282745757453,8,4.976925502453928,8.144997495511317,10.0
15.356631142391898,3.0354826624744358,12.166135333971626,0.7944442741934011,5,4.7118000168846805,8.269634530411505,10.0
17.983475113929497,7.096991154832464,12.993354701023433,0.795644733716275,6,5.563659491419198,6.662785040212086,10.0
17.331133313435576,4.799124503182832,13.078092679198539,0.6942446661807486,5,5.153529278010269,6.7019242585176615,10.0
14.425651995351915,5.7038281565027145,12.070781294462964,0.6325498215564761,6,5.4002374266870214,7.5474389932854855,10.0
12.21248053294072,6.386503431678297,13.724094824715122,0.6404168629954877,1,4.8562763431406255,6.666744337417385,10.0
14.361773647082327,6.513147882189579,11.06602858126752,0.7779202790248789,4,5.10611791303564,8.505942489475123,10.0
15.85651618080232,7.779900294130361,13.482888790017276,0.7823366008659473,9,5.471237379554871,6.92313807164389,10.0
9.183361909233874,5.656699766183046,13.806872821949138,0.721575928774711,4,5.593601965750653,8.020087461081333,10.0
12.099048896962882,4.998597754872138,13.082944742018647,0.7532352798939823,2,4.793555101602487,8.470199846174543,10.0
16.39802285635617,7.7685181324585395,9.858551379551724,0.7479862502940816,6,4.2433155963682925,7.48943145660871,10.0
11.83832951933044,6.2105511751276055,9.177293907021772,0.7323643195978214,2,5.003854137363726,7.299239301309632,10.0
13.718722712271866,4.490751781382778,11.28872038989091,0.7654553909743879,3,5.186151771456758,8.343797438670876,10.0
13.877693608621982,3.6323212270178558,10.71808850228113,0.7370813246080642,7,3.9237467061929046,7.586241888520272,10.0
9.844762531336393,7.212772507325907,13.266550053156397,0.7068004611494999,4,5.291623859411865,7.7230185480597635,10.0
11.622354416522883,4.810908013970758,8.600190026402922,0.6473912725176314,1,4.809833060416732,7.933013711252115,9.675799398502456
11.345112887419322,6.3023486068221555,9.546440367869112,0.7487776288237238,9,3.7030732853240473,7.6705472837778235,10.0
8.261967085320649,5.35408209682949,12.510793667112251,0.6946875735676549,6,5.655319545494064,7.152092808634172,10.0
8.241917638913552,3.994648898975192,8.569919869863872,0.6589583368015018,9,6.185833250206675,7.36426340352406,10.0
16.316970436757735,6.008433043102325,9.9245864841302,0.7603892551483551,3,4.998473291787235,6.598057003551322,10.0
10.730708099728124,3.303415344753412,10.322932364323899,0.7393427200706056,5,3.881431250505269,7.102880598492117,10.0
13.180787662388154,5.066712299355961,11.73556277937614,0.7874679126249401,9,4.896729494086923,8.377122704314347,10.0
10.98725573588773,5.733074698318355,8.948795874316188,0.6330883280037756,6,5.430416061583484,8.093160417248455,10.0
17.406792451153404,5.180234870592895,13.163626942098258,0.7298378569272986,2,4.788285266023574,5.606749911223008,10.0
10.592967588657737,6.743360876254954,10.685253412797646,0.6488478936176352,1,4.82185153975864,8.10418853789407,10.0
12.296568127389351,7.139624772726562,13.502130271283338,0.7807165970603284,9,4.56397816460673,7.9046747686042425,10.0
16.72730250484602,6.8562153701658906,10.807219481803589,0.6198998828513231,1,5.107001087952363,6.231530860561378,10.0
16.419335667918087,3.1940647390590104,9.6502415536444,0.7312323612889755,5,4.801917324778103,6.75073213402072,10.0
9.861014178462773,3.970643852229861,8.85097297212605,0.758217144305606,1,5.737591259864457,7.955869641530357,10.0
16.026433097957103,5.683037546318872,8.022470568267709,0.6709835680729415,5,5.58076118202701,6.693094290681319,9.39846302060847
12.581868867378926,7.674110202219007,11.192944909909013,0.7908276158767619,5,4.415851702150833,7.474376570381656,10.0
12.829688720853552,7.174783875260585,8.64294018156154,0.7701461369172075,7,5.383092780814923,7.682242524800658,10.0
9.334799724159438,7.212672541759009,10.35036658178707,0.6589236599369807,7,4.356399759533185,7.1725359532512165,10.0
8.806015137571247,4.516040968798374,11.53563056742252,0.6015082185431997,1,4.9104979817999155,6.93879319459675,10.0
15.279393069737651,5.147239485393513,9.6541153814162,0.6593314352236122,9,5.126490543382371,6.90261260434812,10.0
12.964611523552998,5.353529736579687,9.051345754196692,0.6562620940941485,1,4.7494832882267595,8.16995568697661,10.0
12.368507026151796,3.786857916749552,12.64832973565605,0.7779929215001818,5,4.801889382241289,7.539738839810817,10.0
15.295082286523968,3.1553406512222817,13.680747033689723,0.7934242356509495,7,5.006260954678149,7.998178680934724,10.0
15.655128989911098,7.734514497302584,8.602642507171796,0.614087997194052,8,4.62168803645736,8.410311416706337,10.0
9.589081676693535,4.203562928317534,8.933541946310047,0.6942589657066633,2,5.749076298878117,7.627960804450402,10.0
14.102251494776413,4.199744518618156,13.760075943516313,0.7096663997059591,1,5.067712762171152,8.787560715398525,10.0
9.353540822776855,3.4168952688437977,8.226705330873477,0.6185823322659406,4,5.126919162620158,7.920979499110358,9.741480317047781
15.513750860290457,7.642538759718892,13.865794019302832,0.6754995418275045,4,5.309315992128666,7.463773668576888,10.0
14.569551562671395,5.89868557469886,8.027866898509933,0.6634164834785902,6,4.977588564749969,7.6388274418296485,10.0
17.566146210834578,6.335184285626769,13.242011933907989,0.7072112708654175,1,5.12006670574946,5.473196058587027,10.0
8.689580163564212,7.557884436315263,9.843951085926497,0.7322381799463876,1,5.208126650403735,7.2268818960504495,10.0
8.570547211512544,4.728100844503947,13.63153314906378,0.7406970220993133,3,4.8099543058946495,6.849577410601283,10.0
10.821870746932001,6.10753655569042,9.901671731813513,0.6273510047226775,5,4.587251402915525,8.368221994886742,10.0
10.61705683735906,3.1939972736444373,11.925837929204336,0.7625895403889243,6,4.83272406507069,8.760953966714343,10.0
10.469787990719999,3.9338626411556468,8.48019541859562,0.7357084059581518,5,4.992040402843456,7.990203776678652,10.0
17.062545805210366,7.156229025449712,9.453978868722434,0.777814983349344,5,4.665935656957336,6.844468412272589,10.0
10.495461998495061,6.833841781691679,12.642076078875505,0.6898672118870868,9,4.965924198308648,8.368079210416052,10.0
10.71949726128631,4.753213457285734,11.172115122072919,0.7787779525444384,2,4.638031079575791,7.97726595819243,10.0
15.593982624179636,4.884053138871062,13.56781437072227,0.7731548244712151,1,4.500878769915869,7.955684950399692,10.0
12.4973984245054,5.667772167767898,10.572508450048126,0.6876818664718539,6,4.984072697084217,9.170094157859722,10.0
15.767105569551813,3.0012050234256726,13.218874194883538,0.6762286630585957,9,4.967961922537143,8.012567513953936,10.0
8.653661575643852,4.206221680190139,10.693732624869424,0.7865624029940514,7,5.293868599328384,7.128762781636466,10.0
12.875711936733843,4.041159043041072,13.875489672211911,0.7430329469076875,8,4.965557169676741,8.381388717728916,10.0
8.336136001832827,4.252414733748817,13.75900628839326,0.7856490692876151,5,4.811615685459246,6.994904828569405,10.0
8.626532034553545,7.029529212667207,9.974820233336482,0.7593949557791626,4,4.767558518457183,7.320520905615532,10.0
17.06437453344411,4.398369282732216,13.31554202250082,0.7218594878582829,6,4.91918430423574,7.5394672189193335,10.0
9.392453711175952,3.957606610250741,13.085668245293895,0.6231705554007528,3,5.0809043751973775,7.161503280980167,10.0
13.32420682275217,5.521317303965158,9.264082383965377,0.6582961345158197,1,5.048819299944493,7.714154353280846,10.0
12.110956026007065,7.32822518186366,11.745742404699618,0.7937684814196784,4,4.397623533241281,8.570588236662239,10.0
11.473433262588427,4.206748519187499,8.436093893538889,0.6638844197428408,9,4.4671743668143,7.557626247833032,9.972199500995446
16.998333456872725,3.3926812139639937,13.02026432350077,0.6186509739570741,4,5.6141114535643695,5.79214239500638,10.0
8.218233967754895,4.782023679248324,9.04727530102098,0.7415106711838639,1,4.909974281656037,6.539114686099856,10.0
14.637896861755891,6.738259122824889,8.424888208314588,0.7468008509087368,4,5.225645680149369,7.347707762181886,10.0
17.633944342135504,5.753452723473973,10.401314573232867,0.6570915440574302,7,5.225868382723397,6.3934824046447245,10.0
13.60168183461842,7.0839668478717375,11.46153283159786,0.6595343958692608,3,4.279745626869336,7.719989400686074,10.0
17.368224620330917,7.79796073804617,13.129501751358626,0.6937785971017568,6,4.607040843057703,6.303168148341848,10.0
8.522578792860237,6.963312383758085,13.84545515313042,0.604357789952451,1,5.267560535851252,7.433836282695232,10.0
12.187933190741614,6.019015394218767,10.636955075419182,0.7578646020722327,4,5.032338789282565,7.749797834549384,10.0
10.601577909620511,5.4667079402619025,8.362681537911621,0.6634177574548251,3,4.883681609893567,7.554054345251813,10.0
15.308209649807297,3.2003454317413333,12.494693474155223,0.7707526204003956,1,5.242323507994463,7.567715720387224,10.0
17.812970904972467,7.921609894070206,11.391039537343625,0.7605260843200068,3,5.712973443899302,6.3680254572179615,10.0
10.565300624442479,4.917405612875212,10.687348069066779,0.7322804066237566,4,5.299209869801724,8.405042639063842,10.0
14.541746014740745,3.761141069584334,9.855613272753137,0.6649749734198578,5,5.134419750150546,8.686509242760483,10.0
9.980976327597402,6.333544276982284,11.014391167061214,0.703263312332234,6,4.7370797188893645,6.7417368012307985,10.0
13.653302545716098,4.421441445477297,10.032077626742186,0.6889658515195918,2,5.060383773338032,8.122949411410028,10.0
12.639324866883362,5.928891354655238,12.542071206484161,0.6677763772497348,2,5.7466567396674275,8.059068490011464,10.0
17.72005329631537,5.933839539222956,11.263362178955846,0.7696272578606357,6,5.73263950691587,7.003163227037331,10.0
14.085272726964666,5.2286491045143455,13.261086644924672,0.6967014149155331,5,4.489773762341695,7.52893511377959,10.0
11.495063720868188,7.180593077725213,11.261263487896652,0.7665446195594293,1,4.478048670731517,7.7987488307359305,10.0
9.140957848879333,4.3248353077772155,9.42957448003958,0.6210436948283649,3,5.250907404678759,6.945604026014061,10.0
9.512468287349346,5.2431629580886705,13.106551293392867,0.6282049577200671,5,5.490005706531573,8.203177607855782,10.0
10.25316929951235,5.688460642954857,11.343314269580263,0.7954640610225954,2,5.0406193972887845,7.915430095516079,10.0
10.50966661340298,6.318123603836498,9.241046228861368,0.7175536925212179,1,4.352263001421279,8.452123492126411,10.0
16.50616057841138,6.919859252527948,11.741046859737333,0.7019539346998098,9,5.347675066896686,6.769327552250666,10.0
13.612227882825248,4.97403641439128,10.146300589654565,0.7046312126288223,5,5.13810568088879,7.534122497817356,10.0
13.233909113743664,6.23023472048298,13.066433673752394,0.643053754806572,2,4.22807528782894,8.287481287045582,10.0
9.147688718692175,3.7530547653425956,10.719798431879257,0.7437407899003946,4,5.672667378663468,7.423923986095782,10.0
16.60139693349435,7.663240502712393,12.3586481486445,0.6169561247459509,3,5.047802412949797,7.256985522914627,10.0
15.228143032084837,4.915294032105018,8.573217245817423,0.7146647426206046,7,5.018066021158566,7.734395800815609,10.0
8.676683619000016,6.647607109882192,10.376146077814077,0.7141537593171803,1,5.569399384197584,7.501227444290825,10.0
15.078350972297686,3.1017054094108882,13.899448618834391,0.7828376848267022,4,4.902047416268781,7.222417550081662,10.0
13.435382173426461,4.025935714524035,12.85076173686289,0.7052365620209721,7,4.46741208585443,8.075857277106925,10.0
8.817253457467782,5.43541272161789,8.959644814201571,0.6274125391948359,5,5.528511135363362,7.11409679977444,10.0
12.583006415286565,7.391262338661733,9.66658429686353,0.7145506518496325,4,4.706590616695471,8.031873620265769,10.0
12.84696287130047,5.636275749753386,9.978894853138167,0.6182655288730664,4,4.8385119429283945,8.805534575612949,10.0
9.657745401632758,7.649352411469395,11.902193362972675,0.6407587670599844,2,4.9355501262638395,8.345731859733842,10.0
17.456981470002823,5.418984482913982,12.541968556937933,0.6062217168374832,8,5.374366115230717,6.256918413801444,10.0
16.49975371480662,5.45224548367975,12.497159652847458,0.7026587164918997,4,4.967217354925484,7.123927580725403,10.0
14.690223373291083,3.598733942502659,11.059244337838416,0.6169065230587144,2,4.220774362774497,7.369901035122323,10.0
12.622955610006072,7.013281220761099,12.864923227028907,0.6938788757062658,9,4.950264174721263,8.121467324718616,10.0
12.117655415845086,4.234827062335312,10.622468496544851,0.7865890070648288,7,5.251176466501666,7.540981344349825,10.0
14.509734671509541,7.498062446861575,8.743283391773371,0.7439522826038665,3,4.91352182949168,7.357189079805311,10.0
13.454318694069055,7.5541211016519805,11.386651049922879,0.6154823348450585,7,4.581836340182595,8.831137902806475,10.0
8.622731058818855,7.716550559370749,13.71380830760664,0.6448419624417686,1,5.536572484184962,7.496039800165878,10.0
13.125026487703316,5.60115244551545,12.757961908355067,0.7347324839786868,1,4.3380338400576,7.712096358988819,10.0
16.064036172328393,6.385468923918221,11.472203886153455,0.7789403722048368,4,5.291763799481499,6.110388898222798,10.0
12.592398775969581,6.892579400308318,11.88083396209458,0.6065837173527907,4,5.130178015659828,8.066260626805912,10.0
8.519565775542684,3.655073093252328,13.583372162213436,0.7624902263441188,4,5.349280886013254,8.487260969754624,10.0
15.862781993840331,6.004785974987486,10.570056766609763,0.7123627760676617,9,4.9262781872955514,6.968763301658455,10.0
10.013637821359744,3.1714895065165583,9.988364833655824,0.7092182650592785,6,4.497243841705361,7.610534292747348,10.0
10.586208348880387,5.48783041694363,13.863449390002694,0.7915626365506716,3,5.190454326642609,7.923978792565063,10.0
9.647063534322958,3.774213408101137,13.180658801062,0.7495289225193547,6,4.9681571680267735,7.406650578985373,10.0
11.302150648714976,3.9146146298104236,9.938261507711614,0.7700237736112224,2,3.5287952965129508,9.079900775757476,10.0
15.56751505688635,4.8252378334630075,10.782683584165536,0.6707991139089333,2,4.881943187222889,7.853882330176669,10.0
13.193858595039373,5.162185833582515,10.490468774046795,0.710872808165682,7,4.621314397787717,8.2767631108321,10.0
10.048812741507126,6.115862122660936,8.894574072028604,0.7230811354855542,3,4.494406254940266,8.866805934189607,10.0
16.778300781520407,3.372142092192578,13.746915942879554,0.6643167880724931,7,5.518501540843023,7.711174235853754,10.0
16.795818549515293,5.5184588061872235,10.425874587318553,0.7140496249894799,3,4.819708131100328,6.889293989936345,10.0
16.70578425046007,3.9131256512655055,13.251974495827447,0.6473310758959427,2,4.652307650763506,6.75321281246795,10.0
10.387962113815393,5.8698758751587095,9.13613736608399,0.6286751342136478,4,5.488454898748348,7.725476512979787,10.0
12.51239344180988,6.187023061305918,11.287224863823319,0.6747940518554665,4,4.898460872321282,7.715853557343407,10.0
17.84989656140875,5.783546282764269,8.14376831074562,0.7478579257492874,3,4.799738384108401,6.179417972773313,9.818498958438123
15.720124763099903,6.691477552391539,12.585322903053852,0.7832374296147776,9,4.841386936151819,7.052217860239147,10.0
8.271674212255599,4.678046221204506,11.48548338947767,0.6915428102996465,6,5.0531122739660645,6.741909277044792,10.0
8.65204591260492,6.825532958165654,11.753537500818517,0.7285647376550863,5,4.705439461040832,6.229498086191857,10.0
12.639313768123328,5.163835408540969,8.310325295327921,0.6206074261950201,6,4.02606395308069,8.502395143937832,10.0
17.0922020586156,5.420922491612984,9.266229981251692,0.7808927517104658,8,5.442519265832362,5.372962539699893,10.0
13.387017979527142,6.240510636305357,8.445985234121482,0.713720842713987,5,4.279732452720872,8.081256109331159,10.0
12.978125080342902,3.09179191999612,9.73348589482287,0.7560676495250315,4,4.188804926077545,8.43657001328473,10.0
9.054736999566305,6.269971107101242,11.764634046092906,0.7588882401842788,7,5.112828975255141,7.786298048315742,10.0
14.567801047242941,6.092925745360577,11.39711590590425,0.6512961052736211,5,6.005948292434084,7.596306870134702,10.0
16.221031606002256,4.5492355837664,11.672898929680342,0.70583489063637,4,5.160441305604222,7.217439822299962,10.0
11.804200075075624,3.4289714244974476,11.295507628267366,0.7920959503121955,5,5.157291898503805,7.7806257521534485,10.0
15.756118509253275,3.4546772495652056,9.638172774055157,0.6179269089641656,4,4.379065356466121,7.248244040403651,10.0
17.644766539008117,7.616118734926143,9.46704498406655,0.7366099796059127,8,5.448310434924743,6.249450066821103,10.0
10.03766459127689,6.446396606129186,8.822358101219487,0.7924528156070344,8,5.000190541189973,7.463918635418872,10.0
13.233296311947413,3.635513068853702,13.094425249420953,0.6601154216108044,1,4.325302979077516,8.518601519943253,10.0
10.871379580845755,4.7836158465445315,11.698876151247466,0.7722895842808697,3,4.74969612086355,8.37194194521008,10.0
15.928544190338393,5.962414969507982,9.119066075024358,0.7867315090816543,4,4.557467358753827,7.153392492556519,10.0
13.775933658811574,7.177858525453243,9.063256278927437,0.7494172418789651,2,4.748469227101544,7.866106110095213,10.0
14.345824175503038,3.218304643565043,13.23821360915682,0.6462656624613916,5,4.599133190724822,7.351548697596816,10.0
15.979141596158941,4.183165657350044,12.456385182579917,0.6668001437653188,8,4.566630636944118,7.38854484508229,10.0
11.95970472662455,7.4487449514769,11.956394479432229,0.6071618588835461,2,4.609993374363465,7.94794276114787,10.0
17.150900684070432,3.0458277509190825,10.441184645235799,0.7662906468490711,9,5.547078229786639,6.508356085457544,10.0
13.3302886724614,4.006995513969437,9.571853385671105,0.769922237302216,7,4.0981009692927275,8.039783346168468,10.0
9.579548228353481,7.79512087986483,13.876704578676943,0.7265420619932386,6,4.824299898860722,7.749467328011545,10.0
14.958991181688024,6.067009232610856,12.783437450136802,0.6705055702527702,8,4.917247717402886,7.139016826276569,10.0
15.932613504382545,4.308356833187532,9.810675338817658,0.615362205527984,2,4.575220187489422,7.676495711172001,10.0
11.167616770675266,3.334955471979238,13.085388777670968,0.7506115219829819,5,5.440375466747708,8.457969301538974,10.0
16.57179256998753,3.1409567022361107,12.553591691688089,0.7453052387219846,4,5.55966862813022,6.614501754243125,10.0
17.061432547657663,4.223725398184636,9.78248329926799,0.7825205043477802,8,5.6885581447118225,8.315487296773993,10.0
10.769044873778089,7.4074290979445525,10.559317125449837,0.7461064042010724,1,5.1920155210974555,7.451807507016153,10.0
17.83521472715222,5.079568271487547,9.11572067234616,0.7657389884488004,3,5.763167548373213,6.60541055489614,10.0
9.407115280487584,6.601666845829965,8.666314666268656,0.7491909235808,8,5.141063183812691,7.945161672227535,10.0
10.020156684024899,7.591425176899789,12.33657219703818,0.7261374376624633,5,4.713332003721327,8.164151058098602,10.0
9.842248392380261,5.0402023080140825,9.6050711441232,0.6853932788382019,4,4.778525518096758,8.621822741789593,10.0
16.939897100078703,3.9563868551869854,12.920356194477522,0.7804234617284556,6,4.281317457349308,6.642907604714893,10.0
14.542925523249618,5.585589654284598,13.973652269086557,0.7301937143814939,5,4.535874484940067,7.697889701974889,10.0
9.52104283222273,7.540418435299272,8.459718883577892,0.6796710643931818,3,4.957681136696459,7.905103763478261,10.0
12.40323418368349,7.021872070688503,10.838210750502201,0.6166938590363914,5,4.607392713027375,7.149971201437786,10.0
14.15298025069802,3.329149216815769,12.812375355864818,0.6581409711808764,4,5.948028370893113,7.836030929299914,10.0
8.834640849893834,6.462864000387909,12.7337053792474,0.708745346966033,1,4.911073216721694,7.69942390752324,10.0
16.824163684073387,5.859487612294769,12.55998294998581,0.6551270740032389,1,4.922576236962336,6.482111342983207,10.0
16.03603535441535,7.537315881732128,10.093969611811465,0.6442470695835805,7,5.963095397519332,8.277112859913277,10.0
13.052067735766382,3.612407084251486,10.723119534110314,0.7054787028175694,4,4.324994572549985,8.075545946161052,10.0
17.671266152591706,5.670180566023283,11.569810144048821,0.6339640691791469,1,4.716496481170094,6.023307036909523,10.0
12.177609792750998,7.397313467559462,13.843643501439542,0.7600820126650207,6,4.611328286858128,7.712504956173893,10.0
17.84110319036498,5.050118933708715,9.965283625630958,0.6968736302685316,1,4.930687904252235,5.898704062714635,10.0
14.67919998803627,5.409974588664335,13.538863326301147,0.7147725547925301,8,5.267180948789289,7.262648754135962,10.0
14.346712732539414,3.3523033883347915,9.616141509082965,0.6294766535194697,9,4.772727559307335,7.893535790472922,9.891513726389036
9.65954895295785,4.390718202244554,13.934446792842227,0.6649152671258735,3,4.524761353613138,7.940356733360249,10.0
16.81927758304644,4.622533245844736,12.021582120965551,0.6820179366522305,7,5.19086163493255,7.064130204835472,10.0
12.274896879206151,7.725612243724434,10.781068882151306,0.7616425661033006,5,4.797226200346829,8.334735817050543,10.0
9.622334057824794,4.413336802705795,11.68034256838163,0.7540319046172306,3,4.393205779650049,7.928692886226317,10.0
8.12607519975759,5.30434367634826,9.635187014241241,0.6445954949575363,5,5.703161256845322,8.338094710801665,10.0
13.597556836383825,6.356522117821399,9.645043145068799,0.7232358163214015,7,4.918445894422604,8.325229959329022,10.0
13.273996221226763,3.810916862039387,8.681327263060963,0.6486912715543995,7,3.993713778694354,7.401718086966508,10.0
15.193536223691586,5.432211935709373,8.684301786232393,0.7976494311380491,9,4.164624714035947,7.507238783789977,10.0
16.90258053017802,6.692695197379538,10.086030448813467,0.7904247756261742,8,4.873821713717202,6.234051617250694,10.0
8.794065846430295,7.33427606513533,12.57713286737823,0.7126529441041242,4,4.973779283993019,7.497087292014975,10.0
15.314964903403624,6.131296373312134,11.647827005588976,0.7397805143788286,5,5.082683450908316,6.74702005752337,10.0
9.874119440975822,6.34526757658474,8.615507361986126,0.7602860764417291,5,4.809281224931343,7.657183164207266,10.0
16.58177053157164,3.6314173629228446,13.113419149855465,0.7441996840089808,2,4.895242898310807,6.896437252411466,10.0
16.19063513861656,7.728882486231736,11.608205761940399,0.7399657382164841,7,4.382343970063148,6.449698560152087,10.0
13.407937549855443,3.6628703874224118,13.765133460708679,0.7917108015899057,7,5.141089541450047,7.90872200870482,10.0
15.102427986233115,6.873364685908991,12.021112804467245,0.7192912212614567,9,4.380798567833297,7.332097452378051,10.0
11.143501131837484,4.3240816088915945,9.051049182225086,0.7272605343638111,9,4.29463418669266,7.416377423400772,10.0
12.711678989328146,7.667965718506258,10.842700173846934,0.7698537500876362,4,4.70411421446516,8.436019024154618,10.0
16.216368977104718,6.599797696847398,11.890985585283225,0.7339781735716814,5,5.452844246052762,6.937348961547411,10.0
12.592651971732138,6.769068564891845,8.169588206299867,0.7465865244035045,7,4.909612260572138,8.545318393539242,10.0
11.577982653254418,4.095295865299416,8.089461584928847,0.6468337372393285,7,4.4768086505224,8.093707147436792,10.0
12.942124472502998,5.215199883175804,8.776418003591408,0.6742533848230142,8,4.468706200705771,7.760221907948382,10.0
16.282492524372184,6.0890659729464325,9.509986610272824,0.6294602691423786,8,4.252881710781849,6.599392480566657,10.0
11.352080473708728,6.849868091033005,10.577294741124053,0.7011530884669611,2,5.746824850612833,7.392214546966593,10.0
9.737615931357437,3.519796879561948,10.92464284255873,0.6911454801360493,9,5.830403414680811,7.837680789795127,10.0
15.120140203307807,7.811826582272642,8.82816565362738,0.7994325628558914,4,4.906644495629481,7.695485908429374,10.0
16.25978212708082,7.45110335277278,12.040349474694985,0.7222417305631085,1,4.917527469225884,6.672726446478117,10.0
9.006374785235334,4.351742952477922,11.576828370179209,0.7572889646388847,1,4.6652797591403825,6.947712534708688,10.0
10.398741127559447,7.11380121516166,9.76678459304696,0.6668029341515308,5,4.852095501735355,8.221428693235259,10.0
9.419719897609939,5.591619615199117,8.081959300611752,0.7663090662685593,7,5.571745850342374,8.038962574624772,10.0
11.479414115821665,5.3090324078100934,8.465887492119744,0.7230169932975367,5,5.134430983545235,7.57303671235511,10.0
12.503509789054126,4.572170529057027,10.350168653065037,0.7393984663196878,3,4.462024961778434,7.894989049508163,10.0
15.488263369633065,5.904842933157962,8.923846106994104,0.6588861555898908,7,5.206347884077642,7.65002721966328,10.0
14.51147584881674,6.649445588517989,10.260917636887825,0.7097276783391154,1,5.28685013978395,7.133576602383743,10.0
14.209285674784311,5.054664524813791,11.76909562706213,0.7268073946827217,1,4.70697508256611,7.317584448272789,10.0
11.523749466096543,6.146095965041461,11.283424567275702,0.7178189351633162,2,5.255837849286901,8.397722911677308,10.0
16.4144755308476,6.496564605776519,9.387055298824365,0.7830387422849133,1,5.776633907505923,6.580088432617668,10.0
12.712871673981645,6.555609085076429,10.062934947552515,0.7796545328985107,9,5.635857233022426,8.009051044557959,10.0
17.791049380151545,3.2598304906559012,11.684187190691905,0.7941968115753741,4,4.962594526236031,6.372325066308415,10.0
14.341421382957368,7.298739028425334,13.165130168260692,0.7334856012013979,7,4.918842434299287,7.127217368971209,10.0
9.262647415645027,5.29126657382524,12.519280632433263,0.794382826025137,5,5.515472491182368,8.116449481004576,10.0
14.76177562075434,4.312080408481072,11.320400161000489,0.7664956000063818,7,4.718423896953962,6.839348422374431,10.0
11.25104015431699,4.208822537398408,10.173757989898917,0.6541664280679919,7,5.418562683869333,8.11109057284781,10.0
14.863271966860975,5.415070564219752,10.190307665250833,0.6854871339102594,1,4.7648188738391015,7.360396552800755,10.0
8.696411481624057,7.434157697344796,13.276503861586377,0.647678488437802,1,5.235281868728942,7.505958433066493,10.0
9.748814371759593,4.891737908413234,8.235461456243279,0.600839432166113,3,4.394898122260725,7.6292650558113095,10.0
16.557372589057863,6.748628733917717,13.927895866521565,0.6376097506293817,2,4.133472264301407,6.395644855442074,10.0
10.271795570235149,3.484093654936093,11.986252465109374,0.6008121172573752,7,4.772777111503083,7.70099694280069,10.0
16.3704112524294,5.380283510755309,12.086826194434343,0.7439676922700981,3,3.4929893941165586,7.283791595522381,10.0
10.792760884544105,7.958430701963678,8.227987023828453,0.6851068595442399,7,5.4825517925960385,7.8057877520908105,10.0
14.428819100587077,6.852189013961685,11.633175649347633,0.6625149454155717,9,5.147000748539518,7.466804377078216,10.0
14.94150573509831,4.052642442203065,10.908668360542682,0.7523441782190377,1,5.089169356389852,6.575642573904016,10.0
13.12654753145053,5.507207368489554,8.634673441364402,0.766497354923929,3,5.224382616533283,7.492141754891056,10.0
11.053106766967312,4.168123818242833,9.667532064616154,0.795059907729976,6,4.684907001635609,7.5845086217043285,10.0
10.126443763710961,5.047804636312546,13.341886737281907,0.7284027169350482,9,5.085822025193003,8.243595615986507,10.0
8.331893545624261,6.900420118674824,11.299930495195717,0.6923057917080103,5,5.231505738839861,7.133268416945243,10.0
11.039464012407239,6.856124076452018,10.480499451043453,0.6610528603214871,3,5.379085902459376,8.207431344457873,10.0
14.53162790531283,4.140501889511926,8.436092935044865,0.6444636418428452,8,3.4339134544259444,7.290993538833476,10.0
17.383048184484828,7.611116590774301,12.284729164413834,0.6425851900965203,5,5.71309443319336,5.518937524317819,10.0
16.71204482263052,5.9628409138241345,12.217104940376196,0.6818378749439598,6,4.0986531536190665,7.381502716194776,10.0
15.660647765353026,4.899621454810073,11.68426164183538,0.798357271057586,2,4.726120436799442,6.944612433931546,10.0
15.884473432532987,5.509677903904303,11.061575877323895,0.6001707394874807,4,4.337125091722805,7.712060272292639,10.0
14.649849034759953,6.025356267188719,10.602706413244237,0.6394411794462002,1,4.650601159339375,7.539884125375911,10.0
10.60286857566003,5.799452659228927,11.559626557927954,0.6376785964807148,4,4.613932981402011,8.59240611095018,10.0
17.071950307058298,5.432025177680891,9.40037271037044,0.7434238971064585,1,4.89360601307368,8.30540950021568,10.0
14.70732311905834,5.524664020447,13.647554385065886,0.6704969455196124,4,4.996958441538325,7.855202505963689,10.0
13.6044063098044,3.882059552139431,11.532767175081377,0.6914521609183641,2,4.781254046994026,7.188723176898059,10.0
9.10989469213481,7.063664521523397,9.86715466612626,0.629724826093981,6,5.701377525330611,7.857260676524331,10.0
12.470555438064254,5.708801599705077,10.698079105310944,0.6809994077753896,6,4.898175469308273,8.176728968577036,10.0
12.603582712019263,3.6553993085235152,12.834108733261354,0.6206399623811671,8,3.888073943262044,7.364603964174883,10.0
16.6456360952267,6.830785507913889,8.969696364381784,0.7066086575777166,9,6.171578988285406,6.591041517092301,10.0
13.466482201877884,7.662219891886754,9.757013734761562,0.6195876730765711,8,3.6743351513146822,7.672238206746071,10.0
11.804005489704096,7.73653449618481,12.077048136419332,0.7581016762346313,1,4.894107716562348,8.1749360776445,10.0
17.768003285106595,4.845088662055864,9.892935238893344,0.7133203435080979,3,5.624598494574615,5.878655952871322,10.0
9.107205933263156,3.67758436780377,12.755010091168796,0.7447935747547034,6,5.348816902196467,7.062248732261181,10.0
12.225484283119446,5.591998133165326,8.782720923064165,0.6837032773305368,1,4.603453529838664,7.411094485101317,10.0
8.420246751714053,3.563046146746103,12.57611702272765,0.6762982586484455,8,6.134100222829762,6.423083844360125,10.0
15.399041207669303,7.669937092563086,8.410110289103397,0.6196417778097727,6,5.356291391815403,7.736461493169134,10.0
17.180765521991507,3.91789813677573,8.075555676004969,0.7047711214085646,1,5.1001224110823635,6.699337005264808,10.0
10.800373295504894,4.2638292997558205,13.389341112992973,0.7029004329714185,2,4.634612638252202,8.322745981186246,10.0
16.58341676799121,5.033182634424852,11.488035301593792,0.693620408889921,6,4.5748684454395185,6.592373742019177,10.0
10.922182304618978,4.915822342795629,10.11096138252087,0.7481036729364898,8,4.472288168884751,7.569074605750845,10.0
17.10770161643915,6.973314461989445,9.395567821783102,0.7665008800064709,5,5.064088220330697,6.866855949573465,10.0
15.539619035967839,5.281584102754811,11.701314699564897,0.7501579349897016,1,3.984806515993247,7.818264727377611,10.0
16.049067768414385,3.8538413000166845,11.054013101220429,0.6287731485613688,2,4.884578606897741,7.672650007750903,10.0
8.180065556004545,4.336049477430371,13.94958665317991,0.7244119018564217,4,5.864967781524661,6.712551063830771,10.0
17.628103570740258,5.54556692593761,13.899295919922475,0.6160646211379066,4,4.938516514240308,6.889375037049886,10.0
15.266709920703233,3.7372695871306743,11.810147396849658,0.7389244574880953,7,4.767398290935492,8.2184435971063,10.0
11.047510953861334,6.058278378230071,10.657223036635344,0.6763678193122253,2,4.97711910192115,8.165561912168208,10.0
16.29394664858847,5.8287365327557294,10.946845814807972,0.6264997912532573,7,5.171842698339468,7.656950695053009,10.0
10.8152119841493,6.573511581911289,12.094874397421172,0.7724101713952256,7,4.7568350994476285,8.191540923908791,10.0
16.72753839566128,7.688523076896838,8.609447265412289,0.7228016678077875,7,5.892619461503246,6.3218065438260655,10.0
9.12580390411937,7.561272805505778,9.970112442864309,0.6709449935895055,3,5.199479595322586,8.054021162582837,10.0
15.036859774607958,7.730378090344157,8.451633446021622,0.6061454359300998,6,4.089026670671204,7.732923964007986,10.0
13.406984766449103,4.223577985118505,8.440164557101518,0.7074620518007221,6,4.4740684917685005,7.3909057740588135,10.0
8.965344701954407,3.657826533196773,9.175035451365403,0.7846451756972466,4,5.888117819523041,7.255552793338748,10.0
10.418938282588389,4.511383502482243,10.911519527559362,0.7192759665404732,1,5.531341022344483,8.081256709659883,10.0
8.124040362773147,7.475425863831573,12.708645926976736,0.7943301209238987,9,4.620883105280264,8.447502950048026,10.0
12.68767965464506,7.860267373117441,10.912975346995236,0.6272902236540917,2,4.530347349662903,8.876222577829667,10.0
11.012652607600003,7.29662475535238,10.01285966336522,0.7136610209189674,9,4.564456223601803,6.9513939967495935,10.0
13.983574842977589,3.550088605637718,8.494117942020548,0.7596250096012859,8,5.068901148955478,7.803683420166379,10.0
10.972378077086171,7.7371399902989655,11.301773139098778,0.7051081462251433,1,4.264853748657896,8.691524506821064,10.0
10.999191115069847,5.11679013675393,9.62761151889906,0.6182132711974945,7,5.610106307725791,7.7480991280757365,10.0
15.431931987316034,3.0465514538117686,11.689605067502885,0.7165772003094436,3,4.063848937107108,7.158472930771937,10.0
8.481428359783534,5.211968703740968,13.86312643479451,0.7223475811684944,9,5.3028154900630184,7.111645600468425,10.0
17.028949951919873,3.230345848377338,8.667885928865301,0.7457418496950705,5,4.474011842239576,7.1579038400813415,10.0
16.522638743911813,5.7193896058055875,9.27275239233164,0.7522423030330948,3,5.30023597870393,7.169532540747348,10.0
14.678046832264066,4.692770137185256,10.838567228596249,0.7541545376421215,8,3.6918431015875357,7.907915031640993,10.0
13.932215701073844,5.367174667970244,13.811682892075577,0.7326888787277932,3,4.591725110230316,7.715031162015476,10.0
16.923024981396523,6.065851803715585,12.630858657619974,0.6431622372837317,7,4.957699588302551,7.662783676324716,10.0
9.853301795287145,7.344005479089102,13.38937515897698,0.6808471511678958,7,4.581983900902786,7.612889360000344,10.0
8.789691621908286,6.309507882359643,10.002289090854758,0.7552259945228798,7,5.895316739136458,7.924647971728238,10.0
10.395101699095381,5.1702443423909035,13.952230842671568,0.7906853966801627,1,5.77751313995166,6.8332544515646925,10.0
15.945782787001903,7.0971392683518255,8.616996896384943,0.6157893929673244,5,4.669979208871833,7.202517384075336,10.0
8.346702667264832,7.527910687865661,8.317837436276605,0.7071073355594389,1,5.477335964494654,7.097701335648751,10.0
13.828068350834897,3.598799832160986,13.133615762324169,0.6625044542648613,7,4.365367945154696,7.884535237164405,10.0
17.9543751619131,5.659664887763958,13.563589221241918,0.645078778863366,8,4.675767432266215,5.415360208232053,10.0
16.556960938375394,4.4225597987122205,8.54351214527661,0.701162136703943,7,4.419580580191107,7.779293656334476,10.0
13.214456890435894,3.235305989384737,8.680564560475048,0.7212178681113074,1,4.1214626843564925,8.00968423799441,10.0
8.636409092866423,6.3427334755699265,8.199044946534643,0.6019544462838963,3,5.953047911224242,8.558997529253183,10.0
16.313735143857098,7.313853887296128,8.627045375856344,0.7560413144402383,3,5.148174084549379,7.46172232555039,10.0
13.989785081772105,3.81451327238697,9.256518900801685,0.7639764262518896,7,4.203039321129014,7.934493163933481,10.0
9.149329970595668,7.0620682881195025,13.820459713460005,0.7931021649135866,4,4.7599596688706205,7.601691830080633,10.0
8.938572848233562,7.266978667684708,12.007161333438082,0.636128746644939,3,4.747557780118658,7.863672130389134,10.0
17.096268194365923,7.571702213332418,12.671318153111253,0.7189105124721896,6,4.152193032914346,7.080451120214547,10.0
14.692002629380784,4.326425445430262,12.656836422149134,0.6853250746952789,6,4.981620716817535,7.889927217710868,10.0
16.292867993167555,7.519765325949447,11.210442498675288,0.6669655703110702,5,4.865806137974101,8.210150265046439,10.0
16.789789002822673,4.603313773682161,12.784933866278102,0.713126690287501,6,5.879961476249081,7.431605999540113,10.0
13.717723520483222,5.761690067277514,11.574845194339819,0.75647661864471,3,3.6293359250814436,7.536095475215059,10.0
13.174463517550413,3.2525373541614107,9.887276585620146,0.604610556689042,5,5.091529575053788,7.5341689776519845,10.0
12.304274103209902,3.219405441843718,11.366660652610404,0.7938800225132374,9,5.166911424988808,8.216819511010579,10.0
11.169465877911193,6.6018660636610145,11.20105151680708,0.7619763171411422,4,5.341320070251575,8.058822025146275,10.0
12.345959608587117,5.222399889888955,12.940718322555924,0.7502307407291157,2,4.818736457939613,8.13322563354663,10.0
15.738796557301564,4.2814618768460875,13.890363304289954,0.7520774764361007,5,5.3016240960999195,6.489961344929183,10.0
14.019234310151315,3.9520674801245512,10.466255392525584,0.6778121419237305,3,4.833661476556637,8.241821309308573,10.0
16.92523289954846,6.3497674542960905,12.580344070648158,0.7503241101689627,3,4.679451748978613,6.600351612556851,10.0
12.433800143791878,3.0020077201266995,8.598578024228802,0.6773540417205915,4,4.490335328132949,9.103701782299,10.0
14.07089578718754,7.0294558459842715,12.66098821668973,0.7797413659149587,4,4.469031465263915,7.903090617606731,10.0
14.313075530919887,3.396248030649644,10.228501471959392,0.6354444766612939,5,5.277365371365044,7.677337779385312,10.0
13.916971623063255,3.957448074540597,8.23634097733812,0.6584694848430303,7,5.316596566062256,8.062337778467997,10.0
15.026337730855163,4.931181976495448,10.179477071373064,0.7102675085398152,4,5.159927595333534,7.213703685494834,10.0
10.374334683748064,5.424293698580518,11.663856505529868,0.6638422071774545,7,4.959988863721501,8.705872532022118,10.0
13.123637775457906,4.774975579069709,8.7155010060888,0.6848474490590547,9,3.63926765455066,9.124294586456001,10.0
9.042248028083478,4.60356082492147,13.544206954581528,0.698484537879719,3,5.630871250332383,7.928469519412166,10.0
11.845113276448126,7.819580060365942,8.466034479637031,0.7712706697627018,5,5.123937968778439,8.332415522913925,10.0
12.876670686212645,6.207898406216971,13.580040318998996,0.7046384507217386,4,4.81535268156567,7.667734552099371,10.0
14.522242595454724,3.1171647768369413,12.242825107614118,0.6724919697229121,9,4.948743219942069,7.677545371290984,10.0
17.505310525862036,5.150879542221566,9.978273052485221,0.6495472328070232,5,4.782976833313874,6.756693594152982,10.0
14.006510665483558,7.375043498719851,10.34450208625456,0.6817351957584394,2,4.508580337264878,7.224489915944332,10.0
15.435939161765598,4.50728093205334,12.444856188396464,0.703147220882874,1,4.388983453114603,8.1986604275536,10.0
13.062660594952028,3.4727817238719414,11.608826605287245,0.7492229714406473,7,4.591192555422161,7.176289157305851,10.0
14.341040313763314,6.791923857949589,12.029857528729671,0.6242097552344678,1,5.135654049662475,6.691419277469058,10.0
8.709322161337735,6.030069159680407,10.33498769908088,0.6443218376478301,8,5.527475668251561,8.330173117344037,10.0
10.54391580841847,5.8515625391325194,10.926880890845593,0.6759308031737347,9,4.377909797231622,8.283325137960178,10.0
11.618530932051387,3.2678827980370397,13.93920490422736,0.6720796810239029,7,5.670908936871198,7.5210420061411,10.0
12.724933550065135,3.7024950489775867,9.283537222998307,0.6783496175210424,9,4.764302650100358,8.051619276124892,10.0
8.456487455023836,6.112746981065569,10.50713711913279,0.758704252928065,6,5.043149180632303,7.490202395536193,10.0
9.400240975533176,4.0391192072941795,9.750939125443804,0.6648308805924347,7,4.98020426895874,7.713663016672844,10.0
10.768143077913058,5.520350398742122,12.5906690626391,0.700379636080533,3,4.58664285323164,7.407491349532146,10.0
17.715326909010507,5.724408430146967,12.584075753994323,0.7247814065715793,9,5.355803372666753,6.52469166261909,10.0
11.313470071030508,4.417535951354697,9.754672765984376,0.6464357100367211,3,4.127669423008805,8.558612468928086,10.0
12.820410581120825,7.742125777707464,8.488341899797897,0.7437390774295078,6,4.821731223053127,7.103003801149069,10.0
9.960977127383929,7.212320534177875,8.068596060033224,0.7094222639476562,4,5.42788882645131,7.549967375510307,10.0
14.107800710757683,6.611867538163993,10.564703199454913,0.6893562326062757,9,5.014498082073336,7.197548842186728,10.0
10.806832155159743,3.3899693320470456,10.462025566014626,0.7619568053476627,1,4.990594270785103,7.547089601492503,10.0
10.069925784384267,3.5306500965450973,13.930339271839177,0.6486990518370364,9,5.273983547064745,8.00300040423196,10.0
13.16572628445979,5.463906729324778,10.818812454186078,0.7766351941228646,4,4.863680838727122,7.28403033618551,10.0
8.055057991604208,3.8035667459549285,9.538510217452524,0.7122097470733407,5,6.025800020215315,8.090048695016527,10.0
8.076640326492253,7.89132731764737,13.347376646188804,0.7218349758759317,1,5.375893349797842,7.265058028811932,10.0
10.190688091018577,3.792601170137047,10.94640769792147,0.7750117928337886,1,4.506183767430309,7.642931128919932,10.0
8.367213625008212,5.43733917731987,11.595053811263467,0.7635165375698673,6,5.589375798443924,6.392004646984658,10.0
9.080257541306914,4.820605284207527,8.574012262569276,0.72031241376438,1,5.751225065570448,7.644695731481502,10.0
11.388606493387517,6.19693210727049,10.297498443978645,0.7506375407696348,2,4.584839838607807,8.00893214902441,10.0
16.025856795798127,3.6451820444471243,13.66534204684272,0.6866638980465793,3,5.682953432342979,6.527295229583624,10.0
13.720486433693008,5.151582140211954,11.537032305052552,0.7094755506999493,7,4.861961283990348,7.355951432757104,10.0
13.126677259564165,4.373525164035718,10.06701113085477,0.6124140273417022,2,5.132122330407016,8.797058794154003,10.0
10.934888232081217,7.43875762335844,11.75400308378956,0.6179715836000094,5,4.258393420630569,7.748351002463047,10.0
17.317537194328164,3.2029285606734756,13.462466537468696,0.7658850808372665,9,5.53833331711405,6.608072295521876,10.0
11.970150412371916,7.5686374700322965,9.64394360283554,0.6119343311364993,8,4.956395625776904,8.276387804067275,10.0
8.870927667957716,7.164970692765002,11.030700310824047,0.6338798251265214,8,6.320033755861652,7.433350696529265,10.0
14.170665161178013,4.487853582204077,13.752143923470532,0.7591665317900883,2,4.945686143944118,8.441021041915413,10.0
9.138383934766015,6.946453273385523,9.034376859790715,0.6002291901256512,1,5.5215172617355,7.224658469281011,10.0
11.45223142801692,3.156067801693738,12.31798355358027,0.6564808657691729,9,4.362785734013909,7.772221038354171,10.0
13.074119387178088,7.834327751466968,11.686886049217893,0.7168077315653244,4,4.827368677615306,7.736519158619445,10.0
16.74222524685176,5.632974712948947,12.078050786843809,0.7190899862938593,9,5.588171617640778,6.478668106599833,10.0
12.935465803401186,4.516405130327226,10.107317784005417,0.7554305816458947,7,4.498096941907072,7.517269474946074,10.0
15.022587660316642,4.812916062973385,9.883276240902589,0.7011852508984341,6,4.396338117104713,7.557940302047708,10.0
17.928168389990702,3.332026767302487,12.105258023530222,0.7018803739061941,9,6.304437636131906,6.917704866993109,10.0
9.314891198979817,7.946747570210196,9.293259710627272,0.7450621151081401,4,5.012286956576826,7.050483218053997,10.0
10.747315255195195,3.196459725753462,10.51792846915403,0.6997248926532567,1,5.319803821573961,7.827411983285918,10.0
11.945760755976464,6.274535615739295,9.129047876317507,0.7216982173127234,5,4.485501853467259,8.381576523229459,10.0
12.218281785388314,5.213679638532292,8.049829046739978,0.7795548136510102,6,4.4850131790607906,8.987274622390618,10.0
12.110210752655458,7.7445810909435755,13.820344160228416,0.6802902015224744,6,4.650142611402236,8.469004781784268,10.0
17.076110025565548,4.229998701533976,10.590217871938513,0.6770250141838444,1,5.373440040699007,6.608608776294016,10.0
15.140326444668565,5.6604341196900565,13.816097686518951,0.6007097983729542,7,5.348689626304923,7.226566387938153,10.0
14.079052140907038,5.4117810429137645,8.841941118606957,0.7226852523042464,8,4.402947168951469,8.34850470583227,10.0
11.093727178627821,6.514332220250507,11.524200676744917,0.6059543814814263,5,5.3774568688881645,8.400393302154995,10.0
16.237903842212948,3.3400511597621025,9.205844196747437,0.7008296979456633,2,4.988934022564621,7.110035647411692,10.0
17.55060511484989,3.9689456501167744,12.74044476177965,0.7608467578064454,2,5.112230332977819,6.355697709910326,10.0
16.211982825502265,4.072824100464249,12.702217932565851,0.7099842141039326,5,5.195003796347068,8.121511914137145,10.0
8.015651051914729,6.690753774208448,8.675642894235871,0.6539272330433352,7,6.229557868973525,8.138170763345611,10.0
14.36401370183407,3.9456934816337004,13.472386717258335,0.7572336842898743,7,4.956309728677421,7.916538489136035,10.0
8.511353814421007,5.867458819454884,9.167777883219348,0.6539434008165078,4,5.00093510340823,7.494622707509347,10.0
10.576072203337219,4.076219102504768,11.677864049536161,0.7466063561891798,3,4.9678350049200946,7.324156685993149,10.0
8.595247003477716,7.308124750419892,13.913801720526225,0.7220516910380462,9,5.621239291754111,7.442783001880775,10.0
14.037954529493877,7.710927272448193,13.294379208598183,0.6339992593496002,7,4.384922221992066,8.396419820824287,10.0
14.865899134926067,5.592464874711203,13.739383571367014,0.7810267749688372,2,4.877583817971043,6.62368114329966,10.0
9.144876380659051,4.761544421045891,10.055592627308716,0.6401287365914391,1,4.833799372356924,7.8935156202766965,10.0
11.838388830449794,4.170288875087496,8.63345385331678,0.797917414828134,2,5.050819254211634,8.342792447289092,10.0
12.56236508955542,3.248905007615219,9.1300812397367,0.6014620977309881,3,5.416780607903069,8.32967050888155,10.0
11.690530217609165,4.342500380987477,11.002969370459683,0.6526966754285806,5,4.707167723135516,7.6685487958593495,10.0
9.21025000485193,6.271178899726589,12.759378069639933,0.6399720594548398,3,5.549362285476313,7.449799422423205,10.0
12.189477901874755,5.668084656546054,8.900921865103252,0.6027986820340925,9,5.218410767508092,7.68795928381377,9.895539839222693
15.511780478084182,7.720206391404637,11.958389193564543,0.7464735800294632,4,4.594528769695285,8.377911745469586,10.0
8.710076645332554,4.981386312458503,9.941465624237072,0.7386851604199193,7,5.519560271914561,8.237718523669422,10.0
8.801800140819035,6.469316711641973,10.047212434352922,0.7584701928709862,4,5.8519535321838605,7.674924181631576,10.0
11.547712918359842,5.446613737375607,11.971506380947558,0.6513397092929131,3,5.580734675229824,8.006430468714134,10.0
17.41725711618925,5.562881079621058,10.80199651719932,0.6888670334165939,1,5.02787340801307,6.528683020342731,10.0
14.685726467229141,4.338871573020588,12.872199758155963,0.7318227043243095,9,4.157996713551846,7.482694207100406,10.0
14.786699566725648,5.274753884209998,8.935511057976962,0.6879537007776287,1,5.021851941049308,6.672133374998413,10.0
11.61919990837865,5.353924985063537,12.739689618602231,0.7394651540635832,1,4.8692268174369975,8.012846224666411,10.0
13.936607912085384,6.53321260874467,8.385411488344525,0.7267946816880885,1,4.692758635545733,8.826294275569026,10.0
8.101311840277434,7.70319999593057,9.16432328147363,0.6229295606044353,5,5.22821644698777,7.386697262601669,10.0
14.360960464095422,4.646606387412522,11.936898287018993,0.7562086242153936,7,5.140422438204189,7.412225598975496,10.0
17.132869475762366,3.2110023429064922,13.129553939066428,0.7441352718185037,7,4.805439907444472,6.812232886246627,10.0
14.125734683448192,5.481475627503198,9.516077766436094,0.7311668775234811,1,4.347851056494037,7.663795468878926,10.0
16.73698593466345,5.722306660745843,9.963149634973478,0.6310187212542004,6,4.948066596008283,6.380166927904712,10.0
15.239730554660937,3.842202755659576,11.22272448972044,0.6535992897590728,9,5.240138278369877,6.915403326551247,10.0
9.205584164036903,6.802323031380333,9.269436838935814,0.6786354063175201,6,4.499616384679821,7.627574643278649,10.0
17.024533072858418,7.924645542207458,12.866937569525033,0.6559859243312887,4,4.567996519084243,6.007076207288053,10.0
8.66443844355775,7.7288735850423045,12.641819870034565,0.6455620581352263,9,4.91083374821287,7.452135886480674,10.0
13.339674725477638,3.985530194118261,8.87175027179469,0.7610715340323552,3,5.658288780175244,7.867643816486392,10.0
9.421371237934576,7.3768161995038035,10.782978390899792,0.7276464492720405,4,5.267035763289013,8.027617224782075,10.0
8.117066107309041,6.522468182058423,12.648966599927729,0.71309442631005,4,4.961554124650883,7.165934978252134,10.0
12.22034260127639,5.269232819034558,10.023977186620488,0.6451905421706507,4,4.638353789568179,7.471586021916343,10.0
10.950407076541563,5.703054971623645,11.79864093630639,0.7836153124537283,6,5.223602635515054,8.02195315514463,10.0
12.86000493797603,7.24800087491229,8.301278728745437,0.6382366078194632,7,5.67336326695158,8.485219886170803,10.0
13.771998867345507,5.400674698191866,11.652132563175908,0.7589901865649354,9,3.9032556475393365,7.578751528499709,10.0
8.437390723089473,4.866036845525635,8.915917880003642,0.7933345333410586,3,4.8484437582645015,8.168623481145845,10.0
9.230032951237456,5.466237465129929,12.983499950686708,0.7454185458448472,8,5.002617153386008,7.6738669428556845,10.0
13.586423964504254,5.895649020175245,10.13269678148287,0.798571755036926,8,4.517052196336344,7.695410536583984,10.0
11.431673531726583,3.9453882688917443,9.689323176369175,0.7302102233955894,1,4.6155942031529325,7.670899999743829,10.0
15.29173487549448,7.504538651334953,13.04533386026891,0.643492068720779,5,4.7256019400720914,7.556074128348585,10.0
14.522916485919396,6.3709347441480695,8.30086413843086,0.6407638987433023,5,5.723476825732608,7.635162730114017,10.0
16.456043629899067,6.166344586687445,10.379652796006068,0.6649128568510952,8,4.326342855350008,6.364219745042488,10.0
14.924928266692254,3.4974811309031906,10.220021243450189,0.6014260040442012,8,4.822573395677874,8.36807662951365,10.0
12.299310773901482,6.020869690862959,9.708802245497305,0.736339694016567,2,4.979230504874668,7.827276468044156,10.0
14.729666223944324,3.6048033111924616,13.470525992008863,0.6537335569255656,3,3.9993340070417385,8.419081640134822,10.0
10.753811742554186,3.3934883759769954,12.505570361100334,0.7630366464585506,2,5.58338745861271,7.37655998755675,10.0
11.063134987782126,5.636554478211966,8.383538985151633,0.67183453011186,1,4.74287019437,8.436921537754376,10.0
15.889851599207933,5.013927670232475,12.288124696609724,0.6959912986926625,2,4.320891212460684,7.921285295598999,10.0
12.464195164015822,5.944051350781116,11.163794798772763,0.7931377833120739,6,5.462712650201218,8.625522699593128,10.0
15.983803405183526,3.446110840286193,13.405207366409476,0.6484344246094554,1,5.21805586538259,7.406556054049547,10.0
16.224223736682784,5.154915314236292,9.877673704090151,0.744250819485948,6,4.646055801801699,7.606009199219635,10.0
16.57562337661284,3.8739335752257897,11.444971997657497,0.7510235578610834,1,5.344542050280054,7.187403540803479,10.0
17.166352358412073,7.935500429620583,11.004531648445916,0.644199631504727,2,5.301282315245626,6.150167215157978,10.0
12.309852205132962,5.805751062175872,10.937365437365635,0.7001993673224391,8,3.92985647348742,8.201723867866171,10.0
11.188668183211389,6.437184304704337,10.736632397103275,0.6700403850625937,6,4.0852793733359585,7.421657739603214,10.0
13.821987465941138,4.627091403413039,9.233776853193687,0.7543812486800179,9,4.842202065972595,7.221360703493094,10.0
11.711724234376275,3.473694573896721,12.534259534954357,0.7244966638058075,1,3.8598253356913363,8.1357662454352,10.0
14.01074166800233,7.879354313917683,10.708016196435732,0.6951966109721094,5,5.183151218976939,7.502380763284355,10.0
15.055858626438246,4.431295176915916,13.751097650015634,0.7558726530095436,7,4.065245362382422,8.327907486211396,10.0
14.884050184921369,5.119040925867871,9.564850563156657,0.6470311140016834,9,5.199135403634548,8.426365640061977,10.0
11.745528870201213,6.2493196085128755,12.096463037762247,0.7507243761168718,9,5.454066121388509,9.365888653723948,10.0
9.668602016987528,3.123486488430556,13.64430247783465,0.7730748624185649,4,5.314403554591619,7.046193574139442,10.0
12.305293384622075,7.051295652586434,11.980749938096555,0.7757243193615145,4,2.8541055381416993,7.430270031839724,10.0
9.425941440819088,5.6828909501431015,13.227637445704367,0.7567347186039208,4,5.68485953881586,8.103062499283103,10.0
16.900970351838083,4.391085935344111,12.964885758542037,0.6816028333996538,3,4.830230684530044,6.640998388063604,10.0
11.458774607378574,3.3080399264623463,10.160706292934023,0.7963616045435654,8,4.7432902832288395,7.62374237472956,10.0
9.544597472233239,3.812492077372207,11.60074363963698,0.675918728764488,5,4.725655084072557,7.506993821448664,10.0
8.254477599057509,7.475169294267184,8.937568038868134,0.7277250798204852,7,6.28156930644434,7.26232845452907,10.0
14.458223862864843,6.430121119679455,11.213155296173596,0.6322148356138937,6,4.793338488555207,8.028995621546953,10.0
14.369023174547433,4.249508608184449,9.382531830886023,0.7960897797272786,9,4.495786270832832,6.812841720960309,10.0
11.406041665812916,3.3280038247251476,12.462420889714673,0.7407971843729326,3,5.4478127964672565,8.186417757894528,10.0
8.71711888847651,6.453076561933182,11.168350531352747,0.7506755090492737,6,5.745708164811096,7.365162222823717,10.0
12.09628894895232,5.862038629838826,10.467364175789964,0.6131553406822289,3,4.1463641561718605,7.603216702770246,10.0
11.112174950633936,5.022597622291175,9.612782577001866,0.7526835628441344,2,4.9816856184436205,8.654842099401153,10.0
14.771206397350094,4.818057245950319,13.992190891047722,0.7549446858441203,3,4.838839561211111,7.401213723498167,10.0
14.057792494526904,4.0840713796455415,8.430263125309596,0.734354545272446,2,3.9463719521990033,7.6166553186837955,10.0
11.6459372819754,6.348056282687589,8.26136408343452,0.6583819227580687,2,5.165635938976253,7.854027661861215,9.294143949182484
10.178925542549901,7.853340138969353,9.303544402963187,0.6979380084321763,7,4.950655744054329,8.614816671616898,10.0
17.880359661555918,3.8785762291841293,13.826434751766918,0.6220868742617433,3,6.362499248170689,6.3254104675078064,10.0
12.540016211961149,5.985583100077517,13.875429009919907,0.6943174132918305,8,5.390430799005818,7.950708140182248,10.0
14.882742357802371,5.120925278729881,11.929566408632816,0.648764770520081,2,4.849739858321934,8.026399494491217,10.0
9.405529675783608,5.2334436087233245,13.280640003238428,0.6698193972988165,7,5.085796841170083,6.5467557293953424,10.0
12.855896996593978,4.270736400639072,9.283770385044772,0.6325200816807397,3,3.6511542378820847,8.0648638057074,10.0
8.275367198694655,7.125674378307095,13.832252565059742,0.6460108735493794,9,5.855326812413429,7.415282926217813,10.0
13.0545511791045,5.426278020736206,8.856709100837389,0.6153137283640232,7,4.634806804495152,8.358033506036339,10.0
17.64017407117702,5.71702926099132,8.60675112908995,0.7839802732873843,9,4.989419166850008,6.556254790810888,10.0
11.842067129858002,4.523804563986629,8.673269235483637,0.7060821375950806,2,4.744138137800289,7.43393859805896,9.922224482053968
8.389960125749116,3.9090423283347486,11.438767539635387,0.6793483942525479,6,6.176210142029728,6.519014471932926,10.0
8.309557909193435,3.429551941014102,12.685846404308315,0.7070058425537568,5,6.106139669029165,7.637929850744785,10.0
11.879867599468694,6.57059570462458,10.200003067247799,0.7256586456963106,2,5.410988172386576,7.753597102768517,10.0
9.60024936463194,3.981171408439278,13.86737592671676,0.7843757586738699,4,4.565627685208041,7.5477926581221855,10.0
8.233520963281858,6.450376770943989,10.606520828709977,0.6357385904572627,4,6.236730686331381,6.862009049327116,10.0
15.562136139501769,4.951882230234769,8.902691304639298,0.6591104997270435,8,4.570638612415351,7.372557182533337,10.0
12.585230088818907,5.078874004948258,10.79580048911682,0.795157867268823,7,5.0565735683745485,7.9466263422770185,10.0
10.892447719726546,5.345887480463858,12.07422299253464,0.6742385973297049,5,5.159153332387617,7.327912020918749,10.0
17.000831830164806,4.838542540637716,12.993354683026272,0.6045123301514655,9,4.9997137726025525,7.134958917932853,10.0
9.161389602005256,3.5030998861129503,10.752609739739558,0.6295286985274318,1,5.295927059571859,7.240242187908288,10.0
17.55918828955319,4.548159050014229,11.561640956295005,0.6052677403497104,4,4.380800784467471,7.167926237157118,10.0
11.139667173773528,6.318671803469692,9.60406827295312,0.7979846284841458,5,4.84052316403329,8.068750600595159,10.0
16.884036723086812,6.328922007344355,11.875499158433083,0.6557741697982447,8,4.92717707770747,6.763655602368141,10.0
14.029428764794616,4.431121536199972,13.915831663702063,0.7847085513872453,3,5.779413981882132,7.039644172021026,10.0
16.267073597414875,5.30051313278844,8.294321435526763,0.7991772551519432,5,4.93932358251397,7.3597584031083185,10.0
17.840131632104644,3.967236140059687,13.319184024231006,0.7199682442286228,3,4.918695437470362,6.27472519592003,10.0
10.884054378187457,4.051860407649179,11.373695016605136,0.6066392630131123,7,4.904229177473658,8.023328221132523,10.0
17.61135485407593,3.115235442033037,9.5125919573738,0.6163183260773853,3,4.8797817072386,7.0840911377568645,10.0
11.894818949024204,7.483732749538723,13.729338260055547,0.6963178110215755,7,4.019299068745086,8.434281562228428,10.0
11.855119047369223,4.053533325374531,10.900125818353393,0.6812344025822972,2,4.938236434298345,8.556346572958473,10.0
11.403871042545056,4.137669384682317,9.990141510040313,0.7212354611563535,7,4.782197263674174,6.776332758782454,10.0
13.414076073475853,4.398007163225659,9.088985769625047,0.6877695619422728,9,5.1634501162784465,7.795470002381252,10.0
9.54145043178487,3.637040358477145,9.466713261539972,0.7868153698542969,5,5.826023838637624,6.901783390399494,10.0
13.537114853580112,6.196314415906814,12.997094249548656,0.7069479430827023,6,5.612578114358277,8.117912169896602,10.0
13.41704812410004,3.375714765887933,11.686460055902995,0.7387452122924885,3,4.781738667394565,6.958548210159972,10.0
15.6190181260487,3.6710121316317514,13.479473716929895,0.7792970545284994,5,5.169167222728649,7.871866358846081,10.0
16.336499619375857,6.2237836329504646,9.391810712946715,0.6293743751666414,5,5.07801644808636,7.844672067703602,9.980887808195632
12.40441350312424,4.6983031024072135,8.72683144309341,0.6459469308237057,3,3.5329773396582316,7.899856841386562,10.0
11.023332493514937,6.539739133505945,8.03652518585354,0.621463732094803,8,5.444747480558867,8.123446491884716,9.998024365450991
10.593348973170945,5.78712372335071,11.047172225695963,0.6279276798459824,6,5.164800089196914,8.677073922685684,10.0
9.94623836704872,4.280105865307565,13.989841582291929,0.7025167933868467,3,5.29046422899726,8.83334823522559,10.0
8.576475821990249,6.25413975244664,12.169791612911833,0.6642358517934928,1,5.0892096616143885,8.257129055897035,10.0
11.424479788347133,3.5813684014644034,9.850367551790876,0.6846345679053509,1,4.454495333936303,8.252851296882024,10.0
10.702476921307833,5.682051915400152,13.26115149815703,0.7964979663588124,2,4.840313966651457,8.722794370867035,10.0
17.664173858664075,5.185740525225174,12.690333595927758,0.6313408695591896,5,5.508314598279398,5.9130676944203735,10.0
13.577088262500439,4.3393679140872035,8.092490996459235,0.7081624141596151,7,3.6922971646668397,7.533508191809702,10.0
11.472770390305076,6.0200249886975,12.901162883246135,0.6197742310107301,1,4.871612321282375,8.453957583535546,10.0
13.80467600993696,7.356667961701413,9.803160543430977,0.6636992626527757,1,5.517577971912579,7.8508196928270495,10.0
9.391967013456956,7.994523498815384,8.898040787501607,0.7055051847349197,4,5.067029807558312,7.997338780714346,10.0
12.44043749202203,6.038813843717122,9.357985038422447,0.7893263491930675,6,3.7008041724579726,8.448106678213147,10.0
14.262343214210638,5.023529371645851,10.811478826250834,0.6782456442566966,9,4.598211628803163,8.209570968325767,10.0
12.888978317924513,4.126035501081008,10.549207562408066,0.612981339242934,1,4.82000914846512,7.034666641440603,10.0
12.017788006543242,4.2854804469755585,9.73332379624536,0.6776322895920633,5,4.9066303592873695,8.340638242246149,10.0
17.93848388899698,5.397274890748829,9.033309933242196,0.6291482351747956,9,5.380258124067609,5.920867385465267,10.0
16.80314762148927,4.836388506403546,12.573384737853015,0.645997922658289,8,5.995953600916309,6.9742482995889725,10.0
14.234059581594401,7.569072613124721,13.940658702409502,0.7236181246329981,7,4.761446482786957,7.52801696606307,10.0
13.693773611822827,4.841477338278548,12.666749482518142,0.6134847732407364,2,4.766528241734173,7.6452147436218825,10.0
14.206604798245841,4.867222955727177,9.775621806029248,0.6929447512500074,9,4.404987244585483,7.446461262694297,10.0
10.013121078224332,4.9176725621698845,9.468853768472801,0.7218923172021529,8,5.469544156170949,8.182298323981948,10.0
11.951377432643186,7.183101051838291,9.30599525639563,0.6843716784734993,9,5.572499787755288,7.9158913441694985,10.0
8.394595328908993,6.253941604234509,8.820170446934217,0.6038252701247461,9,5.08433908501508,7.225530350868605,9.732314406382635
12.755460374868267,6.070844251594464,11.307983298153808,0.7971038713805731,9,4.62236375703364,7.805346283492318,10.0
13.430245839576632,4.670715111919311,11.632402231720064,0.6734231534681071,3,3.5045210881405815,8.191399223997356,10.0
10.277497361032095,7.089520884162197,12.233015963978824,0.7557154373866534,7,4.528506886199581,7.424353422891405,10.0
17.640288471655136,3.1918193067785054,12.081280225602008,0.6651292984374907,1,6.207824418032077,7.204206896552402,10.0
17.09454610937242,7.353985861690566,9.753999867700294,0.6950033513986837,9,4.9424553751906295,6.374740321030157,10.0
15.22143235455906,5.563749498969648,9.98186603238108,0.6776927285221993,9,4.887106712050377,7.262225648261425,10.0
13.333866287653626,4.991251174317064,12.089087212654027,0.6685078459019216,3,4.302353916189168,7.921632853762395,10.0
16.69969159647685,5.485836403588428,10.09668584470177,0.6043702754415557,5,5.230547010191741,7.132524501912683,10.0
9.30652343823463,6.337077652669155,9.275739137715878,0.6720041875709007,8,5.0658558090680295,7.545420488728252,10.0
15.90509794274885,3.063827132589487,10.246016922180438,0.777897998079906,6,5.070551485068394,7.120040227513732,10.0
9.248208139668483,7.357759282291239,9.632504945467867,0.7380786677187368,9,5.219630753369933,8.162560219508736,10.0
15.942106625494054,5.233697626556964,8.529876327311467,0.629084571819088,3,5.592509533698757,6.087191780855253,10.0
10.75767568251357,4.714832598500391,12.980833413659921,0.7182310009245478,7,4.949938265219153,7.634666802605729,10.0
16.77090581018189,3.6912278281702857,13.118668334942218,0.7784461719897744,6,4.604020040686091,6.449387428451119,10.0
17.44042093825398,5.19732687179221,9.318501801001277,0.7400068081929712,5,4.8546040253256715,6.317525114538269,10.0
9.487959694051156,5.481613856421895,8.388633197151211,0.6297368784713393,4,4.175980498423355,8.380923991024332,10.0
12.626756050653935,5.018233472467389,12.432964624107077,0.7735664993468994,5,4.744345890638146,7.639092275802444,10.0
17.80987378162685,6.393300469134485,9.269171755180482,0.660308802657773,4,5.236066305855926,6.265198525871641,10.0
12.834074359731467,5.10448264379613,10.36061293662116,0.6908152288624684,3,5.430802902176428,8.239080656244521,10.0
16.635475225145452,7.807087889232867,8.3848115134243,0.7052285519378293,7,4.407372750065784,6.533712859625792,10.0
13.887315221313198,5.996387589117959,9.35761750855061,0.7701013208756391,6,4.327065201055358,6.6781841352797136,10.0
11.753299079196019,7.037389678259545,12.757413669977815,0.7863214990295323,4,4.397993679817463,6.7177183745822155,10.0
10.857835555258703,3.546779515547394,12.82637868149121,0.7859305755581113,9,4.723718487293449,8.600816768057362,10.0
10.032230910860873,4.986456464729528,9.242508949326263,0.6015908362557081,1,4.363108412932835,8.033130162125174,10.0
15.617981913776973,4.684238507235763,10.015483070640137,0.7843776971170915,1,4.683996121869151,7.181675057538722,10.0
11.86540506823028,5.847411940682959,8.805430514562461,0.6108773932003144,9,4.740663724811602,7.828012220085122,9.520082189357542
13.112754622007511,7.305567600307128,8.445035781709535,0.6531547313634871,7,4.692516934852251,7.512973886490889,10.0
12.923254800011819,3.3916910888100333,13.953030286690456,0.7029975709455666,2,5.308396321404231,8.038039065683236,10.0
13.772790292331312,3.362873990223554,11.933563707469036,0.6959851378008788,5,4.657602698195246,8.20437100260053,10.0
16.65577145624552,7.251588540787995,11.252579055189912,0.7209419587774785,4,4.971046497056509,6.468521371296205,10.0
17.807393435834292,4.0642504301917874,12.592991002431797,0.6958892457474012,1,5.83975247750083,6.442903831935392,10.0
12.07584208573817,6.343766272249068,13.040462958126344,0.7868751359280842,9,4.712980124592502,7.567961382165978,10.0
16.27518922106303,5.714390661804026,12.840288608268365,0.6481097696429174,6,4.3183969244664215,7.040423224432488,10.0
15.645277946547177,7.164467974436147,8.09923669573926,0.6548049388076972,6,4.288268517393111,7.055026976734538,10.0
13.735289514555733,3.6254445491820175,9.120847389142991,0.7841475871386113,4,4.137528515916132,8.304034137467694,10.0
17.560471436119332,3.6489148286130564,11.929431812706987,0.6153479027490513,2,4.593361355344561,6.457860913986561,10.0
10.004745155284027,5.784091801391538,10.254556086823778,0.721912164380962,8,5.998190821437759,7.225355767120153,10.0
9.092642103096214,7.731893266791855,13.894895906366642,0.7363471904131221,8,4.670080952917354,7.5359644716693515,10.0
16.53961966955422,5.074988791853771,11.992428755829524,0.701108344685948,3,4.9542406717535155,7.463157923052031,10.0
12.391498166337483,4.634710501273474,13.73929345237524,0.7388463757646274,7,4.720761718182556,7.388382673845381,10.0
16.469688542070603,6.033446615989429,9.208678889874763,0.6345509292023934,7,4.873353937811393,6.863569400591051,10.0
16.93090205195415,7.652243002725156,13.183742168690138,0.770526446554308,5,4.6650682383575965,6.5854574471154494,10.0
8.624575936190714,7.184639164223118,9.928113834891352,0.628005137893977,5,5.559439645238984,7.535279552431534,10.0
16.83464762986061,7.977418053666099,13.93738884942684,0.6801624888631499,8,4.2724728010699895,6.7250937143908045,10.0
12.483190553694222,3.1128429160118856,8.946132032438884,0.6150515202616411,4,4.155447323756827,8.171427200971435,10.0
13.104324890042323,3.5642907235638113,11.09803891302996,0.70904221576348,1,5.229159598736939,7.580867085087335,10.0
14.265925110932102,6.04733881683311,12.757067203022732,0.7339491614851279,1,4.144033701162803,7.656753323144805,10.0
17.26382606730087,7.102882196669249,10.595854883624215,0.7882443270190581,9,5.778902179602246,6.5118105183706145,10.0
8.191160944297641,4.426221711533833,10.80850436112588,0.7478672391792002,4,6.151392736676836,8.169851713330695,10.0
12.768434683178171,4.196055440171094,13.918134773034446,0.7082205832908303,1,5.377619650964703,8.126896451755494,10.0
14.877220424305607,6.934878996906004,10.55184890180692,0.7865234034340668,2,5.160115849636316,8.008373354659772,10.0
15.227069576982284,3.281909269266158,11.624432603594382,0.6956873676081753,7,4.084585756084173,8.399947886538698,10.0
14.92532431537108,4.846913237912926,8.327237964050905,0.7122411306197739,2,3.9735943301064944,7.6979933525704105,10.0
9.344351294081218,5.529046112961649,13.05326048126156,0.7192197055340191,1,4.584192025666446,7.532712478943346,10.0
10.993955883716811,5.801743371751617,11.88900829387726,0.6819959451773133,9,4.354658650365292,7.455780711907498,10.0
11.587155254170135,6.6430757839638845,10.42412061717688,0.7676965381131649,5,4.108087702006323,7.3749443097610605,10.0
16.04437207679505,4.774228617153291,8.09701723972712,0.6370351877690118,4,4.545215192226743,6.1030502015452095,9.520395314580993
10.78759872414553,6.063421723373036,11.550012923561024,0.7109684380743216,4,5.245871292406209,8.3688526425131,10.0
10.10704963867203,5.926877113954782,8.075946970904972,0.7444466512374388,1,5.304405445610624,8.049601195836363,10.0
17.57448019038096,5.738080503268735,8.007221683454107,0.7807952343753155,3,5.354136405750152,6.329808007713453,10.0
8.088632851134689,6.202416465711061,11.696591372896128,0.7767836792868558,1,5.384479084773878,7.105922126407515,10.0
17.978208556819784,4.297245855340382,9.134102404007326,0.7017480578860285,5,5.279771392991636,5.712844647464114,10.0
14.768212988573957,3.423243767923145,9.151325298308572,0.7286322902326684,5,4.87896965284537,7.864642909064256,10.0
16.28469299449117,3.596358360198717,11.919629394996463,0.6788475472258602,9,4.691360001337896,6.7810940273176685,10.0
10.946193963461932,4.122911913269506,8.322183127636245,0.69363555257604,8,5.326288359673399,7.8129585143663345,10.0
8.1431527766706,5.500989677613926,9.880433368847338,0.78125315851461,5,4.817470803664892,6.701183413168264,10.0
15.3786951856153,7.202213752730101,8.896591412852114,0.7861407986384948,5,4.403750709719329,6.9614655710724955,10.0
16.34144597000676,6.506466710441921,11.481058218779204,0.779082811613404,7,4.475313162471715,7.52329404706638,10.0
15.404761319535192,6.945203021010236,11.970590928364375,0.6276741723627276,2,5.024191678113415,7.97665309926095,10.0
9.428502873008386,4.754878119630457,12.326815121594262,0.7700168042661273,7,4.523976034970489,7.0507271035892725,10.0
15.53427922256969,5.0232687082427505,9.531387301511392,0.7896727462042961,1,4.353452002989441,7.672621278758747,10.0
15.68922782107641,4.968409429953065,8.535498509819504,0.672249938914721,5,5.045363366778813,6.949531671049996,9.752011478511195
14.58540515670055,3.9593659220225077,8.472101941651387,0.7037292578843338,6,4.279278697913156,7.416494884634743,9.843490298968527
15.661159327955861,3.30608329071786,10.556909290704343,0.7558190511625992,1,5.248339213106957,7.930248305653376,10.0
16.45921439677732,5.954580464136134,13.67506645437629,0.7124156275131298,9,5.367146052991204,6.862693866509517,10.0
14.136041142374584,7.946083417102931,9.306374205482147,0.79869670434125,9,4.417069609432619,7.624651171318953,10.0
8.88604713969679,3.8341485247513143,9.540449608049297,0.6911426730313657,1,5.323826910358042,6.694382381680213,10.0
12.87627809667211,3.2334240994963688,8.605332812635154,0.7427885422414755,4,5.702604604699717,7.792638551143105,10.0
8.77649334671605,6.897658409119665,11.633421643363581,0.7585182280393089,8,5.725647211919656,7.16767089446002,10.0
12.075430310324307,4.262930033423621,12.07923724368305,0.6988200831516879,2,4.961203956524689,8.229265899631132,10.0
12.071064891256276,7.148219026764642,11.85758724896456,0.7713967611422752,8,5.490387107546869,7.728643039354704,10.0
8.660098441402416,6.519683335172577,13.166781458268687,0.7092309182414394,9,4.840005608300634,8.054110683142115,10.0
11.488205339694794,7.728367685254023,10.91855501015643,0.6823301593603263,9,5.3967183701726515,8.184983924148174,10.0
9.109980987913149,5.04463617878336,8.806742244602386,0.6215647347703894,1,5.379573292435423,7.680928142879769,10.0
16.082352100092223,6.309849197253171,9.736430784226476,0.6786827152700848,9,5.621948197776227,7.518041969518906,10.0
17.47688025964471,5.324273904066353,11.974579840528111,0.7467872909466569,4,4.92066821797458,6.600516272679181,10.0
8.723164752579386,6.152943486542718,11.67873184244936,0.7842572823360215,8,6.000522973923818,7.826773727252984,10.0
17.551152072917013,5.247994530038687,11.186018778457775,0.6503358807720621,9,4.32921698073795,6.385606415513615,10.0
13.225765993367451,3.9431612321203744,12.097786512132123,0.6710471034661005,3,4.479067727270516,7.880768325181596,10.0
10.99565677953874,5.5394870800169045,11.824345102239796,0.6307921988208852,6,4.966907932389815,7.547121130621083,10.0
8.768620752761635,5.642921007187212,13.28794933678971,0.7381445788457938,3,5.620174634673665,7.120963771283983,10.0
13.006242680704178,7.053019241300805,11.516098264869779,0.7920376860019851,1,3.6232331635239357,8.599579576575362,10.0
15.945155444907487,6.677603528967906,12.671608152203339,0.7281904439696352,6,4.2484669974667035,7.455070138140634,10.0
15.070864772666981,6.31895811970722,9.492242935798807,0.7234153060012453,5,4.21543177074845,6.758902928626347,10.0
8.502260114639737,3.5669354777628626,12.069095507534408,0.7106979861000868,3,4.899014490413752,7.917069142671933,10.0
8.729018353679034,6.603081453318575,13.413164710296055,0.6176911481371072,4,4.927415432618867,7.5277216378246035,10.0
12.02873282632637,5.501525781772574,10.314393967398999,0.7459007652858768,2,4.80009123767165,7.603610019224261,10.0
10.952904940479433,7.470497680530796,12.67462512403188,0.7204099087098702,4,5.574785770919358,8.83796704935851,10.0
10.323843230560477,7.599354670652714,12.348735807172613,0.7322953537712574,4,4.750738973558463,8.48885180690993,10.0
10.810044989087135,3.2757829530089273,8.357157181230935,0.7797622186054843,3,5.630580146746173,8.306921244812338,10.0
16.034827432968846,7.103207801772394,11.489049857744433,0.7567921574122036,6,4.928036322001409,7.265467816707068,10.0
17.29228053631854,3.188486952113353,8.781136095204815,0.7561830504309053,1,5.02977889491819,6.7697127482033235,10.0
12.051026945275664,4.835848128475114,13.803915033383547,0.7854367537758695,9,5.238594378598174,6.916416695604605,10.0
17.06111002132497,5.711499878105395,12.868445016203937,0.7979869902926,3,5.0054948305092015,7.0934802123089415,10.0
11.21495701247882,3.740503993135637,8.65834280748272,0.7162565463922119,3,4.410271431056174,8.059686689331002,9.884253001682625
12.764369863437917,6.731569062845384,8.730511985886071,0.6217763232062331,3,5.339423260285097,8.091906268838581,10.0
10.260289978159998,3.041773520860693,11.566843129475714,0.6918259815550872,7,4.930825665561016,7.959246444703394,10.0
14.40476042175844,3.842995242170184,10.0693350450391,0.7575202292923289,8,5.596650427898419,7.476550869068016,10.0
17.78981115174809,5.903984149267378,8.209435154438655,0.6055450649523698,2,5.08502696810952,5.849157410252788,9.77497387343912
14.034930960433787,6.571937810186462,11.24984904699832,0.6113774876712298,1,4.015725711115296,7.839366226836676,10.0
11.57814084113549,7.583215513469581,10.327070598115082,0.6134315564765642,5,4.374367606628948,7.324405929100749,10.0
14.478174459905283,6.52748325967312,8.606458954230456,0.7462071516656622,8,4.370633999948064,7.833778047280964,10.0
9.229206784653876,6.35889635127433,12.811522353535896,0.7002333257126344,3,5.12415823134038,7.102013885815208,10.0
16.886590802653988,4.971705731753321,13.490460591672836,0.6737795887041187,6,4.648303176084388,7.289100076084136,10.0
13.030839507798364,3.006422127634007,12.53956360408478,0.6211234090523472,3,4.042942681213685,7.233662516711013,10.0
12.493497420396421,3.6007962936781097,12.934533860097664,0.7464480500411779,6,4.526354456114121,7.965976683717656,10.0
13.858647884535191,5.672772723780196,9.298943403596704,0.66420396211018,4,4.720683183983883,7.86469464731134,10.0
14.247838627894025,6.375649429222099,9.581437705511606,0.6530648140129335,7,4.897606283403507,8.357062917481166,10.0
8.71775806226513,5.087241419482313,9.251165241795126,0.7304638403107102,1,5.297363591153648,7.589137426791213,10.0
14.826172212234024,6.653395057641951,12.590380588193383,0.7118021785193683,1,5.416620071137343,7.193888441823825,10.0
10.419316803155295,5.609311476660894,13.687502473606983,0.6724821283626603,5,4.952120568679152,7.429176198709853,10.0
15.139526325065898,3.370880977971561,12.301023240403415,0.7282974941611177,9,3.6727217092722446,8.230623089299444,10.0
16.225347943841967,3.960081254839744,13.288800589277336,0.6542443040768237,5,5.042838462954823,7.088749955728797,10.0
16.039585075525203,7.1999911162197145,11.832194569299036,0.7589660523208653,4,4.890081640812666,7.0870104021925036,10.0
13.525009674078891,6.624563733122198,10.325959403352794,0.6458637900615308,8,5.035388135961992,7.536298226644581,10.0
13.20169892310751,7.473809935062475,10.55456968958183,0.6317675390764032,5,4.107496274216816,7.321441327574607,10.0
9.428759613394117,3.5877862456046827,8.451928593004428,0.756487881899775,1,5.6547618780360365,8.61974474126401,10.0
15.753461504031357,7.95111267307537,8.188743171476156,0.7415784061395867,7,4.975839562694521,7.3272989920537395,10.0
10.714093804467144,4.047033569749668,12.172853625134465,0.6365277951403597,4,4.940280752148176,7.366881891371895,10.0
12.966954228179466,3.05889938143321,10.630573352067083,0.6232491505379876,5,5.139929465774254,8.324419982508035,10.0
10.842740929275166,7.9871146952677705,11.313290408327777,0.7676798176973385,6,5.432542620826083,8.231724759997238,10.0
9.338283629996932,4.4053694272255655,11.345967485734498,0.7553196964393376,7,5.6765010882899425,7.021132985460235,10.0
14.295576968917366,6.340097262562799,9.664254879999808,0.6654514747399328,2,3.5217212532644595,7.4442368188864485,10.0
8.543320348229038,3.8834115708815258,10.855355064976944,0.7316394816426733,1,4.64376269492983,7.631856783194491,10.0
15.486452341262,5.901142660995709,10.824561330006214,0.6248320373095622,3,4.585855573347257,7.754955798032569,10.0
11.175867952611167,7.520174932272797,10.330563327367141,0.7014095318095357,1,4.211884914355189,7.584989132882255,10.0
8.001346930044853,4.600905837142193,12.924052300406423,0.603746058412084,4,5.171913409029725,6.26789214793811,10.0
13.111291392372298,6.351269880221796,10.706984022125575,0.6783203761843111,6,4.64253452447057,8.061277773343377,10.0
8.468519085276032,3.9395179439920827,11.621867147035926,0.614968564294281,5,5.141656394262578,7.804735235833075,10.0
10.761695578208995,6.123976993593626,13.373120722284956,0.6950294360313765,4,4.85302879718338,7.894200987129723,10.0
15.069764874557162,4.682251759087551,13.197401737153534,0.6843363293705789,7,5.436977531584723,7.375809438345714,10.0
8.62689621621866,4.056041292939758,13.34253322267499,0.6888770053276112,6,6.221540610681969,8.224403631081845,10.0
16.393384923560024,4.565910253518176,9.620029978790084,0.6090662604095988,3,5.134238134564474,6.0289645287769815,10.0
8.038199226585832,3.8942053425389966,8.209894929848376,0.6723232682563665,9,6.175321075580387,7.577026691177175,10.0
10.468238692019023,7.509580539189414,9.566400799371975,0.7512967698199833,5,4.713486714606392,8.2743633790847,10.0
15.409040561520715,4.985934431585644,9.672244073724253,0.6737828746707241,1,4.483532439814864,7.033100471834149,10.0
11.162701497293067,4.226396524871837,13.456161960349808,0.7430343905219161,6,4.770473889722338,6.808406406151793,10.0
9.018923880660136,5.2420392050796645,11.895456397027823,0.6738957447267466,5,5.068886955525262,7.934603454162961,10.0
11.60233918800428,4.602680834032478,8.490223757613373,0.6846478882980372,8,5.09438656475106,8.152975699887193,10.0
10.703932863845255,6.72209626906663,8.812271576066607,0.7127784225658532,4,4.881303326770708,8.626657062452688,10.0
16.42711902160555,7.856099559427472,8.934056753251852,0.7901363873614166,1,5.708430508066071,6.737642625785995,10.0
11.13347917585143,5.190168283488234,11.782530489013538,0.621772089329331,2,4.871640087421163,8.049728305809321,10.0
15.889324717760072,7.305166999861202,12.41248415304202,0.6065827537322347,8,4.509139674763087,6.404634551340078,10.0
16.91872144810735,5.829315367798097,13.157863463392378,0.7215914367620091,8,4.81587438443404,7.151869982231741,10.0
12.338174195765296,3.7861783254711674,13.643819304837459,0.7898194177856853,5,4.399344733285974,7.228517811304268,10.0
17.09943143854392,6.453113710406708,9.21022734431865,0.797944626510943,6,5.457720063496955,6.681317843773447,10.0
11.773180539631928,5.567172485629101,9.858634908344294,0.6968328494784004,2,4.6871123452098296,7.477052157085509,10.0
17.64078416490108,6.253032616260517,9.441937284468985,0.6936163242170197,9,5.282426007487666,6.578056589830789,10.0
8.89289524525573,7.448437062858325,10.152569404796827,0.7289927541490393,6,5.467404722825623,7.423043334369185,10.0
14.870192665032427,5.2021728532802305,13.487990644542496,0.711126951440994,9,5.007113360186681,7.474032839572884,10.0
12.938140404569287,7.505888116086778,11.450675401636168,0.7268176115228236,3,5.200299093017983,7.924988082801583,10.0
11.876488054556471,6.753345071408274,12.429151383946994,0.7747998851075789,6,4.898317993105783,8.015288015224336,10.0
14.32711878748601,5.443024629389924,10.940715416760693,0.7492612338975219,5,4.216609515260729,8.432060987256868,10.0
15.038570916343312,6.016110678289818,8.173147480016747,0.6993754783373591,9,4.51074545405417,7.774356862585206,9.916824162570308
8.04363269650309,4.627905662595057,8.385172915986885,0.6923728918000339,1,5.262438195668124,6.875365440845777,10.0
9.669530887471987,7.917986498693871,11.227538187607315,0.7279203497026232,9,4.705479426275034,7.425962200479531,10.0
15.130460506343187,6.33675581525198,12.312734208920155,0.6911412568840595,5,5.282525206343573,8.016924655000146,10.0
14.663854135782065,3.2192342624831496,9.29198316517239,0.6915558702531279,1,4.64556052549258,7.109816249314743,10.0
17.660475051286774,4.633109528740044,12.331457443953823,0.6032611803573009,8,5.31764093051016,6.404045289429852,10.0
15.61037790250783,6.116572168795288,12.863994640901074,0.6348128274814617,7,4.989332369405287,6.504114547653271,10.0
17.50772707731338,3.2816663889961992,10.471384870172667,0.6977027279991506,6,5.293978532724279,6.424694640170979,10.0
15.02540501534807,3.1194209565957136,12.47851539706463,0.7645306918100738,2,4.907558795654695,6.990787142701631,10.0
10.980522086394432,5.250121197639013,10.42417970197076,0.6557454013454248,5,6.036734567050717,7.623386441170534,10.0
9.053649222508565,4.66345089846335,12.07010377673012,0.7045286866262298,3,5.554342811708117,7.66051995728272,10.0
15.818238633449356,5.191493040165829,12.583982295917258,0.6689924169518464,2,4.391585092055444,7.573665356965117,10.0
14.441492214759158,4.313466549400026,13.951559709848665,0.6209607979079178,1,4.861705400399142,7.344497709362793,10.0
8.481860123932963,3.8235887347149045,10.072379972381576,0.7916596966142602,9,5.425640531970934,7.942284959279908,10.0
11.600504659009783,6.4457167849016885,10.46624468344767,0.7709347740500604,2,4.062304070147777,7.399724370466384,10.0
17.56799815484286,5.572855581339002,8.993720356461028,0.6156984848933813,1,4.012559784112651,6.8412377193667435,9.890197227688434
13.004011457102012,4.000771056246834,9.224438350410841,0.743957452493657,7,4.740773410926967,7.740789742034668,10.0
12.327291360197046,4.597947131299992,12.160370015590267,0.6695159808715,9,4.557021160387664,8.472454339730335,10.0
12.576996051592939,5.959039538316629,13.502273540926856,0.7989699614123585,6,4.109373073284152,7.773930308839061,10.0
10.088827240051637,3.361146741362389,10.367629709967444,0.6604797039657956,8,4.712036457646068,7.469714802864639,10.0
11.687071708647952,3.7372650463308976,9.079066681013247,0.64774768907252,7,4.618308414207521,8.29979059941223,10.0
11.698132559871766,3.3662280205369504,9.710596996297964,0.713578109661081,9,4.455427092527449,8.216103711305585,10.0
8.523550201874723,7.061586663570594,10.730310228848833,0.7670252326686409,7,5.496524504635835,7.12503681742986,10.0
15.675676285179183,6.762046166060046,9.74390197619221,0.6385037743639596,6,4.918984696385033,7.595390908134626,10.0
12.16504431903879,6.766564659396286,9.401474498731197,0.7418805539438663,1,5.106985364162985,7.932506348302821,10.0
16.221798868164232,6.58162671738014,12.415906932542477,0.6122813166282243,9,5.4955285560737845,7.182459702642827,10.0
16.503480011198953,6.346927118349346,8.047069527443739,0.7837869486220995,5,5.2902540769484325,7.154520091453937,10.0
10.11994054698658,5.384959576890875,11.235383164018899,0.6162149832294598,2,4.6354464737984165,7.120285507418759,10.0
14.573534821701285,6.211390817535575,12.762600842178523,0.7828462752688325,8,4.7969798658526654,7.670183386344837,10.0
12.722818041629818,3.1918077739398734,9.59736971790481,0.6981614498905405,4,3.875292753751701,7.242584155271544,10.0
16.801567379214852,6.107322113283923,11.619749063672105,0.6896182225591839,3,4.790042140468077,6.3227930131768835,10.0
10.157406791764542,6.889388527684386,12.013400633711706,0.7946614159000753,1,3.6992162906322528,7.7756642258986455,10.0
14.778132003100442,5.501791801921951,11.93014817843054,0.7980768355396438,5,4.552963662918917,8.102875413904773,10.0
14.077521222527226,4.787566642136184,10.675097805192307,0.7300356251922024,3,4.415608100120274,7.667422321438464,10.0
10.953014775718328,4.387133674004896,10.079467927254676,0.6254238583714097,4,5.182179896957515,7.767977289035141,10.0
9.366009036511727,6.2140102508104125,13.01554443816688,0.7012340171310405,9,4.65525996248283,7.427252417648358,10.0
14.516397604772767,6.464005993149543,12.550675741999186,0.7058326201911325,7,4.7941363103849275,7.87945052382231,10.0
15.385974581323307,7.354837999312712,9.927531040483474,0.702889285627062,5,4.603853061587726,6.867138387683079,10.0
11.1562734376335,4.7116704123049535,8.618115166653237,0.713898367704002,8,4.596311142215712,7.261749253668231,10.0
14.448326040223138,6.848861536927927,8.430845272672816,0.6037449427588781,6,4.319549396063055,8.376472706820643,10.0
11.951309076115033,5.80677912094669,8.565655867393616,0.7422454562941005,2,4.874109306301574,8.206988431564964,10.0
15.132068832826178,7.414182453390396,11.497216167152256,0.7424788603905976,7,4.683220472452497,7.1586134530032,10.0
9.992152748940532,5.639060541478104,8.309973054973938,0.6230939550355775,1,4.522843578595397,7.477383375725213,9.881442781454085
16.902150026361745,5.588149141989836,10.02156124978423,0.7140478884891601,3,5.114692713235185,6.520549253381759,10.0
10.874095964655798,5.8893854072045455,12.519198211485376,0.7136722364871549,1,5.001277353888407,7.283828263518104,10.0
11.677859877561529,6.746576775712172,9.766088999092268,0.73649008403808,1,5.512753965882664,7.838176183596878,10.0
8.580919520803498,7.823452394142304,12.57984846308078,0.6170795384270162,5,5.053649895374778,7.426795082250774,10.0
9.115122123212764,3.3678167710788283,12.472802229242332,0.7253006614532193,6,5.006627670489361,8.26158823251134,10.0
13.158619027123281,3.267173011955086,9.474962795799298,0.6561503901492682,3,4.021982652744983,7.9857646314620245,10.0
10.675926767279716,7.687751687036693,12.372933080556473,0.7014005980992344,3,4.654762866147335,8.28338373292798,10.0
16.354802257421944,5.649378127591031,12.486659829632604,0.7546647105408154,3,4.410349991751268,6.9061055956873885,10.0
8.146933886549538,6.07451507283468,10.38472355400216,0.7411291872726027,1,6.025650811338918,7.028347436857709,10.0
11.790940486719363,5.412118007973644,9.26252290244911,0.6237806035355986,5,4.9951339665761765,7.994735091140278,10.0
11.373455467690928,3.4682872630373724,11.127624841351215,0.7182369574232147,1,4.24352637205381,8.408432901056697,10.0
8.19327630917601,6.840446892093333,13.528385528001177,0.7938233061881478,3,4.970733285371914,6.976034323753332,10.0
9.243683990005103,6.736123225442935,11.837700394592371,0.6313538874670004,6,4.892344613933532,7.731261372857195,10.0
12.136426749186352,4.55851660746406,9.037534985763568,0.770581417545083,6,5.358788629515041,8.096578553346017,10.0
12.928645844474467,4.5311962261420025,12.09654154840112,0.7405096161107554,3,4.366481480739948,7.94458574561937,10.0
12.042897472548692,7.189206904527593,10.563218163691008,0.754800662581952,9,4.629002339768203,8.431405516335772,10.0
13.30937678412094,3.361786288706633,11.549172784132239,0.6563916654285291,8,5.4333061597952215,7.9353299510081365,10.0
13.951316749056815,7.405525741782829,12.404384210138648,0.6575777858759685,3,4.885809853187174,7.739231543270948,10.0
8.099238211278356,4.283308449479572,11.089684109086669,0.7812038911552976,5,4.764588564264122,7.212497030387526,10.0
12.64095159453504,5.96492373877747,12.883903847439852,0.6719664064185117,5,3.7654967391207506,6.920428052536929,10.0
17.634992408875885,7.679970895008888,12.332933475899766,0.6126030781385621,5,5.268864613511239,6.332909347416498,10.0
13.190322801295487,6.390612507683232,11.690440040111064,0.72011934071589,3,5.817942431718801,7.39657745292674,10.0
14.775422674589532,5.072149062335183,8.904756894994108,0.6249635338083686,5,5.406926532835184,7.511485166670653,10.0
11.118638579168833,6.447671044527076,13.01569466546941,0.7593192482815817,5,5.0021729593289574,7.94924354930028,10.0
15.739913781527626,4.719898181581851,13.615433511918896,0.7283492885002115,4,5.232981208148131,7.5299571879961045,10.0
15.72921481876115,4.386292081745931,8.821790742855768,0.7749453010442416,4,5.26912796160013,8.31161795755348,10.0
13.21296047654139,7.9834163896733985,10.929446776600583,0.7569674499565271,2,3.8493244895431893,8.598917543754808,10.0
17.760138232792137,6.753951155898939,9.553332451823026,0.6224227296676392,9,5.358407639611378,6.335746927526739,10.0
9.255502147626533,6.2235998869090885,12.527139844553387,0.6762141352868845,7,5.822193324408764,7.902703037440816,10.0
8.16947664889581,4.776448216096594,12.3297778160282,0.7549120499829175,1,6.512313670497461,7.066118365719319,10.0
15.70158211757096,3.245804145775241,8.845310723422392,0.6834682946532652,5,5.087834076133647,7.41072905954692,10.0
16.071555373648824,3.155284380175778,13.262163627569823,0.7944730969559957,2,4.212201822183241,7.278050993429781,10.0
9.202072291205763,5.770906277243994,9.085838383868014,0.7471480899786899,6,5.464274829120651,7.118351980873882,10.0
10.655828329586061,6.810163605195255,12.783554153888645,0.6030999833380641,7,5.15910425334656,7.679246811266955,10.0
8.17552363366629,5.686895952219276,10.741882157768028,0.7759971383121673,2,5.899335141703296,6.419964955096739,10.0
10.933086107805646,7.203925359695573,9.969633761348907,0.6201609569737115,6,5.042670019677559,7.855362463998369,10.0
15.731418739186715,3.167132665466108,8.949435576045282,0.6281047448360172,3,5.769304572809456,7.285863595962636,10.0
13.17960527712579,4.8337603821297,9.005685536879776,0.7468984801222102,9,4.762468907847556,7.893951865699682,10.0
11.480955931682882,4.185351955870891,11.971343328205402,0.7729937118860961,4,4.799284732856184,7.485790705685301,10.0
11.717392949063303,5.23636484078561,11.302582327682723,0.7072699255799112,3,4.613903295700014,7.956089090254276,10.0
8.013536257154682,3.3618819659706123,8.732512529907396,0.6578099465891558,3,5.564386452121568,7.286488298237884,10.0
10.998005275652359,7.770658207855362,8.676187162629951,0.6702631090506351,2,4.97002307344096,8.180598665398499,10.0
14.464587416379304,4.116277005346805,8.43386344863675,0.6685778659192112,9,4.766230349422119,7.830528895914539,10.0
17.74194443816357,7.611538877417924,12.462604084241265,0.6653356207619024,8,5.641069248562468,6.195070964987676,10.0
16.470608269838994,5.129465775183409,12.271292511375735,0.64858193436433,5,3.9258068197844826,6.92979734007699,10.0
8.23594964645529,7.92762066627609,8.35058594512745,0.7217734189258467,9,5.378099778089966,7.419519181148689,10.0
16.985606046748394,5.770291917301054,11.361620453581837,0.7800810637130134,2,5.325639286569615,6.54494539541026,10.0
15.831984132986259,7.654164320879037,8.508056931456139,0.6614164826166682,6,4.994853945343063,6.839282077911173,10.0
15.803761235709803,3.0267449434711144,13.42247462365365,0.6373388594922824,7,4.212828096764783,7.087408820606773,10.0
12.579957590035715,6.7411940309045,13.442704515080795,0.767715533274285,6,4.948812772208972,8.17661859731891,10.0
11.980052929545028,7.515253265512577,12.18939793887878,0.7483566661779407,3,4.746319018671841,8.360771313245303,10.0
11.029157288331927,3.6986028348947704,13.5571335286367,0.7861674063119821,9,5.208159996597772,8.418906109055316,10.0
8.656948589543658,3.4806292586607572,12.868718182482143,0.633103947120982,8,5.6109122420761155,7.017180107650446,10.0
10.28235363493699,5.122863035929778,12.971231455562297,0.6288502628233182,8,5.108237999008055,8.814994193423932,10.0
10.466036349780246,7.668394530664676,11.4182471034196,0.7082858788609994,8,4.91507945257444,7.528860426226208,10.0
12.840770697102016,5.7119328009521935,9.836355189297056,0.722886730967019,9,4.817004644964955,7.851102669389683,10.0
15.47444406596694,5.637282318608661,9.30679469069853,0.696034688371918,1,4.948263274054361,7.991336514472963,10.0
12.738098283979467,3.7056305914966092,9.963200132233576,0.7197933272647751,8,5.341020899446517,7.139482400856377,10.0
8.578444494471606,3.0039475554660937,11.770972580534373,0.6360759537750142,2,6.840100119790058,7.479898116973311,10.0
17.577898009882038,7.050700453727306,9.035939214994393,0.6959227508328166,4,4.670104703617733,6.300336422613762,10.0
17.427243190941123,3.437872814931191,9.55184141982393,0.7316185121879336,1,3.844163729934286,5.82971188031455,10.0
15.851895431484085,6.16924909367662,10.808365176772787,0.6865412898497407,6,4.593068506739455,6.568021638820273,10.0
17.913279015642207,7.573082272575958,9.398300591147693,0.7358894671633196,1,4.825373201965777,6.812742837839509,10.0
13.444823328002629,4.043259565792155,11.53186201829637,0.690238256110768,5,5.087599674759577,8.153669326531082,10.0
17.62768350253206,6.326364181184554,13.539056170737979,0.6667199161684555,9,5.965969515551618,6.890627454619696,10.0
8.756050406167507,3.3934928835375473,12.488536194218758,0.6607210094174185,1,5.702929325427054,6.953933585738531,10.0
11.656807482613713,6.018775719188065,11.998559684893479,0.6821804117977176,9,4.5939836239404235,8.137998260186814,10.0
10.253812680067659,3.8196586047660137,11.496328855902673,0.6046179245364401,4,5.317332711664854,8.976301913747951,10.0
9.9583308413427,6.67976780257589,10.92768745554239,0.7337050276892227,3,5.615828233357881,7.673039195885449,10.0
9.408029488926761,4.506156473969541,9.119383157807958,0.7690211281960524,8,5.461637871083333,7.689277201061289,10.0
14.224136415659967,5.316955044023231,13.368262732561194,0.6709254188886237,6,4.966212401706471,7.758221096472099,10.0
15.81321855747305,5.997152710138108,9.491216012077018,0.6092066272283437,7,4.793655925651607,7.218297534575344,10.0
13.782983994203606,3.856367053331198,8.547853265468964,0.7973551194771116,9,4.063534595700498,7.45133896181457,10.0
9.469627095882096,6.708189093088104,12.500091075372172,0.6527396510902134,5,5.662799609786678,7.701778231621293,10.0
16.11123769933471,4.513201703184073,9.053693205986999,0.6253242243381546,2,5.745401911095803,7.968742822044871,10.0
14.359547071637285,6.311859299563768,10.231375997247056,0.6739505015946056,3,4.009435344820604,7.69642803985991,10.0
11.881657061269955,3.791415253496868,8.169709569745878,0.7477114081267113,3,5.112889185196637,8.60981833516991,10.0
14.741302955360629,6.440588296031751,8.822407655242689,0.6587833193781132,4,4.325110527424178,9.05235662065402,10.0
10.599049792428328,3.640940364052309,9.039221784559473,0.7149406407838976,7,5.124242032507147,7.495057019302594,10.0
11.451922084942105,5.1267824813499185,8.326460766501068,0.6831119988874285,6,4.07314961538376,8.25511843287362,9.033220171362359
17.1748584313199,4.236030368694384,11.93994173973707,0.6235527984553236,3,5.499731679749456,6.078872357136257,10.0
10.905045056714204,6.741876247140913,13.022046774818703,0.666057402498422,7,5.057326708191106,7.869721549639165,10.0
12.699882681579366,4.310175022534373,10.239892438195646,0.7449741011428134,4,5.092253407170723,9.223018691957657,10.0
16.901411373960148,7.408586531976981,13.247458860309205,0.7224007794662891,8,5.372300718081231,7.122286213692772,10.0
15.077213502675274,7.459101057033064,9.280079447360759,0.6239556759767122,7,4.85122146024704,7.6797404599110335,10.0
8.622032261647028,3.982206576113929,9.952342541367436,0.6326644819428617,7,5.726693612511677,6.8380990226343155,10.0
9.473030442789703,6.069229725038621,8.90442195818701,0.7281466718614891,9,4.8908714996367815,7.378218885289865,10.0
8.078415907719169,3.4385882085998216,11.723355172513992,0.7626830828641737,8,5.782900622466025,6.8133141239204225,10.0
14.309217902291634,4.957685498008146,10.51921754522184,0.6698948991916338,1,4.418892622188269,7.2184965896040465,10.0
12.476734254104183,6.566608647506361,11.679700081051392,0.71906215036869,7,5.001186381390113,8.403039240714634,10.0
9.342748509022755,6.2971162342495814,12.570049432365101,0.634128717750421,3,5.048770927660748,7.9918508652975895,10.0
17.579341210567705,6.12350334703304,11.274218096197691,0.6622752673810648,4,5.451999915509156,6.361133363215813,10.0
13.296597239456199,4.412704318312218,11.765782129410727,0.6040540411346105,6,4.523232568078583,7.642732603170214,10.0
10.418932941128892,4.89012474717201,13.611501886365998,0.7536551895599045,5,4.787656138863779,8.23812783126565,10.0
13.006035711547076,3.514730723501431,9.794385857653058,0.6802019639545933,8,4.5582378962172765,8.791662222552983,10.0
14.796203327351078,6.595114102168005,10.154983631803718,0.7632251147307908,2,4.0653323681341975,8.104736324274036,10.0
8.762392179735645,5.519443983956368,12.306220170256022,0.7416745992045453,5,5.7262445743224815,7.530573715709103,10.0
10.74703815047892,6.543828161728273,11.66783310233232,0.7657488531456954,5,4.890500088294633,8.382553768478632,10.0
16.069654908839937,4.244717623984364,9.071197427238289,0.6571317339165765,3,4.2466821740022045,7.655965622659056,10.0
12.596648704026613,4.622191143175331,10.256883860062942,0.637021746085569,5,4.411464513427262,8.058574212856005,10.0
13.465771420322948,4.671076686300573,10.80702807874829,0.7943811365303342,4,4.367779006662567,7.968472045740264,10.0
12.328160022094693,3.128712048736081,10.516339027810336,0.7434655574081739,5,4.896798040452228,7.7306820075579,10.0
8.438999426430051,4.705239364153118,9.069648849932245,0.7668084535853341,9,5.280561191059368,7.7802753513829055,10.0
9.65749779820156,7.016522867590168,13.546580550705574,0.6026266747419867,7,5.525527765957783,7.641358215507668,10.0
12.455416387418909,7.486492478748692,12.573912570163856,0.6708923240591773,1,4.092289712536744,7.5000212096025995,10.0
10.091854654079278,5.591091578179637,10.888134992647114,0.7485633381154664,3,5.1986342274965915,7.345653125375361,10.0
8.499790286596788,5.277508476096101,12.08036616984102,0.6155965665979967,9,5.544688834010462,7.367241141976605,10.0
16.436496640518236,3.1541230934968514,13.38369603281313,0.7134679859137871,4,4.745453448513343,6.543227784122607,10.0
17.81192529164116,7.396021687926913,8.817044854169428,0.6858145534910006,4,5.395726936037272,7.6709353628748875,10.0
15.931428739967394,3.065051067129364,9.502238304241866,0.6035233014282214,6,4.850780533587938,7.470949229347489,10.0
16.53784921704667,7.723750401051059,11.256207483539871,0.6471951154238903,3,5.578808108768321,6.723539197642694,10.0
10.419771303170453,5.446081243440453,12.794062228114152,0.6569583978133429,3,4.963795821446308,7.967180065635008,10.0
17.606269755131997,4.709672467873633,8.217529372649164,0.6223719892692645,9,5.783246579944894,6.796390659792706,9.28219279015064
9.969257044534285,7.621092174213301,13.904108901178162,0.7263073819485321,5,5.423187300708569,7.902700084754827,10.0
17.514298103618323,3.1219549655504837,10.729439617294382,0.6484795752503778,7,4.5682695101229385,5.999478430314814,10.0
17.94819293965951,5.907124474345435,10.155386843730337,0.6555238999238777,5,5.263851104404585,6.176000513695608,10.0
15.117228057460487,5.744662622496688,9.756346627038631,0.7796477196400295,6,5.178155670843122,7.394330577779717,10.0
17.81143731791822,4.09660200605691,9.04614024590523,0.6934246185386279,8,5.390419190538305,6.084050908804575,10.0
13.695397795671036,5.144437156751053,12.749443453580167,0.6784256293938544,8,4.711590218570414,7.441966315997032,10.0
10.595417831760903,6.261320029718851,13.732484988476578,0.7447742076629434,2,4.963392662046917,8.33911723569915,10.0
12.369958856656208,6.635655984409637,10.48186852907239,0.7819227593765825,9,4.997824781627095,8.22868465764461,10.0
13.935609353787859,3.003584293532899,13.714524168520738,0.6050072672474888,6,4.484018655227368,8.044273058995973,10.0
8.73081562027015,7.684267150455076,12.942785692610205,0.6896477693110793,7,5.158983069425986,6.539431231869901,10.0
14.22343264617246,3.822626861964062,10.88630676485791,0.7221562712155895,3,5.10977887609105,7.553417860382412,10.0
17.811778367622946,4.167902171111796,12.044157074756797,0.6637126196251979,4,5.372476337562997,6.936086257932081,10.0
9.901076497837277,4.317367228469241,10.609905075022777,0.7544815444246483,6,4.931980833069021,7.9762757174729675,10.0
15.925951162883834,3.1891006827601767,11.352340449275314,0.7942954140540548,7,4.886443788842938,6.647509853316715,10.0
17.078987937796192,3.6152606179516247,8.348278022111023,0.7886854732500567,6,5.343457269367596,7.543655954710936,10.0
17.437015928202207,7.93174961472081,12.1775808518032,0.6531965078759884,5,5.16297986262107,5.309758096176098,10.0
17.601356044054473,4.57608368688643,8.31694786690482,0.6452676556874972,2,5.292992023620144,6.495016286175863,10.0
13.21459638721472,3.5765054516952466,12.902509681517897,0.7914981062042442,7,3.809917488842581,8.78410055733563,10.0
17.773079079915036,3.5349563058731164,12.949681576763345,0.6917256974862932,5,5.379971266669454,5.549532692482245,10.0
15.573102071344389,6.597299838349859,9.422463725337288,0.6416595446169383,9,4.752245111353313,7.123453875863381,10.0
9.616714362369619,7.272843320163204,9.941976686214801,0.7413993927260837,4,5.541182217775704,7.012999055780908,10.0
12.7690010646797,4.284761497542349,10.88786227134976,0.6568840647807583,2,4.651127082036145,8.676230150277679,10.0
15.183311753720039,3.104547561676175,11.579977441594888,0.6534493950142105,7,5.510682236672369,7.08376057749239,10.0
10.473403158190834,4.115450092226779,9.72412197045198,0.775849808615557,7,5.217917476333352,8.380574106130974,10.0
14.406151835488874,3.2825784539837866,11.55491842779155,0.6324958306753806,1,4.32910038576272,8.404961720668686,10.0
14.666004790466193,3.516974683150208,9.786722439375794,0.6128785892932472,5,4.1027877065191225,7.002088272129853,10.0
9.62699743808566,5.157540599238212,8.332944326426365,0.6538372880343375,3,5.037426680273394,6.9706465568063445,10.0
13.650853124527563,4.149591854308163,8.015165298991453,0.7213890825676408,9,4.683919319091411,8.103317162161547,10.0
15.716269109786078,5.579729392627117,8.606906347510572,0.624617570680654,9,3.98825831454091,7.697274344717868,10.0
12.98895664535942,4.267468766285952,12.753504200984109,0.6943189344553587,7,4.644235837051243,7.915845575214488,10.0
8.121031167761075,7.702686505514738,13.768587874300023,0.725467422085064,9,5.317174785796446,7.26047242157868,10.0
8.090384690792922,7.529719839631323,10.561797195687316,0.7697473985186348,2,5.591897062960075,7.9756662113907755,10.0
11.570293439700121,5.83403052505233,11.076103720699656,0.6459739182404509,8,5.768587239522243,7.8707872517951065,10.0
17.26194068431782,4.772119959936931,8.881089014440557,0.763469264676558,1,4.294767598267553,7.3038074611335375,10.0
10.286767796036088,4.905734410173678,11.306188116080943,0.6469812522262477,3,5.4175103162964255,7.565081641486386,10.0
14.34363688871687,5.059261415722485,8.86792941204186,0.7353533082479281,8,4.940121652620125,8.924151178308868,10.0
10.220758706933205,6.63789661067472,11.66728598719298,0.686134714296491,8,4.708845325462829,7.399285895026233,10.0
11.216699896595486,5.258194977594189,13.599552005485123,0.622936248475734,8,4.8131658817718685,8.56138678488031,10.0
16.48042089601484,7.283649732529487,9.174191235818238,0.7428526925643698,7,5.420582399555101,6.513061535914285,10.0
15.28861442269947,7.720473929651822,12.587382308342612,0.6435525237098035,2,4.836995609210801,7.852547743604986,10.0
8.953992773132107,4.67973076689467,8.141014536909944,0.6353246852049182,3,4.273998627799187,7.532253439699312,10.0
12.287020209864336,5.8034724068784005,10.252983447929726,0.6716645857178767,9,4.881804675487287,8.134828519212942,10.0
8.291697636452644,3.4752826841628224,8.664491046983054,0.7306580489518967,2,5.790154140161235,7.645294662600119,10.0
12.80890146603009,4.002345238831795,10.114852649574196,0.6467992957581256,7,4.468231865067944,8.090269455238618,10.0
14.62434011701068,5.067328833550801,9.041221517833302,0.6367323077563771,1,5.148555252627564,7.734555664408018,10.0
9.185026235981516,4.031013579508894,10.239829940737325,0.6019907251426728,3,5.654260419506568,6.674782632136564,10.0
10.888849389091657,7.3828024539435875,10.505136836645182,0.6943286194203447,1,5.49875730627251,8.627556674589997,10.0
11.97836625502157,3.79143128029549,9.80354673668551,0.6857291138630366,6,5.223295423742838,8.764477105635926,10.0
17.195310246560496,5.27830410776546,11.939731696838775,0.6467735487274753,4,6.386724020674269,6.597159733646021,10.0
17.93255015422964,6.028496202299379,13.513112307553458,0.6107304328019382,1,5.884239061101107,6.51874561594785,10.0
8.44911298995616,6.459319540804222,10.403572244631635,0.6858511749191674,5,5.467327707067546,8.052509819127286,10.0
15.61007923495392,4.915346848632534,9.15405893885013,0.7576410222143263,4,5.22278058143941,7.649002062014014,10.0
11.717240664023432,7.345495343623643,9.6243365491759,0.7430564262654354,2,4.810864944333097,7.730215819517028,10.0
11.9245818622948,5.841595755389628,13.124004940978214,0.7721589779720341,7,4.602031789613321,7.39917795372406,10.0
15.542649733470228,5.197538902237759,11.429838339620888,0.6019165375426311,8,4.292616486340698,7.689711845870194,10.0
17.184264321454087,3.336203170260183,10.730066193841743,0.7932838633609197,4,5.05191094569827,6.725729707119217,10.0
17.509285945025486,5.323447342225825,8.89782032905356,0.6682824505254896,9,5.637674851303264,6.479680562946515,10.0
13.771225860383208,7.103679204078651,10.698363849942691,0.798079559218393,3,4.271433116707823,7.46226051125789,10.0
11.571211593005028,6.072705091106577,9.67095202014432,0.6505238921203549,6,4.9694145113787735,7.8203335436867745,10.0
15.875490858587792,7.160812268645592,13.658978767120095,0.6943072775156489,7,4.692613539542189,7.417397385037895,10.0
10.510013832623002,5.470058352996528,13.304420656494388,0.6707855353150607,7,4.9318801055294275,7.741804184064526,10.0
13.640740288335177,3.592308525472409,8.503415250969187,0.6711521429988605,6,4.667539443341201,7.881782288464353,10.0
11.585784615248732,3.068199229179405,11.099920935567457,0.7684564197496432,9,4.882018218291337,7.975887154830776,10.0
14.56631073707876,4.5160977335929555,9.350350073088032,0.7492837879474677,1,5.872626294033107,7.99936375388127,10.0
10.40398912893507,6.489952357488963,10.464662537145744,0.7984302870460097,9,4.692597369308706,7.154444055421916,10.0
9.915929457348257,6.951299519708469,13.261087989508738,0.7227029365435025,9,5.027947459430715,7.604823633683335,10.0
17.18239086675437,4.478764173101647,11.165087119331268,0.6926513208789006,4,5.033391034227501,6.106211911193584,10.0
9.018036829495369,5.478269604416235,10.005291760224559,0.6180147725893782,5,4.504656914506228,7.633153255454621,10.0
13.059579077349316,5.105594522170408,9.247330124629983,0.7993122839027714,3,5.128486114615512,7.538850271418271,10.0
10.20852782963009,5.052613921757139,12.801949156438935,0.7103061305864566,7,4.572765067127206,8.309273575257794,10.0
8.389299633256675,4.156743566000753,11.747108092186084,0.7400954939380284,2,6.115933040918777,7.1425540934289975,10.0
8.360188182914264,3.681855525147292,10.808392762557387,0.6813484774382623,8,5.0462805505155925,7.049492591284921,10.0
9.752217721058273,3.9834427911560657,9.304906123177869,0.7095431416358472,9,5.272947905030306,7.330726482771727,10.0
16.667703545060004,3.2766619358167306,10.005478244942788,0.7885155463785775,6,5.896151798741264,7.036134011923514,10.0
10.824787439770267,3.9906537091178853,13.759060560431111,0.6332838875863205,9,5.1121727543457105,7.296268463792913,10.0
17.504591705752958,3.046004488126897,11.120539625635006,0.658474516866051,6,4.923939406140628,6.4384223625927675,10.0
13.816222929891936,6.136292003179891,10.404195687459518,0.6304119455556064,3,4.256011059748973,7.776885413778707,10.0
12.366141897687662,4.5818770369384145,11.128532254089944,0.758443180760955,3,3.6260292140393977,7.732257442739983,10.0
13.800888346694546,7.865723557134543,12.673931035397652,0.6124090520843659,2,4.514976687491676,7.947319680222492,10.0
13.166983852262678,3.968585253881489,10.040653619017213,0.6163263299702676,5,3.985868847751591,7.700411217088307,10.0
15.587762537573251,4.729142851547969,9.072236725595653,0.6596988225574737,4,4.831828100246851,7.498667988024445,10.0
10.824960659728523,4.789205793207666,11.509616710034287,0.7028376361842023,6,4.669238089426645,7.658497587508021,10.0
11.530503916003024,3.0422574803123026,11.991224620886403,0.6812549601119173,5,4.840511262606266,7.617073342038702,10.0
16.94094302533251,7.196039765197295,12.276308017751298,0.6089632621341614,6,4.507902456782824,6.907266085938867,10.0
17.464565131504056,3.1599723007216234,13.291925544596777,0.7914983115741904,4,4.9416037231580905,6.910481251459711,10.0
16.925582274864745,7.7008991736462065,10.227044724134679,0.7905739040716168,3,5.340112293644982,8.215280029731911,10.0
12.194479939573135,7.4603717554681035,8.452129377373351,0.6558712646481519,1,4.8771740205622,7.827980684243197,10.0
15.803655030068818,5.6776095804298174,13.750091501785654,0.7463051230537163,5,3.9560432364852147,7.662777210007759,10.0
12.763357333010989,5.7179778745564604,10.610071564624851,0.7157150822766448,6,5.087444173963434,7.748606848831302,10.0
12.975398521461022,6.2688896147807815,11.739545058038788,0.6474953390011248,5,4.154395618582031,8.330601885457455,10.0
10.04680109057284,4.935250059674435,11.997831938769753,0.6524343103483231,5,4.231537692513617,8.460308469702348,10.0
13.911303032585165,6.236111416989277,11.279082252207221,0.6982306348620901,6,4.57136104788155,7.881701935557085,10.0
9.86135897753348,3.2238419434424346,9.23154517841762,0.683847388299472,4,6.242935823907144,8.12702545461565,10.0
11.315646990671938,3.270238136748633,12.530858300696849,0.6582458656462529,4,4.626796817440655,8.199051265633367,10.0
16.550302016199353,5.2861520980977215,12.82251184582449,0.7615023192610298,8,5.031159488498869,6.970292162505907,10.0
10.070758092108552,5.748111505530175,11.31785351610464,0.696292583527477,8,5.333834746449812,7.6004103784365435,10.0
8.711582851734327,7.439088201679095,10.93136696350905,0.7309696124778255,3,4.877185617503434,7.284014701017139,10.0
8.690075926128163,3.5233031695394814,8.683629098767913,0.6378547000335751,7,5.4717176346552305,6.790871970727944,9.885074969932376
17.40784520503108,7.113239635969447,8.503709968998702,0.7067015325032974,5,4.755812386786314,7.05657981463876,10.0
13.069204379618347,4.050236686460348,10.037389073381172,0.6635952098893243,5,4.949574991872959,8.878513343966498,10.0
12.094120718170183,4.970418242550159,9.86507693310436,0.7052827220789757,3,4.915371463401219,7.294649287014756,10.0
16.108785810079183,4.583012174137065,13.721938705779628,0.7561651666821857,2,5.0556469983074415,7.674920159553234,10.0
16.35825927910516,5.000776364326995,12.701736454660578,0.7537826420182524,3,5.028527334317125,7.028057069905841,10.0
11.321910331156046,3.752477490362928,11.95954577155436,0.6708441356068552,7,5.795523046728671,7.657039935618718,10.0
14.936180574737952,5.517850372017775,11.105888534105631,0.7388554234159278,3,4.8625474651338845,7.6405420219817275,10.0
15.711228158518866,7.008212949156836,9.004205184359908,0.7882579900788554,2,5.102372899234909,6.909778815873713,10.0
14.546506868659545,5.2076700518944845,13.870740033105703,0.7251338659849813,4,4.895483175694381,7.79288572163855,10.0
9.515950748000993,5.4530678794909955,10.25024418944126,0.6296820246765275,5,4.6033260091198,7.544634201858469,10.0
16.75883083517057,7.243837926406571,8.641553614683469,0.7359417258558191,7,4.63434188482678,6.695848105863813,10.0
13.390945527360087,6.530290573190154,10.962793374294476,0.6209808772698623,1,4.124903527480473,8.49159619646269,10.0
10.824724263700038,5.452272042598923,13.2439880696785,0.7744220817586055,8,4.464165225881122,7.055956973352437,10.0
12.252281854376939,4.288478240945898,13.323746010663976,0.7033320991603881,3,4.448431849385702,7.7129472201887905,10.0
8.375710903989074,7.424633734224833,8.065795496338684,0.6770281472623159,6,5.303064265058842,6.353359804589757,10.0
9.278668012224175,5.885102008452792,13.317774468508398,0.6114013189299384,4,5.053067939878337,7.69518596977489,10.0
15.655467505158608,4.105738050553467,9.62890530499915,0.676156746918422,5,5.11657552129484,7.084392992315298,10.0
8.00011634755366,4.3455987631900515,8.233834183810538,0.7806413335831579,6,6.195230594967028,6.839274715241677,10.0
12.165658284822921,7.01566544468123,13.086741622177247,0.6041965992572607,2,5.27908233535831,8.140043850416413,10.0
13.225101810855884,3.2207278104372774,13.183200535929249,0.694929631556361,3,4.806170113925791,8.230781643629099,10.0
8.546344200009724,7.9604609351441,11.5773864790541,0.7862316182221245,8,4.938808843710835,7.994934931716794,10.0
17.730781629723328,3.651758398573959,11.44660254377815,0.6789681999530042,8,5.771437921398618,7.823297282359049,10.0
10.26125331249672,6.980342626984687,12.878721635728516,0.6856351374924301,1,4.674460515817487,7.564115535356073,10.0
11.04198719636281,4.973876583858415,12.717857316261679,0.715712011039824,8,5.0413965836599814,7.616773346061626,10.0
11.039425122550274,5.461080916437334,13.340632840656225,0.6925874667154367,2,4.965174001256058,7.956167402594801,10.0
10.304166621173499,7.403252887322889,11.316484685580221,0.6337203382475105,8,4.411229837571359,7.899740232503749,10.0
8.014738220863114,5.064555947946066,13.805882556396853,0.6037111078139721,5,5.25235274791467,8.072620799530103,10.0
15.293447940879963,5.687468768366172,13.976880985600031,0.7219623315957403,1,5.038488931974388,7.718475754476396,10.0
17.668454997992853,3.2464983120458495,8.699267659991795,0.7841613174015625,8,5.154067177065277,5.921277521093736,10.0
10.24293483285045,3.0117373693372658,13.097262557324733,0.6212728266054331,5,6.409324126711446,7.3452723244688265,10.0
14.630471918034225,4.22399936500863,10.998933546491534,0.6421905438505506,1,4.494557466159717,7.994701798227857,10.0
15.41896326958715,6.402915464593836,10.325398029798993,0.6740458971649947,4,4.293106965679664,7.3116843893608,10.0
16.484253790905246,3.6063244667956837,11.67843385929629,0.761748445804224,1,5.000941355901906,7.702490501038062,10.0
12.226291970136092,3.568809794022747,8.335793343572043,0.6538520632941955,9,4.542320711517636,8.255186631845097,10.0
11.029309056404292,5.054803040179516,11.038766712602479,0.7764108808557537,2,3.968323439891135,7.430607003350626,10.0
11.252951340230311,6.239185193041132,13.22534342016,0.6109915749300132,8,5.214225440105124,7.384161032938276,10.0
15.126213330985129,6.560359961239652,9.280769096833813,0.7881913242517871,4,5.2587408939340525,7.683882738502782,10.0
16.16779466505636,3.892253370491874,10.55833936861655,0.712149415574753,9,5.334580323145024,6.960722986028603,10.0
9.816139677566026,3.397940736860212,13.636885326289253,0.7317555356975409,2,5.197999798002963,8.331280810230584,10.0
11.709410081577651,7.701985169727721,10.571383026834184,0.6735379045072706,3,4.678285004260804,8.165468516551519,10.0
17.0194019674915,4.303331912810509,10.15020579399439,0.7563988571022121,2,5.160584933059222,6.900042945213555,10.0
16.06693519694739,7.266732488043619,10.64321988874027,0.6333132500168812,5,4.829626779944767,6.5583843957721735,10.0
17.84858402762476,7.3174572523140915,11.116716599105338,0.6097823650556974,1,4.961508066812986,6.0511177793469075,10.0
15.542482596820808,6.862612958812722,11.791948064788812,0.6791033886215114,3,5.583353072641489,7.348972798242604,10.0
11.931952010279222,3.8441680332628505,12.804156805500387,0.7707391427962079,1,5.358068202061959,7.062525699218938,10.0
13.906378339946377,7.109007296271002,10.712613234585886,0.750985367327539,8,5.006624688580166,8.129842246599253,10.0
14.610142542473202,6.846252796207933,12.904885610540841,0.7034311940977916,4,4.502321259533578,8.086147095519356,10.0
8.784558163171239,5.983614950531085,11.202323968112484,0.7144275494330707,3,5.579793395295373,7.218342273413643,10.0
13.444969591038651,4.686010175844764,10.030883062207867,0.625978565259751,8,4.547918107375684,8.529870966004756,10.0
15.093208284726096,4.31254302133272,11.947704968716485,0.7681363017235164,9,4.620814773915359,8.133920566650618,10.0
9.673213040010603,3.609446060401795,12.306333528460948,0.7573919365928394,8,5.060512259249564,7.991182953835471,10.0
15.806317174255572,5.548785334504357,11.348293853776925,0.7312940787773886,6,5.070642343679395,7.2451955156549674,10.0
13.837727805141116,5.926304377549233,8.33968983880834,0.6932382072657877,3,4.47393790755765,8.329015813504167,10.0
17.522217856975946,4.796694952578936,9.01929725096495,0.7928918536559025,8,5.1235360757901836,5.730175842668215,10.0
8.424222982068917,5.376795338404342,9.71178632534137,0.7758063943752943,5,6.048284203067283,7.398118049130747,10.0
10.65326137555467,4.8175722868463335,9.695753635708959,0.7288860987029238,5,4.0452189754873,7.487187411499743,10.0
14.01553879299824,6.205030286603506,12.040524801481224,0.6743601995434576,9,5.18913361903329,7.465484182892411,10.0
10.965599122059308,7.506296038982817,8.110091970041795,0.7236044557363025,1,4.769037532013175,8.171498246878123,10.0
15.144241640712423,3.8196013102347246,12.53409066229712,0.715088185306133,7,4.534912222606516,7.103514324744444,10.0
15.59005282521931,4.907044049515617,9.592054848841599,0.6788483975669832,8,4.668063667383843,6.5904157380937844,10.0
9.025159640664745,3.7043430197543064,9.860131077296614,0.6613347943376152,3,5.229146607921048,8.66771223353652,10.0
13.138544642067677,6.12471885203916,11.167458967663546,0.6814021584474644,8,5.131963414300078,7.632974271635629,10.0
13.088905555910559,6.6443525474429785,9.295553605633746,0.7147822812066796,1,4.756190946826848,7.518748455804718,10.0
11.692807702155411,7.65956366298728,13.306827881453165,0.6856269689422189,8,4.501539418655871,8.59245974844973,10.0
17.32924862569672,4.394359631304825,8.512212675959391,0.6527148976402768,7,5.491106562843319,6.278944895831686,10.0
16.275063198732212,7.751056029327151,10.666294173806389,0.7521926635521617,4,4.878272862107792,6.4513245642888535,10.0
14.972093819096369,3.3163133591033738,13.09653361672934,0.7062934991914827,7,5.010774377102213,7.100586045158076,10.0
15.143266357349976,6.015069316822941,11.695063366527414,0.61353503264512,7,4.900684375916395,7.2904177591562975,10.0
12.617161438131191,3.28566359671665,9.7539770950558,0.6736633011252251,1,4.151094766247119,7.445542573531707,10.0
17.20994521096576,7.468870938809724,10.524561246658765,0.7769826914423987,3,5.403380949060501,6.226325182717951,10.0
14.945954272532854,5.649045285350271,12.240166282055087,0.7510473062399904,7,3.9225794164556302,7.342368135701202,10.0
15.289810616558164,6.346741753813981,13.839564460183396,0.6646493567888014,5,4.731415959001829,7.944644698742366,10.0
16.61690903787345,7.157869629552263,13.3588323102766,0.7876366304089019,9,4.485231167096991,7.97032496625109,10.0
10.74071589342191,3.7515531124198436,10.05459685029426,0.615320581671642,7,3.8819876428522715,8.47520445147821,10.0
16.07070903866703,3.192957809690669,13.989187275727145,0.7922469407784378,3,5.014646996536101,7.057589944995198,10.0
9.952406029564921,7.3944057295642605,8.02102798118635,0.6491410184969352,1,5.426174546633441,7.085073540310306,9.42471164792441
11.453419522448879,4.574666137294662,8.16577853485049,0.6018188360604838,5,4.75700219791489,8.335799954688145,10.0
11.356104542698427,3.6448945396358265,12.943043091027164,0.6867616073036653,5,5.42622597220553,7.4676480868896995,10.0
17.785254683891406,5.342306185435433,9.196776120998312,0.6717940859374018,7,5.261521858634721,6.141843231872345,10.0
16.56537223747927,5.991530378480094,8.364615610377445,0.7078178010413588,1,5.0687172308960875,7.76582091107448,10.0
15.011698615902597,3.1548530171125506,9.422888439419014,0.7593545721139691,2,4.329999341788936,8.398682632872635,10.0
15.270567616153901,4.374478291285438,10.556600923885162,0.7684861604300894,6,5.070335697630451,7.5542926525194085,10.0
13.620727944025711,3.16399937138448,12.383397622600429,0.6802459999223384,8,4.937839817627353,8.482103433526778,10.0
17.470906671085192,5.101676945977495,11.746013159307234,0.68596914874127,4,4.971281750142283,7.099242293067385,10.0
12.962587528823615,7.475500145331221,9.425727305362523,0.6296355460658947,3,4.029736307094,8.282372079005013,10.0
11.805177098698945,7.913262057467846,11.019622688603507,0.6095095217762326,3,3.989902077563756,7.862405715511653,10.0
9.63035336931591,6.185237767518138,13.557284632391413,0.728242998047005,3,5.581796966725587,7.44137340174543,10.0
15.86205652261058,3.808188468922959,12.890046661902547,0.6128875251105385,2,4.2755291034425,7.276461074114841,10.0
15.344439320755914,7.529246949996529,9.939138708990761,0.7467660238842913,1,5.549283933975295,6.7991234965130225,10.0
11.843550385241349,5.581239116000303,13.893587368134177,0.7078180290044496,5,4.3412522987724325,7.760195627718599,10.0
8.251934139592294,3.7687465605145904,12.251722402610786,0.6397165956452167,5,5.2921263567421635,7.596763082526025,10.0
16.389973277180108,7.608633347258307,8.37469613400069,0.7079045887025299,5,6.362733274756028,6.72141669968072,10.0
8.114179834540737,6.7873452536155146,8.210964279731833,0.6365995433204198,4,5.248416777249255,8.017322038524568,10.0
15.03699779629051,6.658526363615758,9.01044769406018,0.6877474415020824,3,4.271652156716873,7.661934154773498,9.823734904811182
17.70257109726057,6.545903518972024,12.36713520830088,0.7599120632484458,3,5.069795159073545,6.765385828544041,10.0
12.376613281482035,4.001699105482212,9.102433555054567,0.6923838586821275,2,3.9355757759468246,7.886397356753917,10.0
10.349734049959528,4.05503345853763,11.068920615253,0.6297398636595096,5,4.792593019956021,8.179731445400224,10.0
15.048710100433818,6.441464992136275,8.55956072108499,0.7447657363645891,4,4.791045459828712,6.970635386971167,10.0
16.17128142015585,4.098613750551984,13.525316946981171,0.6373536832540018,6,5.405120067609796,7.341598402034281,10.0
13.464303160778472,5.193358484015244,10.063763681501406,0.7477099748740219,2,4.922013243827386,8.1512681554294,10.0
17.670352752561463,6.9100091279697065,13.448792339363784,0.6958704578431667,2,5.303822937054572,7.033937269466575,10.0
8.51668721657961,6.919762590489205,13.669253851463266,0.6907483518188603,8,6.437640136079201,6.389880280117128,10.0
13.04795598304528,5.266308862629298,8.036771883882086,0.770287007571495,6,4.9691475587296985,7.609322701750448,10.0
15.1845394732255,6.960949691376225,10.784811123192393,0.7417207048681338,3,5.4870467096285545,6.602908537336139,10.0
16.62640471149179,7.193108980990284,8.147936334241358,0.6065821593909878,5,5.437560559557384,6.510040042913716,9.698801144193872
9.7925561190779,6.273878756421301,13.452156597817435,0.6592348629203205,3,5.740959737287049,7.702797039622119,10.0
16.000034817636813,4.142129261542101,11.110445268407455,0.7741841321699797,2,5.453767432158449,7.495006785678614,10.0
13.527070757185452,4.370058901927738,8.449664076190981,0.6036652337090397,3,5.084960793398612,9.00679494013244,9.87643336490906
11.965536819899633,4.574205777043677,8.661660369659401,0.7090506892523941,1,5.027665551704883,8.675173179604645,10.0
9.317150285790936,3.58402053866976,10.301054146956435,0.7455651338347888,7,5.8934300025535595,7.396285614150879,10.0
16.652957589089123,4.365798101849726,13.641405157237337,0.7243712170969152,6,4.704311221947571,7.2778820412005665,10.0
9.572732081797154,4.047596121562661,12.157454909408486,0.7521064404208873,5,4.7239135040382125,8.318002102822627,10.0
11.097878592090993,5.276643749043011,13.205713197134795,0.7451383697829492,6,4.018391734553024,7.909386661202274,10.0
10.900455319624369,7.542187739361324,10.198739878039877,0.7384061390306227,8,5.10635571493143,7.907844640625891,10.0
16.714140341908543,3.52240158376979,8.25928219729999,0.7643079721851305,3,5.590515304685155,6.77405663409323,10.0
14.72702994208898,6.601339619736978,13.845905823226484,0.7291381336899077,3,4.205182202334027,7.8697433028598205,10.0
15.966813971913723,6.436415022065638,8.103037943974217,0.6804836988513964,5,4.5125001818482,7.420023477702371,10.0
10.50467898792499,3.4787709933167883,13.685909918486534,0.6943818219829175,5,5.627201684887044,7.9592308996645045,10.0
14.248740996069989,7.612862024529,10.212064543094868,0.7433449565362902,1,5.038916796978077,8.615814568863088,10.0
13.717459831437488,5.8423610107840975,8.060542430131289,0.7752612059333588,4,4.996454318711774,8.35430084219955,10.0
16.328303767882712,4.818627605678421,12.13494339034705,0.6544437601679551,9,5.143230058868407,6.2535789927998175,10.0
17.060870604812607,6.782692917476533,13.883241824188126,0.6684153591942141,8,4.9775058407176545,5.820095257587402,10.0
8.121567714773867,4.28682729200817,13.793754337025556,0.7861478792724825,3,4.7041951510326,7.456572711263147,10.0
14.740199190587926,6.4675491852316025,8.965622067214511,0.7157023584818891,5,5.022105380654272,7.573851202474274,10.0
8.51835799119729,3.198556037861236,9.08748683639693,0.6357923634270002,5,6.42800638883136,6.518912832025105,10.0
13.48858665077356,7.19704018804636,11.39323348771796,0.7327390277824766,7,4.817029614141255,6.939178604924549,10.0
10.876327290436782,5.2408542351065925,11.823828958569946,0.7981524311078759,8,4.27601556388755,7.8122589808977905,10.0
11.067765995221412,6.183464571789709,12.436507481995193,0.7646907128940801,9,4.720515216427222,8.085000817419681,10.0
11.529585034523565,4.106189099033418,9.086302162832885,0.7491482273102805,7,5.239282306978012,8.135876615758086,10.0
14.212924490496102,6.38536856329224,13.754042520586607,0.6416093308532539,2,5.224334709461084,7.452230133399515,10.0
11.340499656687692,6.861201379466383,11.832435537735428,0.7752279569368015,8,5.564589392406653,7.699700894374676,10.0
15.326990505902804,5.366065934421994,13.082281513223329,0.7051577687071093,8,5.316099367141387,7.195244168532259,10.0
12.045273855738698,6.088634620308971,11.24039429170503,0.7778580044143911,2,3.717671123968441,8.24643077486769,10.0
8.683532003099586,5.2816296191119925,10.485661085539295,0.6659655658849759,6,5.429997765502403,6.685372663781678,10.0
15.837598424841072,7.470456846289228,13.863097439569977,0.6124102105270866,1,4.133835465382903,7.27334783346481,10.0
10.85758324592706,5.489345902571596,11.492728224919016,0.6951951937319493,7,5.167788099500382,8.444378436973414,10.0
12.327668795992626,7.209043545144095,13.201241496795074,0.6539675209635756,2,5.063108670619307,7.8188244156871285,10.0
14.854438832219016,7.006760291351243,13.71975437819774,0.7430458579552597,5,4.325790034896379,7.6727911288924115,10.0
11.32456157148712,5.0525241067417825,12.052127762051956,0.7914213105712066,7,4.637483034801216,8.185031849375326,10.0
8.565856561467156,4.150422459287375,11.29363207111205,0.7381948302303128,9,5.027051027236381,7.081319765716602,10.0
11.739210470128135,5.030410662798855,8.021065105463904,0.7773867859418407,1,5.15329406154859,7.945813412816225,10.0
17.444485826943033,7.131086878876101,8.240117844434035,0.6906048027202413,9,5.1343341390185575,5.867806347320062,10.0
14.417343972985583,4.138162679096962,9.205107296306698,0.7543281474390604,5,4.380773528934945,7.950861121463659,10.0
14.71479148667207,5.622181729288747,9.116050591135972,0.7686086873343407,6,5.1165898167583155,7.712928060915745,10.0
14.322821536376399,7.030483739803738,9.528552771199072,0.7421751255167085,8,5.0008529102552775,8.313316968799798,10.0
9.989921389594368,4.767387375641894,9.829607826185965,0.701555457213913,2,5.411272455275003,8.236904262272596,10.0
12.183338641022802,6.211048185013487,10.16039296130437,0.7251732219230737,7,3.9355875029786036,8.589055221072357,10.0
15.509397983633182,4.228157870244073,10.523226140413259,0.7401013991357761,4,4.518428384846109,7.998523549140424,10.0
9.013728975531592,3.5463972268407997,8.593198030736088,0.6506168806442854,9,5.5663132966313436,7.192117243875847,10.0
10.778527760897123,6.971921125464282,8.254171591716693,0.761915852182997,6,4.031359190980563,8.165174245246149,10.0
10.763191084658537,3.4948431170435343,12.04366669443814,0.7900649077934547,7,4.04745234711897,8.260762951520293,10.0
12.32018927594506,4.356906975397923,11.224008949058467,0.6930478630359872,6,4.330457191413267,7.683053461601957,10.0
17.80368740942185,7.2755471099872,10.664865213320718,0.7402134366219755,8,5.652839094995379,6.9324577995484535,10.0
8.67502546683822,4.732346435393336,11.806639647010114,0.7474051811580709,6,5.323319342770991,7.392857088948034,10.0
13.18700994380595,7.865226747570805,12.966076443221244,0.7324495095042961,7,4.920763473750088,8.249370700020402,10.0
9.793646820122104,7.898671673869298,10.566157454697228,0.7094230216657271,8,4.550647035019725,8.308318372168245,10.0
17.706765454097443,4.341380102267784,11.846716790311877,0.7763295909149621,1,4.743516897223283,6.58558213312103,10.0
9.133035047274642,3.2048911112494523,13.721433343010952,0.6897853418537789,4,5.891849419276559,8.496009160469537,10.0
12.036010023615912,6.525316421026895,13.037746975169364,0.6122205912973206,6,4.929470134857521,9.209074973491232,10.0
15.378849848346063,5.254932513241719,10.556004863014456,0.7689112751424321,1,4.2547380926962575,7.438165774637023,10.0
15.045544280274452,3.5037642197978816,11.868301026888458,0.7347962544633102,4,3.7656680013787867,8.014887147872411,10.0
12.227286368939323,6.537614094890214,9.062425531495638,0.7698517252999294,6,3.9996025552241856,9.181681251020464,10.0
11.465241679527182,3.1558745455596062,11.363133109370539,0.6277094884889388,7,4.24310451354122,7.676900548199399,10.0
11.976123785528706,7.350983452461211,13.887969746830656,0.6061505881019432,6,4.086999643773049,6.606293315513383,10.0
10.642762631586393,3.6932626455665187,11.109890691215133,0.7868749080765003,4,4.866997298726706,8.389725739173398,10.0
10.053329387067999,3.636559393733625,13.565829795140884,0.6295456611701148,7,5.325175118653815,7.617417996106623,10.0
12.8303969755889,3.8783614898429226,10.444009523019565,0.7619304664140903,2,4.629181871621006,7.3642261723203815,10.0
10.685337560676073,7.801331792460333,13.993068963107786,0.7646419884361272,6,4.649495799026781,7.5572946357875255,10.0
10.874616648972502,6.46584680126923,11.475320211365347,0.7417410401098006,5,5.01974998166887,7.156503852347697,10.0
14.56756063474557,7.006857677318184,8.253613965415607,0.6262524422185741,2,4.543160005409938,8.519759201804105,10.0
17.685373316998923,4.988174928663765,11.520528780148329,0.7334797249121615,9,4.377926453398165,7.110747090426028,10.0
14.036372005593751,4.6815636375247776,9.64743617407758,0.7778173166653731,7,4.782868637489435,7.677761406149524,10.0
8.769794670649663,4.1724200339158495,8.194887932215368,0.6851063289601766,3,5.487713224840874,7.406024554827325,10.0
8.755836138540669,5.403240141562045,12.925119828167979,0.6827033708757198,7,5.897022556075214,7.571513399014133,10.0
17.51423220845566,5.759143667670843,9.654377821884536,0.6885716619158838,6,5.651767089289449,7.315909304909628,10.0
10.972907903073336,6.158874218263777,12.77929132427899,0.6164543781352413,7,4.553962107275055,7.417089125799554,10.0
8.920669860824754,4.285592519993473,9.729305497735202,0.7784051138059948,4,5.142325105532401,7.443015181138769,10.0
13.990445871503816,7.743270404514953,9.165958123242646,0.7738365727961021,8,4.697233828246589,8.425822290640959,10.0
14.23648778290266,3.848792491035679,13.843613444626564,0.7995818643580573,8,4.797937529706288,7.582568698855877,10.0
14.485048201186881,7.828265873832062,10.169871966530117,0.7170366282996827,7,5.45361888510135,7.27351915838033,10.0
10.674020278575412,3.074280612537519,11.608257268658964,0.7502383272902772,7,4.845704563751668,7.995253304491155,10.0
8.15110684214475,5.4056284590842285,11.65988895688683,0.6405343812614609,8,5.2120868366429605,6.367824246246334,10.0
17.65015369454472,4.666839190582814,11.36284089304101,0.7335057636448339,1,5.846662464206949,6.589540273515863,10.0
10.508930456911024,5.245617069651254,13.488174461127288,0.7299465697514782,6,5.514772855857412,7.762703821590171,10.0
14.760262880525476,5.853322894903945,12.04664642820121,0.7802417471683225,2,5.177751934469024,7.937027409870024,10.0
15.066298698787095,5.1779457900635455,10.422398024629581,0.7661585445678148,1,3.955037097455602,7.18265822339842,10.0
14.100074170794857,5.074234251507975,13.174282307145644,0.7876932925235527,7,4.724697203055893,8.005776696458287,10.0
11.129073942136483,6.663617077066533,9.086377394695786,0.7737666945403215,6,4.69534393637864,8.067463516552278,10.0
10.710962537640658,6.429381375432323,11.265420545662504,0.7737387789797704,5,5.091219946842406,7.326484984665324,10.0
13.97668282702703,7.166356410179239,13.703302231662539,0.6127446653377436,5,4.243621513098921,7.332464554159545,10.0
16.660956336116914,4.249794906197478,11.752385779282477,0.7691923905391912,9,5.4088447070864865,7.528500652264137,10.0
17.467337289233956,6.047642548770318,12.901810702849257,0.7214956789006236,9,5.3581841294516135,6.984297625873031,10.0
9.059058044037576,5.92597392696427,11.921364353271157,0.6760888903531922,6,5.652394174437866,6.7025140793290685,10.0
9.5482861259772,4.848689054363444,13.036225181227342,0.6113029248776124,3,4.722489057512228,7.481746491720009,10.0
17.447362587830796,5.430287709513404,13.666927279071462,0.7355347549536093,7,5.306962365323377,6.674125548728693,10.0
15.365352283347926,4.568910716528643,9.63753036519642,0.6656403501075235,4,5.184805392592295,7.700167584331334,10.0
16.82993824829773,3.709221988084926,9.017966487540313,0.693555252997207,5,3.758763104554336,6.970982729685271,10.0
10.026326341353432,4.0690060533136645,10.90394450199524,0.7363456874110269,7,5.328190885535548,7.9947642647816695,10.0
13.875858711094018,3.5275682320060056,12.211174560945295,0.7823549094048287,7,4.495233790002004,7.644155814230304,10.0
15.011395944174737,6.415347875950621,9.363147519093296,0.7650873831209997,8,4.739312217482677,7.633589815437591,10.0
14.801118854469726,6.303636965545758,8.024608702581002,0.69011942582072,1,5.357573830040223,7.117972626014797,10.0
12.08151690866698,7.753031857899364,10.057610695020232,0.6775566314892758,5,5.259458634006429,7.816133574304907,10.0
8.153948916913084,6.648392068236206,13.813156012806731,0.6479559477688095,9,5.181909601090434,6.218034520760163,10.0
13.829260568042631,3.260229193780657,12.16980476363508,0.6744853502351936,7,3.8301656318993262,7.304194324992029,10.0
10.531015391796087,7.421225869644771,10.407952663647343,0.6222092774583796,2,4.8639352126123825,7.4520941499244175,10.0
12.502542461428904,7.313375814728629,9.155456584081042,0.7942211016729509,1,5.218641340784338,7.572253179699483,10.0
17.575810150838173,5.216601603863493,10.136538042528482,0.7147834887919158,8,5.863842620743329,6.810040732371362,10.0
11.990353176424348,5.929315252639608,9.019036599807487,0.6255611685590425,9,3.674512822930486,7.2137745626923895,10.0
16.398016066644267,7.8803916623625945,8.637834927877709,0.6705612018531811,5,5.247190884859676,6.713467857374026,10.0
9.885406057492512,5.661521819240831,13.440454235435324,0.7094078287241312,6,5.254286451959972,8.098545066455895,10.0
14.724604980250287,7.526609141880449,13.985902030252841,0.7065771273281739,2,5.110740140676863,6.966406567875301,10.0
17.770069544389436,3.415193789050932,8.984686637574741,0.6071006737437264,5,5.263746139314281,6.969724185473447,10.0
9.018931008729368,3.955259343543414,8.327135353269679,0.7901682068458223,4,4.340150199769562,7.64496705050931,10.0
8.083199422271921,5.203774717206589,9.978386642877274,0.6550751362949889,8,5.264518581979873,7.5775198876660665,10.0
12.335827926326143,5.923784041686524,10.769955084568492,0.6032369337863782,8,4.236672405666574,7.52211701439513,10.0
8.926254830513672,7.081139259314001,9.228927482455127,0.6152888017900565,5,4.732380120910063,7.1476265831006085,10.0
15.483843496762313,7.941310575715934,9.80854947079135,0.7160389806495954,8,5.197307536404133,7.321835787333749,10.0
17.14548663848559,4.944257482370582,9.205224414149946,0.6275571041350193,6,5.017331174555445,7.082072069259467,10.0
12.340209727087588,3.2370781807004247,12.645563410594708,0.6083449585707006,6,4.893117574249706,8.385053897080256,10.0
10.58711642155441,7.005857516476624,12.275467659483564,0.6759252932825422,4,5.421021063002801,8.098802804515747,10.0
12.344033190066098,6.021903595414041,11.809709094565891,0.7245522384680377,3,3.8334222880960036,7.884720833973699,10.0
15.23447817850001,3.9927142943410083,10.323307142475228,0.6223679609683225,9,5.5767665459681774,7.092178363622765,10.0
8.09054161580371,5.474142283107101,13.454245647885415,0.6626655664302631,5,6.384541827258079,7.7613475424278136,10.0
13.894539894846972,6.711551227668622,13.817195249210119,0.6835521343249085,4,3.7881897092077854,7.643623579852678,10.0
14.13291684887379,6.852058935343219,9.041835875752472,0.6318920195573534,6,5.0321733689274835,7.002135894989679,10.0
14.376882468959355,5.49809205999381,9.338075848471268,0.701214779693342,4,5.69404270190768,7.23708033591403,10.0
10.420220799808773,4.526072650644296,11.153786168002219,0.6170428173803542,6,4.222974986954838,7.523411314187493,10.0
15.140527233781267,7.8687129101924675,8.547503415693471,0.6093036992690137,8,4.178297235537529,7.335626146104819,10.0
8.913914863317764,6.316813054782465,10.618690392938676,0.7039670734310269,8,5.659391348288849,7.48737770153255,10.0
9.992703364668008,5.041187596731493,11.490747588666261,0.6495793945501751,6,5.230730451373764,7.1144581797183735,10.0
16.774700466544818,4.402316121023262,11.132441426823998,0.6190747615796055,1,5.131086792578774,6.617806193392305,10.0
15.387231507265664,6.655514915017811,9.985451498468157,0.6847825174975265,1,4.668085716996683,7.247602763583589,10.0
8.137455540113452,4.210917227968839,11.254674836463241,0.783028147903479,3,5.554211054805306,7.15313687980632,10.0
10.483762603698002,3.858549944868441,13.752805725553086,0.744838489330831,2,3.6524947041642153,7.49597189066988,10.0
10.144064829931645,5.649169444810352,9.236104425748255,0.7631231830694055,1,4.371956030209277,9.063949719339078,10.0
10.708063280369725,4.4499369632207095,11.928988150364022,0.7743827977517274,1,4.8174129822223115,7.7385120541221974,10.0
10.475597702798865,6.144525724618076,8.260380164936311,0.7945255482792838,6,3.8565499318666516,7.586169550149862,10.0
8.625262957428458,3.5896933743711674,8.39849842688861,0.7526493147028346,7,5.261445199077257,6.881558025846163,10.0
12.589405165968204,6.274705522836608,11.31096934534151,0.721681584387896,8,4.6746883098597385,8.363946402787436,10.0
15.327334747861652,4.416482639988511,8.629635081967697,0.6730851760604495,3,4.417312621666116,6.518934745307581,10.0
14.067317247174364,3.001214672172564,8.134080730561145,0.6363286473115433,1,4.343524080629734,6.896889924842198,10.0
14.728716685980798,3.6346802883708818,9.029077985888133,0.7373319747966589,5,4.202230556022263,7.610935169377469,10.0
8.811491785362392,7.66807688917547,11.389095025997447,0.7989899972243885,8,5.037976758597263,7.7242875516284215,10.0
17.51490710176787,7.336773195576789,12.220045727113595,0.6934717369237838,4,5.371259843172387,6.434850480568912,10.0
16.38491833843025,4.168045160181184,9.21487138484828,0.7447358736185615,2,5.16069350669377,8.053272852575411,10.0
16.050903184956628,6.891859522727456,12.009556623249047,0.6990184899986313,9,5.40050222883733,6.919627493683455,10.0
16.229838050417676,6.042857965869871,9.094857986595375,0.6863866846726954,9,4.839846999049488,6.9538733133975,10.0
17.327105081327613,7.8545235572493475,11.680744559787543,0.682061122711983,3,5.373747852349665,6.560874996091963,10.0
13.442539661136976,4.868028297670295,10.471758079374792,0.7009249365863396,7,3.941379907426694,7.916859874348929,10.0
10.00282017867626,6.407303062585856,11.9227970560017,0.673379132373075,1,5.103415335617446,7.738891696882108,10.0
14.167836078525411,3.317678612119593,13.970316514875483,0.7497546643643616,8,4.5761959292027985,7.678152084163617,10.0
15.42881493667939,4.98123673408203,13.626901791395372,0.7748544053183034,8,5.048095527974113,6.759082351835522,10.0
15.379173933540255,7.819088305940903,8.025690547016621,0.7765770613290369,3,4.651134362188575,7.773349891048963,10.0
13.214490241668802,5.694904372250603,13.312632586173834,0.6455397426851652,5,4.478989339820608,8.415824946163426,10.0
8.68458719333578,4.439397516674223,8.3989447710486,0.7791818277462982,4,4.903371867761829,7.214611913182849,10.0
11.711129384301278,3.601354815643034,13.71827951695907,0.668310246371021,7,5.249391627493804,7.973740318869281,10.0
17.207666084633573,6.517641700907652,9.690954074598109,0.6618615330970595,7,4.810375492524347,7.421579387983895,10.0
13.844489097574261,6.2242802171486336,10.292208982467626,0.7453512114796472,8,5.6067298741134035,7.453262309109787,10.0
13.383319432557133,4.869693568018873,8.549829231054368,0.6609392680172579,5,4.0110285911911046,8.007053466210394,10.0
10.688535143821936,7.754706759329172,8.673636549973457,0.610593281121942,5,5.462129418003609,7.963651886659949,9.907873765471454
11.684489199165789,3.1110140649392517,12.360443391375918,0.6747235544620616,8,3.6600441993990636,8.79716656806095,10.0
16.95346089153169,4.518619258159129,13.66599341448975,0.7442931200716698,5,4.975193539701235,7.701953973464383,10.0
14.664630475268357,7.605347431497907,11.664490969725858,0.6653916840540353,1,4.4258647276675,8.043091595332047,10.0
15.873870267523328,4.604677191597202,12.295100093160865,0.7259118111990294,3,5.080031717382998,9.020926619069277,10.0
12.543454230676552,4.261264169275852,12.57181846758292,0.7320238888526261,2,5.093769618050215,7.999546587369067,10.0
14.30247219456158,5.671102049656237,9.576885647317651,0.7467472023452713,5,5.661948513047207,5.5022061681455625,10.0
10.483836087432076,7.119008749602689,8.27137778552129,0.7794260932621874,8,4.644229650274777,7.629405226325591,10.0
15.054608302834863,3.515733804391805,8.011236463515012,0.6865128998536862,9,4.38734234820016,7.307958133535495,9.479227994868134
12.276013337033373,7.715103548228681,10.103895697724113,0.6332864153324914,9,5.1413090782186055,8.77133472309804,10.0
12.425455148147456,6.97536440590582,9.448785369195296,0.6637851430863779,1,4.623430800256308,7.89760336496571,10.0
14.493223245768817,3.9062512777577596,8.373906350295114,0.6864334510347971,1,4.389430588656517,8.352313226254118,10.0
17.362806214689268,6.560039805990813,9.077169754962,0.7427782938656227,1,4.931036116838072,6.964238295261497,10.0
8.64006346608621,4.924793613187786,8.746993389607686,0.6026244251123267,1,4.972189196668778,7.582674904378332,10.0
16.247432373470076,5.011473390381593,13.489270283704222,0.6631570766879757,9,4.086842616556567,7.299636444924612,10.0
10.92383110412193,6.916450462194332,8.841603280755013,0.7559685162038634,1,5.622346642873637,8.084212738969189,10.0
12.439194545063778,7.813924039903661,11.225890783926076,0.7341715406661391,7,4.9348410975275065,8.559201625741329,10.0
8.21913328775009,3.6332793642359698,11.558635730672988,0.7463479947171211,6,4.645978823747598,7.160138243342869,10.0
11.01046077834313,5.103151184394097,11.260936746251803,0.762362153887839,9,5.57838266374165,7.760098875332552,10.0
13.026312426301304,5.404708040421518,8.594338605295928,0.7566471437755925,9,4.758051181863949,8.152546645571496,10.0
8.56176077347439,4.881559084774988,9.912790170503307,0.7364366332305556,4,5.243856976556369,7.506449535830992,10.0
12.910957293831652,4.815945618581125,8.30762199477892,0.6879323064741181,9,4.93686067314214,7.854266162347364,10.0
17.271106288584274,3.2613433378079826,10.374019484577897,0.7967196657756308,6,4.914155365420128,7.70344705957819,10.0
9.053932181078052,6.427693102813116,9.131593587629553,0.7138146391180148,5,4.558278848186986,7.923171634576246,10.0
15.644407280755043,5.181072085600227,11.369795199706278,0.6405538418737678,9,4.5573946824453095,7.056522592018616,10.0
12.096710533759927,3.9739690132196337,12.156850363094604,0.6585625710209568,7,4.675960885544977,8.299232965739346,10.0
14.551737145243381,7.080167511510342,11.192719161228238,0.738712491194094,9,4.261284497016132,7.203700536371032,10.0
10.602365979852294,7.012803740758139,10.605420179668375,0.7849479130398928,5,5.144730412917681,7.329374100047456,10.0
9.594922625413583,5.431958140444469,10.324000525140155,0.6357440258411795,4,5.725700199717508,8.11156881779494,10.0
9.604626142712265,4.492253305738803,13.050150608582022,0.6164692991491573,3,4.9011126006162495,7.283721679487508,10.0
8.704919456431446,6.190463628982262,9.31620839039162,0.7763062096084012,5,4.16493692537028,7.477747412261544,10.0
9.85646704901243,4.440760678887015,12.405310037173212,0.7830555957825669,9,4.946249944263058,7.250319374718332,10.0
14.642193849889683,4.18003965161856,12.544893948440714,0.6552758690631799,3,4.292976776736407,7.50601590943433,10.0
16.81690611843508,6.652573270131633,10.515200043624407,0.675457144874248,1,4.923601858360127,6.623826915202846,10.0
16.141256855911617,3.2016261986047536,9.783803595353836,0.7320375994995717,2,4.7895233151767185,7.095205258691816,10.0
14.851343098744842,3.4738423551729696,10.823248916275851,0.665986004168495,5,4.3051567316995305,8.747144259123834,10.0
9.104318634111026,3.0339408701179487,8.559283555356192,0.7754317416540106,3,4.519600955045853,8.221786229224639,10.0
10.891874462959498,3.764715932377131,8.27558019337454,0.6215157405427725,6,4.851692229640998,7.882180446683807,9.812104849027666
11.09806875322469,3.344950043552297,8.66961919671135,0.6075964441920391,8,4.432607497416062,7.8561375338010615,10.0
10.499569463976211,7.979011838899593,9.122870188773357,0.6416972413485579,6,5.779457034805688,7.534748229107957,10.0
13.150056597097231,4.4440498497704475,11.025060922028258,0.6572175556409938,9,4.790852930591142,7.4151259696483045,10.0
13.355538148796725,3.7463400633462363,13.094819816966734,0.622585318257775,6,4.299864860595277,7.8336932767447935,10.0
11.568859751711102,4.20498128997959,9.413853991998122,0.6131380858681293,5,4.523040378256916,8.657096502787622,10.0
11.53789158736436,7.6806278577006735,13.610972064480668,0.7511215427003597,4,4.687633184963787,6.40989408537524,10.0
16.285555979060813,5.600801115121978,13.729447453610021,0.6328553131804514,2,4.977116248007169,7.592471851795181,10.0
15.892928483196856,4.824090481539285,13.753427629071231,0.7827844398132608,6,5.171408198533639,7.816036206560279,10.0
11.077958316807457,7.366957289546097,13.025376408057943,0.6735999322896192,2,5.391737593869372,6.890752896761829,10.0
17.13788443873259,4.974951352745162,10.182950244786323,0.7341211619442691,5,5.065390933745012,6.698605761211236,10.0
17.52815017002506,4.675042849788479,8.436103466015739,0.64508042295376,1,5.422173086896386,6.25380848730425,10.0
11.267425420300409,4.036412612748678,11.412912390598969,0.6480645536983733,3,5.007924957548582,7.889829107542079,10.0
11.544249487930548,4.888984119547057,11.352088663623402,0.7149418405735151,5,4.812075622757453,8.096789904442215,10.0
13.056341534219587,4.58342178008463,13.099854602657572,0.7121285850291973,7,4.565141419395958,8.103195112852339,10.0
17.411208125336735,6.386519796490705,13.975946305676631,0.7537458456024163,8,5.236288619840506,5.850585338407287,10.0
16.763194331423115,4.447913523353636,11.048943839360886,0.7515626611388532,7,4.692987489317623,7.6790655743209815,10.0
9.025679625835899,5.8859987321128076,10.071224186238705,0.7341375529327322,7,4.65616927648784,7.319886880096692,10.0
11.927307432714162,3.3294608251598636,9.115410269337602,0.6898261131786982,2,5.447996796422591,9.314878494434446,10.0
13.533711897497719,3.9564457834825717,8.028798948904225,0.7781280772561234,6,4.775683174096396,7.411237471298388,10.0
13.0313247255154,5.037026358056744,11.054682154933275,0.7245156980442597,5,4.80601474692027,7.418040512791649,10.0
9.938630679368927,7.684746269543477,11.333112000215575,0.7980396980924714,9,4.904135278053776,7.949395846660725,10.0
16.588167711681546,4.886259928578477,12.949630878904385,0.7638739635868718,4,5.233583935178217,7.396723599886352,10.0
14.769407829968374,6.32037060599917,11.027461807356804,0.6088619622476652,7,4.638598521628601,8.253344322957178,10.0
16.379083748518035,4.27543611210699,13.49881009199634,0.6641187814160635,8,4.186386430064596,6.547195754643611,10.0
16.587642793494723,3.6351678798661586,11.768500859428613,0.7143751432941904,6,4.717084150786754,6.780840577591217,10.0
15.483558536657398,3.2926830004002507,13.0420174293265,0.7442939075742975,3,5.104172968894464,8.326222366537507,10.0
12.392106012497173,4.527067492713757,8.889810408846483,0.7100672995523883,5,4.396448362566765,7.807868824460707,10.0
14.105467550154245,3.7883051339845397,13.132016781813888,0.7572260844924363,1,3.7681926950683295,8.223504900775168,10.0
9.603654061197432,3.870052240080621,12.05086312666309,0.6565311305514689,8,4.937295831161914,6.765842498086821,10.0
14.736454174749078,6.803796541934751,9.021398194629983,0.636782410246565,2,3.860389269035301,6.819235000092466,10.0
9.792532557392807,3.0791903547243713,9.138581348876066,0.610783336757954,7,4.88858807014652,8.239417924660192,10.0
14.939495905101568,5.789050628677172,13.559003714265328,0.7146627489143045,9,5.336752334966605,7.493831265422027,10.0
10.295981607539687,4.897306902967324,8.193292162702237,0.737719904135099,1,4.3075667383986325,8.232848538936132,10.0
9.1755130015022,5.532749999542736,10.775209659774237,0.6652299434238723,4,5.509279389138211,7.287274912918779,10.0
9.652844901429575,5.814151186073015,9.880851739604608,0.7227168369711754,7,5.930461604050871,6.896424532955701,10.0
8.019921352190703,4.566838472286391,11.990464639990568,0.6104314461706658,9,6.15014357255752,7.25428601108283,10.0
15.187396178535302,4.475544300921427,13.037776325413951,0.6198586692593607,2,4.655982245314218,6.793578575584192,10.0
15.324010490583792,6.667009246674528,10.162268729339416,0.7403509544516997,2,4.327943941293429,7.510140802430452,10.0
13.149333499132595,7.3563849406057855,10.561412523937022,0.6736139410434597,6,4.7551250289597675,7.451108143081129,10.0
9.613628010553837,3.9629081622926394,13.891506707008485,0.7342668062206011,3,5.176115439913725,8.041480033385348,10.0
8.835543375106898,3.4880938026757446,12.703499058075217,0.7663442240559837,4,5.734386708827053,7.364261752803583,10.0
8.19128966437287,7.488979031960129,13.383224785590748,0.7705244874952234,3,5.485468839044109,7.123688391829964,10.0
9.657481769652208,4.749477318236993,10.632573323909778,0.6344335290928902,1,5.273369797057379,7.89649562816854,10.0
16.908555349831467,5.756586953314071,9.404457223904691,0.6972571144702693,6,4.59565624724384,7.259752292180926,10.0
10.415368417016818,4.797715722600017,10.47118079231871,0.7467853447264973,2,5.291936639216402,7.965680916109263,10.0
11.542713272172156,3.6290116817302565,12.296551506989081,0.7547961192533821,2,4.124833505108679,8.880747818076422,10.0
9.053454844813333,5.94665822473864,8.656582429015875,0.7569351961457755,7,4.9024284150047155,8.436435906913516,10.0
10.223613047481702,5.625704258848148,9.622814633699052,0.6456334668761169,5,5.257204635531824,7.491338128454522,10.0
13.192245707802051,4.014967795955986,8.279815402769543,0.6385069635447547,8,5.312737555179171,7.370261627235837,10.0
14.077526830956526,5.2593452232613895,10.594086430028788,0.7180024936547392,2,5.025206554650046,7.173012080322917,10.0
10.45352314166211,6.984737520078229,12.96467441587768,0.748217159547644,8,4.899269732870449,8.781680623600248,10.0
8.577321592251172,5.952130515539457,8.147982129788065,0.6638279031068387,7,5.333684408648151,6.8052244610508215,10.0
11.910328691273987,3.484586635334974,12.051941160842997,0.6209410313724842,8,4.273489550807414,7.805333412006636,10.0
10.342033709263342,5.740107486145675,13.594975247082438,0.7433492765820156,3,4.750389820616074,7.868108839298634,10.0
10.19553923229802,6.513691496447934,9.421567169067094,0.6599395662760009,8,4.0041354729905985,8.722660162008317,10.0
17.598628027134552,6.963517028903757,12.161809044365889,0.6332725448623443,6,6.041933098642367,5.7775367872563095,10.0
14.16300485925724,6.145587893171334,13.850611406601201,0.6295447056794263,2,5.795422627155192,8.309590700093498,10.0
13.568784431720958,3.763290822703919,13.77366836091478,0.6629819095053433,6,3.6969249123151493,7.88399388711032,10.0
12.157751035233218,6.550866332950803,9.40957515817486,0.7185356131827492,5,3.991038244419241,7.934897993496,10.0
12.289443334301442,6.386709230407582,8.601986319272413,0.6716804477387633,3,5.380548687668349,7.982526552355806,10.0
13.409050038380808,3.122134414703166,8.889695227375496,0.6041323703186863,1,4.2744763617553225,7.548797985410692,9.968089923864662
14.964298070361073,5.058738337951215,12.212214010892852,0.6193816869355622,7,5.439024046661146,7.352864322950351,10.0
15.021460961818294,4.664751234811867,12.354553252719654,0.6581006494397238,2,5.129110706660869,7.18149200632085,10.0
9.716939077054496,6.347060321268217,12.045419369769194,0.7319408964294184,1,4.898572670364835,7.083686030075194,10.0
13.00112752076627,4.080679061554603,10.016470326453428,0.6197030146937067,1,5.142328180334185,7.361283889703031,10.0
12.11958095034102,5.954359614871293,9.018661638548732,0.7121313707001364,7,4.692550058554271,8.59065222788716,10.0
16.70526966269384,7.566029809070862,11.484566551713518,0.6239771741648008,1,4.980744396304398,6.717914906023701,10.0
14.314189212183765,6.989011861043038,10.902082674547199,0.6423230654698763,9,4.959839125428149,8.067802375933011,10.0
13.325040664159818,7.607288681082652,12.37300488273382,0.6344377055111525,6,5.06271639489883,7.823418290183614,10.0
9.153946421789174,7.89252983466345,10.648160472113728,0.6134457271141621,4,5.691854377219274,7.4976411839508454,10.0
14.056378893234115,3.0533506350308137,10.03183816811881,0.7342659634773181,4,5.859884576785934,7.7505880485808145,10.0
9.172039056802333,6.113706381887388,9.760871464154086,0.692680709477207,5,5.368473245325256,7.965384746109964,10.0
11.37206575565752,5.064196988794532,9.268821920298478,0.7662106881794677,2,5.428500332969428,7.637217135310747,10.0
9.428419648143318,7.299272451675609,9.594478257119968,0.6197781679964633,5,5.756648484662061,7.59225664850916,10.0
14.920736470243689,4.259073510045658,8.568982633064609,0.6289465866676144,2,5.08477795624034,8.02556147664954,10.0
10.062521138361525,7.9051474455753805,10.081142065573337,0.6612915462700901,4,4.723853738995454,8.354216218021596,10.0
11.91859373188026,6.0685398477187364,8.21941887417775,0.7531731973877617,5,5.275170742527456,8.742296096801802,10.0
16.956747776187786,6.967687011144155,9.118483082997962,0.6611517646311398,6,5.28346114817598,6.290322883660373,10.0
10.043163833989702,3.4279977641138415,12.480622667716574,0.6816837414997385,6,4.3470696840559695,7.4886965733986415,10.0
13.078050639587792,3.917289423794325,9.952813932059737,0.6603207132594329,9,5.175462272444856,7.842568733240325,10.0
12.19271661166022,6.792018365171016,12.009422101864063,0.616044858360206,4,3.892598176404541,7.3405761483984495,10.0
8.181240410457297,3.1099326101966183,12.301305053583665,0.7878867245792375,5,5.786780157111148,7.707068651307346,10.0
15.927581135728127,7.084389929468914,11.48711205639268,0.7097077984142378,6,4.592516546029346,7.3729397823120575,10.0
8.690459063145997,3.069745093459557,13.75218644819239,0.7575666376370994,4,5.394986854138653,7.374987599551694,10.0
12.742550209769536,6.285594195306366,8.128639199738679,0.7316714184370592,6,3.980075955264989,8.487281661258278,10.0
13.6067829493895,4.825469601159029,12.431915903528854,0.702850855812395,2,4.306948544608418,7.493287311390288,10.0
14.28426456614587,6.057474263595996,13.752719863642447,0.617935651331876,7,4.43205701505592,8.30345517819123,10.0
14.886316293078757,6.480157034945568,13.173630376117636,0.7285467090540609,3,4.662875741098002,8.454433699751132,10.0
10.53272383522715,4.712376095931521,9.00735615083008,0.6310740711873664,4,4.604600864515654,8.04625777507474,10.0
8.099787766584495,3.539812240554178,9.960921837510393,0.6828766338712553,9,5.6622877571279435,7.2358474432212345,10.0
15.23443662354912,3.348229338741328,9.034711039258791,0.725822628696086,5,5.013578030512001,7.561097538607174,10.0
13.356565993475787,5.94468011281274,11.607850182888225,0.7564458000944247,9,4.443418042982169,7.213425671277842,10.0
16.361177032072487,5.603276768670558,12.273127891876953,0.7370090351417239,6,4.961226462159833,6.9507729957613575,10.0
16.213883629006943,6.7110050456056625,9.90244261617835,0.7343067058109258,8,5.1813709385242195,8.141178072020374,10.0
16.433261677878832,5.548677550019685,11.237039443905772,0.6298084418350415,5,3.8326844215147187,8.079750136582442,10.0
12.850946599795401,5.112228950154396,12.14552342042717,0.6692257080143176,5,4.894729112050413,8.009486186943123,10.0
11.336283958368657,4.990435891181154,10.52803889966629,0.6085824545320389,3,4.465453764443855,7.705635624931008,10.0
15.9155820259137,3.1322345129883375,13.124093182732755,0.743895378635293,7,3.5348189071536202,7.7478349576801495,10.0
12.51294113029255,4.677786008483285,12.629299611726903,0.7905171962634838,2,4.490946891480573,7.968949713951045,10.0
9.834421964034345,7.880100787622471,8.387993263103423,0.6528220780358152,3,4.530042562729089,8.238717944994644,9.662808883567013
16.549740195614742,7.367777881135444,11.726751794544974,0.6175393418324618,2,4.742393787241364,6.593478296987328,10.0
16.825598767723474,4.646890335171088,9.411953305758498,0.6951140153507307,8,5.266071985331652,6.988518399511776,10.0
12.6630975614017,5.938977025331861,11.345109588003652,0.7713396446255139,4,5.105388372311736,7.797420219291701,10.0
8.756997273097875,7.23648372767747,13.741330655797798,0.710394839054356,8,5.939758525922903,7.471339845389842,10.0
11.878260899169312,5.206371683750343,13.2743720273135,0.6093554300380226,8,5.405538042120445,7.713869200077544,10.0
16.035376594626033,3.089789318750755,10.42709841869079,0.7948544481055893,8,4.3674306744615,7.1159791038559845,10.0
17.01774028546229,3.3725523090932006,9.74908315006612,0.7657299819925202,8,5.678906239472274,6.892549918979159,10.0
10.034727424975959,5.551963606743533,9.406434466449554,0.626318815410302,8,4.381428460268367,8.154774816556538,10.0
8.669736120252715,7.847196878379392,11.19508921853912,0.7843595513007018,9,5.848155292214443,7.365176677196603,10.0
16.773504531328385,6.466047711094339,8.685490719548337,0.6901376577210377,2,5.307237419981971,7.585760367338316,10.0
11.894049389788753,3.3545809571928475,11.295650048769492,0.6743795981149883,9,4.814149463925884,7.356025908490089,10.0
13.417609642675632,3.946804378959314,8.008001836944752,0.6922106661054377,8,4.223744166115029,7.151418038085878,10.0
17.68065812050759,6.85661571608425,9.94309778447507,0.7669143913741895,1,5.832417602358848,6.089723177764334,10.0
8.66564727914223,7.2071987997812235,9.319605882983488,0.7318959356573572,5,4.81647188806088,7.449447398161239,10.0
14.483180074520956,6.088472930942954,13.827312739764693,0.6118496904799455,2,4.695041374731455,8.503575599349388,10.0
8.741054225748671,6.222115848149083,12.363453917419873,0.7915208742232342,5,5.333309905968676,7.376044242463379,10.0
11.754689284665004,3.141687251916923,10.097920282773426,0.6295568266956635,8,3.8925155373271427,7.523919417956963,10.0
16.03814545193447,7.142651297907543,8.557070519183723,0.7491135903470703,9,4.960644870487322,6.8636210634799415,10.0
12.334722327556344,6.9413760408541485,11.100803568143744,0.7272273060856262,9,4.148895256372633,8.03488126412339,10.0
17.971823539029504,4.295175720516736,9.280687287956255,0.6375056095893121,1,6.032549707729283,5.678555483026569,10.0
13.590592849466022,6.543383599827535,11.218577275390146,0.63414641522261,7,6.020578904450702,8.83846385914297,10.0
11.211621526359535,4.0742730321249905,13.012174125073354,0.7740655187409384,8,4.434815294000613,6.798137280001439,10.0
10.201113259047531,3.201650805257565,11.694755312608311,0.6839389846999194,3,4.76449471511804,7.456664922756463,10.0
11.505205342861618,4.005682712951886,11.802730517270014,0.7309153028348278,6,4.850110442485838,7.706961189634914,10.0
11.725332737595508,3.8931443837714976,11.246181734376869,0.7008142007713347,3,3.713947900540646,7.508763031069853,10.0
8.68713677723961,4.688739983674236,13.563593795788455,0.745470703415192,9,6.136002993903277,7.787729543223802,10.0
11.695741994267731,5.092247485877291,13.59141610652362,0.6958484750078661,3,4.587765206265017,7.667160696963329,10.0
12.64238519739225,5.5426944574885395,11.076339206441313,0.6574759830511137,2,4.481099140155775,8.28958870043839,10.0
15.227377522388046,5.383769377541641,9.834556922861026,0.6726766741992993,9,5.119128297125535,8.269029598276148,10.0
14.567294847216079,4.353373029826447,10.757522035276663,0.7718155388900686,8,4.754832296239624,8.289056793555206,10.0
15.087656552291543,3.1458533428703723,9.119347473173693,0.6936069385845454,8,4.841244878591631,7.603154718607214,10.0
8.083636818768571,6.025508111185753,11.818065891908535,0.6426898664489219,2,5.915230107598015,7.234012236202139,10.0
10.176673995805361,4.978724149236772,11.0005540146934,0.7869210776154507,6,4.903080062876415,8.275767354773443,10.0
14.616842883998565,4.493360786937749,8.61980286687968,0.7593200912996754,5,4.154358798139238,7.514445897306169,10.0
12.839893681797472,7.334705214152562,9.185886686717692,0.6111332292112398,2,5.285973958649706,7.720970899391147,10.0
8.053134756683459,6.733716538990799,10.87779173719716,0.7997885923961036,5,5.210334345354083,6.725819927242117,10.0
16.044946424318223,7.288827741862211,13.32553394431315,0.7389853392880205,4,4.6218782997982775,7.336195999421781,10.0
15.728095732903373,5.474913973562305,11.398344323786585,0.6320533198081174,9,4.9540867323269016,6.777089764712345,10.0
13.484191629935626,3.6546562606338875,12.089210001250825,0.6474335362597193,1,4.014281682633623,7.536063628563531,10.0
8.664633257762722,6.481107180606362,10.034171298463459,0.7384890962483094,6,5.440202549116992,8.495786897191508,10.0
15.665150495325847,4.030368899685876,11.428468358265405,0.7559522110558244,7,5.303566386006832,7.665278429127174,10.0
13.837135877313639,5.206148345458584,10.684278935828404,0.6478071886299612,6,5.4642329786175505,8.03301901787691,10.0
15.819599771579592,3.3250039447444424,11.954779475738963,0.6513937707798542,5,5.222186357516608,6.9102738356343165,10.0
15.517469923958405,7.126542012114912,8.303453396474062,0.6614241389744122,4,5.346291668476711,7.767039932867874,10.0
16.03002071957837,3.6297032052375027,10.959801297433755,0.7196036729673274,5,4.565065248179261,6.67957512786916,10.0
13.180080664046248,7.515487535246549,9.775955750863801,0.6343632356602554,9,5.080055902351975,7.167747058872532,10.0
9.40324518193515,7.321153011307786,9.957110367667456,0.6208486397769555,5,5.034476292073315,7.386540262586123,10.0
14.711574733796887,5.32291382219623,13.76550458934837,0.7357728178171027,8,5.303374148673214,7.042514859051778,10.0
14.204737850519706,6.721841021519953,9.096168876268298,0.755819587958634,7,4.740724683307444,7.9895005834266035,10.0
15.422531871990872,6.097225369090767,9.867471515471582,0.7001858808833011,4,5.336392374487561,7.597272260848003,10.0
9.698810060507354,7.015378211688724,11.05935545438523,0.672766542053677,5,5.143608944656189,7.849287931475121,10.0
9.949751999002892,5.15902550392956,13.178161688897742,0.6864085427052953,7,4.626423220890074,8.08164535926409,10.0
16.904095172193284,6.92904242122175,10.500020499238223,0.6776815667743904,6,5.068966012455909,7.0675423542813425,10.0
15.499777984520708,5.312284085325739,12.463191685329026,0.7919969816475351,3,4.642095842702296,7.049110978487927,10.0
17.08228488700323,7.704828939213969,13.138244589288814,0.753617981043828,3,5.736917569217054,6.948491756465393,10.0
15.587153211639206,5.431860504125738,9.860098134931093,0.6416174429700221,2,4.141013205383613,7.513496478476932,10.0
13.97155305990302,5.313096359668648,10.35650110123226,0.676837830410796,3,3.840245178709419,7.4976313903425025,10.0
14.541327370278736,6.925359307817564,10.139337342130137,0.708802458272622,1,4.85654048934495,7.498227584790885,10.0
16.8912792394001,7.10788845880419,12.997134851707527,0.7225971724127377,9,4.8847730378616285,7.229940451476856,10.0
13.788067545119405,5.772445571605854,8.266081171721607,0.6936367792057534,2,4.100026577584767,7.182431885887953,9.682066944570199
14.323913243283874,3.898989067475377,9.85052653297208,0.7620253270023919,3,4.678520310293609,7.896711885136262,10.0
9.564767160036006,5.338791154787898,12.07645134557078,0.7535212038916463,5,5.22585937797527,7.649318679205036,10.0
12.739212201161028,7.840362514548392,11.392660997392056,0.7010315837256333,4,5.291525959435928,7.958618321045661,10.0
15.163971119580989,6.7649309651959255,10.617736155762167,0.7708858773563462,5,3.8408304431846725,7.357561558456742,10.0
10.709426983163654,7.055813019395661,11.239689363328306,0.7502179060884772,6,4.965939157779353,8.127294125253055,10.0
10.02254180524535,3.1641274940962005,9.18550751496991,0.7557163697441287,5,5.8161353294678015,7.016048395871964,10.0
11.138268082244156,5.3392973131708,10.584299729648063,0.7912801558866833,1,5.608211100323875,8.08893229198654,10.0
10.415006279928335,6.233105668287777,11.010217905058095,0.6532933882418406,6,4.96835797926991,7.3500696163168175,10.0
10.149126370363959,7.150163418140373,13.40713473172761,0.6535296324733698,9,4.675379664462288,8.344522971844942,10.0
12.24850842868087,3.2463682679138572,9.565010976823858,0.7777904511381281,3,4.567219103449868,7.350488608196143,10.0
17.07838513883534,7.262194428209366,13.206971012989595,0.754445274677136,2,4.595027113377295,5.512561058458637,10.0
13.070596467387183,5.742004683709559,11.865448404955892,0.7853091082871255,6,4.448026224783061,7.093556334944395,10.0
9.87920380815323,3.9865698528802995,8.122044986405605,0.6126260320648906,3,5.063738351861867,7.746823887417612,10.0
8.769716693808741,4.5862760822485,12.347788021396362,0.7255514154523194,4,5.526754555005628,6.701794813815751,10.0
14.961561451379252,4.409647758757804,8.21331126529433,0.6289256676246895,6,5.17290103507788,6.908216160173266,9.984105551046888
11.827987644363878,5.654295171442379,13.984286760882878,0.7007794396585165,6,4.679350681284013,7.649665514029164,10.0
16.218309465853594,3.258428399555659,13.235820126147187,0.6311493863706888,2,4.824085401224294,7.374739947537231,10.0
14.595107686407701,3.7926807924996178,9.784062485240273,0.6256157017969758,3,5.152646077286826,7.279537641414728,10.0
15.962414505413685,7.063465216878912,9.544467381180233,0.6024336690764066,9,4.702471567329221,7.110007259216867,10.0
10.719460394184487,3.6630199537340555,10.288646492633653,0.7260477624765809,2,5.22098781552889,7.8048548626624665,10.0
14.92358922461058,4.166981347290635,10.137001791886657,0.6718045233380172,3,3.9165944475271077,6.849914122489182,10.0
10.640619846937188,5.266853028020787,10.234026910312286,0.6210376569757943,9,5.117728484153255,8.110949343727436,10.0
17.390684794502917,5.5856044405666525,9.909659276716882,0.664567555546262,4,6.217132982694042,7.67278706798532,10.0
14.363742815333744,6.818052398070793,11.726800441089988,0.633788818290317,1,4.2352734759833846,6.856412709394179,10.0
11.24511800175342,5.236662133330939,8.985581982323744,0.788338966300332,2,5.514037352370011,7.530205502928047,10.0
10.695118622922726,6.949323105177694,13.07588775467608,0.6640009771522696,3,5.222442480608809,7.2785757077477795,10.0
9.909265850716436,6.091731535227288,12.874414904187892,0.6667907046578779,9,5.455704282784369,7.682360636459756,10.0
14.946409588937279,3.5654986971191125,10.858899247131623,0.7679716006799172,9,5.0795100420891055,6.840409898454138,10.0
10.187156129979273,3.781657191964193,13.116379791671285,0.7295511522572009,6,4.6459990976220835,8.462171995110847,10.0
13.953032659274891,5.185168627248854,9.48287042018176,0.7420343214806003,6,4.0264500514638515,8.516157342634823,10.0
10.646350269253574,4.984446965445198,8.105392734223802,0.7272003607977922,3,5.1205073420238705,8.254490997439461,10.0
14.619689447938686,6.717721348186473,11.715247550178939,0.7892392567897131,5,4.654911494710606,8.124749147257429,10.0
16.149397285405392,5.903685698986759,10.747456441788293,0.641400166311609,4,4.208520754002899,7.196798242558286,10.0
15.780252431446531,4.940665405011247,11.402987277775225,0.7978078483511591,9,4.61933216738842,7.825368447150084,10.0
15.608513309307817,3.853801417251928,13.396036454110419,0.7661912355113026,9,4.294965983382074,7.197211316941907,10.0
9.87722405692252,4.134185511627476,13.81955344139566,0.7177945177752685,1,5.983920652232781,7.5064592160833765,10.0
8.883849469845186,5.877505092345295,11.806718838533618,0.7324743248792498,8,5.68150541960327,7.846484450612466,10.0
14.989488284873856,5.117194024498962,12.584333539114631,0.7297651753001229,9,4.259996568177062,7.3604334283347725,10.0
11.683472137943513,5.574637544303361,8.502850600922987,0.6116792448118308,5,4.999062487596558,9.064075280803197,10.0
12.323462264033473,3.8533871765111685,8.964293509349034,0.6436032997063877,4,4.118014476560484,8.521804959364102,10.0
8.31149092793391,6.314531261722829,12.39922882971786,0.7922941769049499,4,4.51424220542363,7.040994763306645,10.0
10.595764492750492,7.262693704279835,10.588192738328011,0.7068728857718759,2,4.542294233238598,7.817129057683713,10.0
8.33676403874464,4.289697533934503,10.675791622426434,0.6756707206523824,9,5.340316195448309,7.2586779059448,10.0
16.791857726012477,5.457571129159133,9.85164608981262,0.752407692677815,5,5.216815570828798,6.476555828463929,10.0
10.433966832185305,7.877636645104509,11.644138300866462,0.704903788531162,3,5.3537898633346375,8.321617913702905,10.0
13.573371695730081,4.6662087027536385,9.110990272497215,0.6026325542863795,6,4.489449527852176,7.439857665299134,10.0
8.389793206611305,5.975231724618806,11.761497675883373,0.7472475193430236,9,5.736683305507631,7.301611247373468,10.0
14.66847391305658,3.450978501001222,9.042793142811439,0.7464435120105722,9,3.9213658879384345,7.258751723093435,10.0
11.230273457540939,6.030075012397216,8.382956208258282,0.6330297424219948,5,5.532434227394553,7.696838250660997,10.0
16.97919186957666,3.4481588665230896,9.982146132194366,0.7913320176848427,8,4.284099978288354,7.1447283983389545,10.0
16.881181889340358,7.796177176619111,9.386842052059086,0.6447816263082229,4,4.797351967511456,7.147756294548939,10.0
11.252906183617478,6.578313260361557,13.333949831337994,0.6915498734764398,5,4.4443065167382025,7.797251588465814,10.0
17.009608956904678,6.940798940678532,8.329720723211759,0.6229471922521829,7,4.353490586856395,7.313777323859145,10.0
17.961576734987787,6.520521803858184,9.059682155444737,0.7206564638901177,7,5.474840753195418,6.509464970175139,10.0
16.25415664123948,5.948645180382329,11.292317633498296,0.6750902240114425,7,5.776145484461562,7.153714594812681,10.0
16.44871347755229,5.249563905427527,10.886403145084842,0.6706346924419411,8,4.050863260748133,7.464556581988992,10.0
10.490087361090898,7.291866898805312,8.275112110248209,0.7653953754441895,5,3.7630907723213616,8.595475533666082,10.0
13.767023988577563,7.784178337715315,8.043514568090867,0.6019123425700956,1,4.234925186948457,8.063897794489801,9.749007737103248
8.672559139673679,5.495180864520407,13.9284076517669,0.7595893541784845,9,5.2007479549684055,7.582930423983558,10.0
8.949179368216697,7.65767524577631,11.953008202153029,0.7142897131496158,9,5.626646487578419,6.574340596154519,10.0
17.988926120332906,5.916664549942587,10.192436785409342,0.7972197026960398,7,5.076926816218351,6.337801548734235,10.0
11.26639249425911,5.691920934482166,10.822593485979448,0.7178886441208499,6,3.873174998759412,8.205589379334475,10.0
15.481839120488464,5.272413664776783,9.599300722725722,0.6110758268295916,5,5.446703838845862,7.551052483284617,10.0
16.066650530268163,4.046438807650599,10.069242702159258,0.6101290652887452,5,4.433448050652466,6.72257195268997,10.0
16.58023271007229,3.018598304090296,11.894266803609284,0.7766305972743665,3,5.298223087476596,6.607708055319707,10.0
17.976282974021565,4.207531134280306,13.296870793204224,0.7682428291022106,1,4.744277017417286,6.575424034025089,10.0
10.414964852568678,5.5486158580178255,9.10478013848711,0.6691780151164046,6,4.830484758695825,7.6803576295978875,10.0
8.403508268596998,4.8997997612987625,13.042169032311913,0.7236064968362275,8,5.573645197293812,7.442047570096509,10.0
12.11191517994586,5.242426140013169,8.729339777109615,0.6979182714111201,2,4.283364617124609,6.948115434569242,10.0
9.30080669828947,7.903241097820247,9.289953341530348,0.7934328110272105,8,5.366937935758704,7.627897815120063,10.0
8.22425889162055,4.751361853346638,8.223051728297875,0.7899921801753783,8,5.270466115430196,7.690337358363856,10.0
11.604268271414862,5.26091469680054,8.844871172557998,0.796767801708155,8,4.528038898041648,8.143210770524286,10.0
15.837382510752365,3.6675777567640977,13.503818872784304,0.7732897561268529,3,5.609063958775721,7.19409060178282,10.0
13.661806912250709,3.2397886621849383,10.756632479710271,0.7819103181550203,8,4.8474125988753896,7.337118165457059,10.0
11.12777989210354,6.877047572962473,8.465995170670121,0.6434557557534273,4,5.0569323290407695,7.065665406789918,10.0
14.543420054927196,5.853415875359893,13.758361028233768,0.766201357797955,3,5.078849506496558,7.285862645935285,10.0
10.320181803088108,6.803524030219475,13.273953846551901,0.7417714226408549,9,5.226973008613767,8.378942054239971,10.0
8.14381446072085,3.7493139944327583,12.528095125208848,0.7925573017656141,8,5.652961990761997,7.2294017266180735,10.0
15.643533864364274,5.859143855913454,13.600836751685346,0.7142523656885239,2,5.447013005569632,7.681574673244343,10.0
14.237430848640091,4.268212371706878,9.320776525014585,0.6170334333421112,8,4.2225321352320995,8.466993390422582,10.0
15.6230262450096,4.1403090845001,13.018215758060517,0.7194797782374306,3,4.89802720742898,7.405826452559584,10.0
8.389380166876656,3.0576300702649264,12.139947178125837,0.7373161856042576,6,5.2450819875465475,7.770966593561215,10.0
16.37119627830652,3.6517036178453592,13.21855549740613,0.6440642057424857,5,5.014048918369528,7.612243814634578,10.0
14.195262000363034,4.5463405574984765,12.78146939445578,0.6788226767025457,8,4.339764573689255,7.059409656052279,10.0
13.633953507126401,3.584393802954695,10.07897037906095,0.7197006828103361,9,3.8580396701363187,7.485606206228588,10.0
14.246140481145316,7.929292202054688,12.646391222103533,0.6748211474633011,7,5.091720422353042,6.905758722634886,10.0
16.64433246868364,4.5431632426197535,9.574737817909341,0.6749895434477328,6,6.201908887911246,6.011718438102083,10.0
13.86936506558907,3.651619733511641,9.97155297816833,0.6266173278345595,6,5.213403331974103,7.575948140769138,10.0
13.809503798881794,3.995411564139789,8.647434303337857,0.7881493446155332,1,5.1070852526579875,7.708529147576377,10.0
17.90679157065766,5.938516141707383,13.610459695882813,0.7500988768990193,5,5.421704052520258,5.31941294860342,10.0
15.56730167068568,3.3202176193239428,9.74602018040169,0.6002486877732204,8,4.738940210855875,7.5910015281664585,10.0
12.422938054511352,7.312170650705784,11.123734791028712,0.753122656804433,6,4.643762656157619,7.74784998762881,10.0
15.073970000329277,7.8074983961857365,10.347997018797155,0.7479589985315718,1,4.7035099641891955,8.245069735405085,10.0
11.892304716917884,4.233737103336904,13.759568723501008,0.6019461920311046,5,4.405030451265262,8.091314034290741,10.0
10.28875462483499,5.250476342954297,10.010295025630894,0.6739208595227529,5,4.117340099898316,7.941800220589105,10.0
13.968518768877594,3.1106722551474855,12.671274928536134,0.7213495380651062,3,4.778189240317704,7.703885024418598,10.0
17.281820981139514,6.203551123636108,13.13249692778708,0.6905501303716072,8,4.995059731171176,6.545495472608412,10.0
17.29139520015463,5.069630290262944,10.613638984885796,0.7555972237441014,9,5.706291501958952,6.785239459804571,10.0
11.419052781054903,4.350292330507779,10.269030886717587,0.6850916665268868,6,5.146327063959202,8.4360395856598,10.0
13.27677466221695,4.034185553083042,12.486474925595768,0.6307725938907673,6,3.6509897350045852,7.252074864212059,10.0
10.116358985698612,6.270115388293802,13.477375881837405,0.7952831248547657,2,5.834017907871585,7.403965458161795,10.0
17.956311094988834,5.081085155161572,12.52959039843343,0.6484079985552094,2,5.049813957111557,6.372938412005616,10.0
17.81117907867936,3.89829644514956,9.362758193551194,0.7435384621082665,6,5.087682946404474,6.292076029991729,10.0
14.495089297074474,6.44554540743412,13.329846484626232,0.6286312623328144,8,3.86854097170188,8.084717216833436,10.0
16.044140596774735,5.825361415183468,10.325490004620999,0.6658025227567865,2,5.020371247052621,6.84600429513025,10.0
15.151001612837,7.293360274647481,11.457376470667606,0.6884055216860847,9,4.971367700068692,8.135535897713067,10.0
13.931582190394682,3.5873794943824646,12.988613715756266,0.6384464009054128,9,5.534376397781198,7.554872630149805,10.0
8.533479969888976,6.928333009722281,9.130368604402953,0.689991915273722,4,5.783313780561958,7.240539217877861,10.0
12.54764342552661,6.367583934086295,12.707060814065319,0.63143256459835,4,4.433337524240022,8.532427946493273,10.0
14.747863021674105,3.575054684140489,11.576976787464066,0.7118013077971781,4,3.8402765533571537,7.90805088469252,10.0
14.775316138836846,6.474103649358604,13.36004985096565,0.7327426505040389,5,4.4409812078636115,8.605940959814621,10.0
11.731226184223836,5.207736444399152,9.031822411061258,0.6124868568056021,8,5.265638904552752,8.470818473532104,10.0
17.416919866580304,7.724923927779216,10.52409342224557,0.7742264242164336,2,4.968205762210801,7.177835981785634,10.0
9.67357032236781,3.7080567530894966,12.997058557201024,0.6370281770084071,5,4.521519445782719,7.580942598470002,10.0
13.003594462155606,6.21416695407869,8.115390220740561,0.6450724850640648,2,4.754524749752094,8.601353241895877,9.822243944483871
14.908839765508228,4.90990022731473,8.673208200593857,0.7322699680166126,8,4.573855772231806,7.61139214339351,10.0
14.971358058918092,7.784073352954389,13.943391276540408,0.6937502120868828,1,4.518925203762094,6.448629040147548,10.0
14.486389567688155,4.649874476451382,9.682365071542103,0.6998791198342131,7,4.332395168376444,7.928065822820397,10.0
10.752882134518602,7.810929547459001,13.85325916234372,0.6256309969126265,3,4.920928879931751,8.202336784706732,10.0
9.56206568686622,7.507429255503745,9.095189306052044,0.7611471643752816,4,5.606186226909321,7.156945323187734,10.0
14.359403268267108,4.3519161765532814,10.166566658044013,0.723410849220842,8,4.95535438351221,7.901474707984566,10.0
13.993021161394378,7.017708884132139,12.517216667021424,0.6270764086618912,3,3.7160671081811234,7.859152641892309,10.0
9.79356010289241,7.97802100901753,11.94667044342907,0.6747998734051192,7,5.81811501749638,8.363028603195954,10.0
15.051391455705634,4.263315010856411,11.486734399574333,0.7620819865470061,1,5.1309298529754725,7.753612301889344,10.0
12.551719917336564,5.183885846616598,11.179395054830046,0.7136710091973242,9,4.836931233163511,7.9850090347887095,10.0
14.67760591603153,5.600903682833798,13.060642661988442,0.6217297558265861,6,4.933112735304462,6.9759929964021925,10.0
16.373670797701507,4.474655679019322,9.409691377000357,0.6745554091578574,3,5.236277476280291,6.060348533724508,10.0
9.697284285769232,3.076324198230149,10.654825561961111,0.6485388796911469,7,5.257884266662449,8.36767712642508,10.0
8.191448679968367,4.100646220987633,8.932713752938744,0.7034931107307453,5,4.979183749750022,7.471807772371689,10.0
15.791025863957868,4.409684421708793,11.575649574384226,0.768672225774398,8,5.10163914244256,7.161269728893284,10.0
14.09697425152616,5.217998506590936,9.503266545627922,0.687253426960884,8,4.765654500730852,8.057420536997524,10.0
14.996395696221217,3.855512392067009,10.003052386060315,0.6866684060736646,9,4.958607634644215,7.432516089312578,10.0
16.381549749886425,7.366271783458363,10.827504299741168,0.7810701804654074,6,4.627516348590783,6.039556537492426,10.0
16.028109348245003,6.52455566365668,8.160623514218766,0.7152370825014545,4,5.430366800491272,7.6952783428623155,10.0
17.609201469288248,3.42600238779831,8.551627615525026,0.7132382174794814,2,4.934735932591294,6.99722686557343,10.0
13.359350788521182,6.250462255699657,12.115575324249317,0.6523819783750778,3,4.642571074571728,7.7432670527552965,10.0
12.884956326599054,6.268282382028102,10.573819884305044,0.7215445495674253,5,4.41878263463434,7.940045769937201,10.0
12.0188719989073,7.781105868218138,13.188741331999372,0.7151820934834793,8,4.219717224404677,7.69343871336547,10.0
9.536910428442045,3.0151043567808062,12.168032021865196,0.6793702940683728,2,5.456883304477086,8.618951257217153,10.0
13.726072328820225,4.239662249029036,8.048605649883935,0.7981391131798361,5,4.42079538081139,8.453077292685732,10.0
10.770125243259788,7.638957396876577,11.70027398460281,0.7763781929896174,9,4.936920245553776,7.518276289073077,10.0
17.213075122129755,7.660669576991415,8.562349196358298,0.7499172580153631,2,4.423331132170227,6.943708088882611,10.0
13.831908042770976,6.602932096853187,12.685599078742966,0.7074691176826001,8,3.7651924370200445,7.393667676722147,10.0
13.928401805081101,6.8288166052377,13.949046129671013,0.692411960378926,3,5.542500272929842,7.40763039239399,10.0
11.549246608770101,3.4574147896482357,11.187192765449069,0.6369794790446399,8,5.5553774701752,7.768403088930101,10.0
8.519893519777074,5.569379173891168,12.096677001164782,0.6611474948029248,4,5.059540412440337,7.090509933850893,10.0
8.317437653729886,4.157914956444997,9.42388496536851,0.7547921599646421,4,5.649224583444102,6.542377639303455,10.0
12.233351441531974,3.906090218068086,10.625586462522762,0.6907497907875103,7,4.480022730022358,8.660500719009553,10.0
8.845653780972379,7.051516495616663,13.136571993418302,0.7764539033139003,5,5.604592643693171,7.6081189463015875,10.0
14.068469555401391,3.6751906834027372,9.004537686477507,0.6295822272691057,4,4.141995583714062,8.5630135712201,10.0
16.809730056396575,5.343258184981926,9.593213633682574,0.7016694192027273,7,4.4404989786229105,6.760202705093745,10.0
16.82914816518722,7.692891197930165,10.672602051716181,0.7293931368042618,3,5.0441086586728,6.100140923052311,10.0
14.590454101322324,3.9291602778267127,12.273493351064083,0.7033696912615852,9,4.905230916418253,8.177177696201262,10.0
10.11231831472931,7.889967118691173,10.255303728774043,0.7778453783169975,5,4.6288046081455585,7.952556192045566,10.0
16.62996831358872,7.971439928805295,13.566393678698024,0.797912656365828,3,4.3404408524123,6.795436512681583,10.0
16.86093435313208,5.778085773412014,8.566742307612316,0.623166931668274,2,5.669189044109598,7.421058949168712,9.450930506020674
9.966535849529587,3.8507137008857897,10.224825185269085,0.6259909808153842,7,4.774556239410585,7.121664292867184,10.0
15.374260857706773,4.580524439704478,12.253724740570531,0.6260648227120242,7,4.564549807960631,7.921220100661893,10.0
10.86519548927123,5.122464163382675,9.355920593968955,0.7362354192141055,5,5.465732534286881,8.294631177864142,10.0
16.026403123529295,4.546621121791115,11.938478805378038,0.6745352190991676,4,6.005033183134108,7.3050815935976345,10.0
17.972378999036028,4.4031778993825785,8.985301749364076,0.7466629322531813,2,5.476076838387145,5.477546263308746,10.0
8.300260053293929,7.861148546081788,8.335881709170119,0.6810942945773958,2,5.866423092465689,7.7846198003111144,10.0
16.97365865790932,3.766824137078728,8.726094300491892,0.7255213442664128,7,4.49513840865351,7.135224597214701,10.0
14.22630533598658,6.666639543584312,13.579908698804807,0.7539716011357788,7,5.056015550375793,7.885198641984752,10.0
17.733826191648213,3.0020514471958744,11.310505297637308,0.7096431821309841,4,5.674807315637147,6.328871814144105,10.0
12.650095175264276,5.980913347011884,12.778074652877894,0.7079007180900012,4,4.201971942628995,7.414580107856532,10.0
16.473879305713737,7.579715019770262,9.995927005430307,0.6176468650571268,4,4.695214783128332,6.439206745041824,10.0
8.623940685982772,4.439670470466095,11.55595188731268,0.682156348581887,2,5.943622653984815,7.042485412541792,10.0
11.352790500782957,3.927629876288596,10.96971280222995,0.7091554306449875,9,4.646264222910074,7.191398977280529,10.0
8.670165377512099,6.258398974392135,13.674427756413763,0.692396165133282,1,6.031015547576405,6.67459977565894,10.0
17.753431334790704,6.563007036491966,12.485447816324662,0.7801564000376852,8,5.262467662639345,6.1230147583293775,10.0
16.169739072718368,6.4401525947599065,12.383255788979474,0.781306126423898,6,4.8934288045307595,6.463985372807212,10.0
16.525474212459706,4.59658440010687,8.278119616605677,0.7643834761177524,7,5.460507456695293,6.859780954470702,10.0
17.37965231433894,4.261012010796654,11.298018014022146,0.675059615074624,5,6.184174753756916,6.5857391088910004,10.0
8.851034861197853,7.779593999810221,10.80194872341089,0.7434598303375068,6,5.599273628481637,6.7797743564522595,10.0
11.855975925133334,7.616497541349648,13.567053599637166,0.679057692213922,6,4.819544965378321,8.412783832505816,10.0
8.710348890440022,5.2865830494641015,9.544051929137193,0.6465187197951519,9,5.941078228598484,7.964350541485108,10.0
10.107931015500286,7.230969330771867,9.619000719746566,0.6685805287101764,4,5.646628274715672,6.7281104520753106,10.0
10.293657770376724,5.26161738817148,10.468077493289002,0.6141929266571071,5,5.211171946280348,8.530678837325977,10.0
12.691072110475787,5.121945090362552,9.460218280438257,0.6663555018009294,4,4.868231280390886,8.255799433731834,10.0
10.685621674536426,3.7838147379964733,8.775103506852497,0.6921484434522344,1,5.227608259190998,7.96050756418564,10.0
9.009781068177611,5.132030282459864,13.144489079904805,0.791096178956166,6,4.512414734369994,8.284152995773931,10.0
9.674910890941078,5.687084692999035,11.349659146423495,0.662682117243925,5,4.54470299202658,7.78283376201893,10.0
9.47275563552091,3.1125216371434323,13.168176313739401,0.7804907078411042,4,5.234176251989551,7.290504108462663,10.0
17.730767979122984,5.220565025877032,12.986808592422175,0.6457716551646994,6,4.8616467698474075,5.611639105447339,10.0
15.592925069184735,6.9067810919760015,9.692254128738027,0.6381937795518499,5,4.838017836787649,7.295758441341382,10.0
17.67761465269562,6.400230281871349,11.286424665945644,0.703799091286433,3,5.334611474830334,6.327705216629524,10.0
12.397404865079086,6.175784944319675,8.499306216440424,0.7345022738594812,2,4.2019652376525904,7.140248124965863,10.0
10.783684816626566,7.547777142186012,13.49151130418455,0.6088664501604563,6,5.159859893825888,7.747137621933694,10.0
15.982931972091867,3.0901600491261503,10.425576290390918,0.6442131730094434,4,3.92573233511546,7.974500299440789,10.0
11.262539180411467,5.785237930961171,10.362057103334129,0.6911367333002633,3,4.634471135121689,8.225027395714926,10.0
10.993833737053484,6.936744242048535,9.81653222370772,0.6662008671966363,8,4.064471908313355,7.275549782115247,10.0
10.325059922078312,5.706676913506336,10.763982468264222,0.7425242158696644,9,4.777041422135619,8.011946958114379,10.0
9.296789782242353,4.619477762901896,9.510556319272688,0.7022321192082633,7,5.633599952342411,7.98561155307772,10.0
10.56463061016766,3.6812528254598895,10.249113636780827,0.63207182112078,2,4.5256929996049955,8.412120772354154,10.0
11.553197484738877,7.437815359080957,12.799682291509292,0.7788930758630181,8,3.7499382332904174,8.28212362563698,10.0
14.739942081457304,5.353811961938015,13.005533021511031,0.6585811350966719,5,4.608937750385633,8.205449759126385,10.0
8.625648422194516,7.390575984928507,9.825094865771097,0.7462262217928847,7,4.916309624699402,7.808448471117737,10.0
10.10506939665343,5.929260612165842,10.814086583316728,0.755983155821082,5,4.98012874045334,7.698481205451329,10.0
16.090236402916766,6.370960583075004,13.242918657680313,0.7926315400512205,2,4.776901697241995,7.328699101464327,10.0
9.469219235837707,7.0213057718922505,8.316039990978183,0.6997014933048202,4,5.202360594060297,7.565307132933809,10.0
11.426451465225215,6.295777723000672,13.334869771974713,0.7231671030928865,5,5.362096244351506,8.18527249359569,10.0
16.6465892185814,4.990274203394689,9.31510607391399,0.6669752586959068,6,4.807468177304175,7.288021602729353,10.0
9.549253111434426,5.568166919643255,12.071235465286255,0.7356358586824133,5,5.139507606110832,7.661772974326945,10.0
8.8273683561819,7.015227623379399,11.495310178307601,0.692676697173264,1,5.114237898793563,7.648497957777738,10.0
12.845379950800108,4.868251481864921,11.317644489135512,0.6875304729448845,1,5.178835538711518,7.722783795306208,10.0
11.024195112785364,4.9406072838424855,13.156161348516928,0.7710935058232211,3,4.9050784677955255,7.799729617858292,10.0
13.63408364483854,3.478450580290006,8.609432861867967,0.6100337686997377,9,4.929142517496763,7.831987831050483,10.0
16.038048904834753,7.572922176108738,10.082168151953816,0.7763924855663737,2,5.2661427837863135,6.904534944696822,10.0
9.371484881527431,3.4551815747272085,11.229516478068593,0.7704139675657115,5,4.165371790137117,8.318221636259926,10.0
13.806990845542849,6.241045887242779,12.867733123676238,0.7012732507123578,9,5.066855092580819,8.135002144037506,10.0
13.05508760389864,5.065972394013988,9.29865850047003,0.6980405708411257,7,4.859233901198032,8.314455731013219,10.0
9.440787860131996,5.028096951277211,12.817579048245658,0.6723614736070981,8,4.783989754815668,7.952500149100039,10.0
14.239984855289824,6.397759182863419,10.397830894963615,0.7988347583363469,2,5.335525854517439,7.834042367500645,10.0
10.736404178607717,3.3354686631493937,9.133483138602173,0.6222338665507682,5,5.36252231026612,7.3115052266905485,10.0
12.878343185440125,5.968528914757173,12.553918642660896,0.7180430471257214,9,4.577921818697671,8.522472542759106,10.0
8.82272324277062,6.860158929861774,8.545393408847287,0.7363363180224834,1,4.242110656663196,8.535872018656296,10.0
12.59584057213623,7.141063789432971,11.088604244452657,0.7868660016433889,1,4.654293429143197,8.31302823024415,10.0
11.064634680428203,3.8526519469688765,8.38325470317133,0.7560406993713523,8,4.32176156599887,7.562802928302192,10.0
16.223812111853544,7.487095250390868,10.138507130946726,0.7287694405623094,2,3.8196809017239373,7.405028479801954,10.0
8.569787269973682,6.280730459237211,11.606460794038355,0.6233624633624245,9,5.638206872201988,7.011847059433016,10.0
12.1860727491833,7.409274004103414,11.336693248923279,0.6747467033662935,9,5.469634962562055,7.759945770372358,10.0
12.584314241314381,5.426403585550991,10.427932507427998,0.6277683285095971,4,4.63649862899141,6.772985570647847,10.0
15.250060762991188,5.71016672548601,10.574287963832694,0.7762425464931028,2,4.9064954283749485,8.156802456014653,10.0
13.74287575090211,7.595191385143355,9.360617320104598,0.7499242311127287,3,5.3430775340604635,8.006570099920385,10.0
14.67212337194181,7.499547716773359,10.735295530544617,0.7515073573594458,1,4.80936956170173,7.92946914395689,10.0
15.770492856517562,5.24080436684501,13.719529134325006,0.7304513035547089,3,4.5403000877313,7.683899162971096,10.0
16.622029736581887,4.372063158178409,13.102717506702742,0.701408707387342,5,3.8767391783272527,7.170574017777829,10.0
11.138754967224704,4.965852172821321,8.871397214458064,0.6299942118926994,3,5.2186610031517064,8.451345055725549,10.0
13.380227053639029,4.938821642648748,8.178684723925526,0.6659389773410104,3,4.875686271234592,8.587471916987681,10.0
16.401080784392,4.43433437491397,13.601145876299784,0.6273831584953781,6,5.412754239158997,7.013644529188468,10.0
17.894511309650564,4.3428980216648325,11.160498499284486,0.7449826285704687,3,4.06692875571072,5.432158794311991,10.0
16.89519311043763,7.305314682398597,11.227026938895847,0.632045755204401,3,6.085603411396317,6.380077173709195,10.0
11.714672626243768,3.3493096034233085,12.684307974239134,0.7404227100343371,9,4.349952929013064,8.305374534770783,10.0
9.951665172186503,6.388055910497971,9.888133843227958,0.738451077919181,2,5.556022997552348,7.27661600255984,10.0
12.893925374065887,3.8641002572822614,10.891445413016013,0.6918608957982578,1,3.722575100628207,7.928587611807794,10.0
15.416414518360423,4.722529466970316,13.811977478880426,0.6270457308236105,8,4.409454901385375,8.666826290187725,10.0
12.925690707532976,3.307715170674184,12.032892121594443,0.6629601652268073,3,4.399591480146091,8.479497309998195,10.0
12.831808633136685,4.349868184277311,8.922470191974716,0.6640186218151103,7,4.163291719730938,6.959634943928173,10.0
16.382304210818006,6.84210535558621,8.79936048790612,0.7400770266286587,2,4.53420686625281,8.205297045261597,10.0
11.614037790671864,7.425076622736293,9.225588549998033,0.6227486038827449,8,5.565423622523862,8.676111853177506,10.0
16.597946748116456,4.107635759511835,12.600270046524304,0.7658137292432182,9,4.81664075925532,7.274582175844163,10.0
12.068048009517236,5.3177391962946094,9.772262023043696,0.7522014580371829,8,5.779208395310247,8.067022984029684,10.0
11.282331056783395,5.3516202396860315,8.128333080050478,0.6372613836348547,8,5.320639008456065,7.284577023087337,10.0
12.53989911199699,7.367876528798671,13.665046181033972,0.7438328763557779,8,3.683227470556665,7.798855122185014,10.0
15.624469586748685,6.813995264379027,9.018280498369464,0.7337026362935644,7,4.653029242840749,6.351533403146831,10.0
9.260020278639942,5.565386091840249,8.057349116888412,0.7496241600221852,2,4.971324745973023,8.100379695955983,10.0
9.964192158720174,6.3537360023588665,9.422789614299937,0.6377857110897389,8,4.533874793721491,7.8855169339961435,10.0
17.51444825663092,7.236775269546834,9.410172722708802,0.6315180644312937,5,5.801015824117251,6.107816798280145,9.752496152814713
9.754916273813574,3.0476947701277246,10.532031505074338,0.6472967971845508,6,5.4818022717761945,8.253016605588323,10.0
13.677273179310546,5.014450155250243,13.522338989000222,0.6731743406297951,4,5.748756406298867,8.025595653932388,10.0
13.793144666619378,7.536215836385393,13.275109506674587,0.7587329962071603,1,4.4437709076058525,8.658836490054782,10.0
12.896244620502447,6.701565154219757,10.741367329894567,0.7475847874957701,5,4.891550184160324,7.737914599809025,10.0
14.447452485768185,5.714206871670373,10.465399429950839,0.7850903184557066,3,4.527727145416491,8.397029192631816,10.0
10.298267257976184,5.648222635175667,11.330054518849108,0.611725911819723,9,4.743874111643955,7.967641452352474,10.0
13.526622677767483,4.738850488022189,9.460724071830594,0.6023112562028371,4,5.073376812115949,7.496207967294402,10.0
11.721732552468971,5.602602668207573,8.313109951798177,0.7398277659401599,2,5.845199613007601,8.293023981313416,10.0
14.61667259629189,6.276915997317266,13.63534481702724,0.6558574991588332,4,5.208404528118973,7.694983832198071,10.0
9.412235433731494,5.091815192143965,9.120193909263037,0.6668157791067635,3,5.566733424930534,7.893080013980426,10.0
13.708774168394763,6.57076573196087,9.190404375474298,0.7093604051829024,3,4.641469621558537,7.360818010037903,10.0
9.852703553833237,7.306161136301929,10.834761973123685,0.6204826246253596,5,5.453940920085344,6.614220996780013,10.0
10.786430631150363,3.7734242409243057,10.949680069041984,0.7285388833096099,1,5.450214341640686,7.6789900658052765,10.0
10.187098003235832,5.257735114087122,8.110605258204451,0.6650294892462301,5,4.534258925707505,8.121575769371,10.0
9.828377798688171,5.040100456425406,8.887728432643824,0.7265430248601984,8,5.055989479769882,8.035307610999663,10.0
16.25710951560667,6.43732402024864,10.268928911364451,0.7668013826146772,9,4.761043512959493,6.866898117527694,10.0
10.857075676608904,4.2493373262896466,12.102384161063235,0.6342222666674859,1,4.534373453078686,8.051651574955912,10.0
17.271237818644494,6.201254574761381,9.370510740991616,0.786174618582904,2,5.623477604356929,6.414616281050089,10.0
17.69926525345191,7.38744620865744,10.538086677450575,0.7061376282124888,2,5.120782175560235,6.308910105032568,10.0
13.712604699370974,5.090657998968114,11.344070388298801,0.7845855530347937,6,4.908041168478194,8.484409611437703,10.0
9.430011226657264,7.5550784998961005,13.331554967739752,0.6415460164403556,1,5.364981909008281,7.002856276528593,10.0
11.745482433795813,7.965818694667393,9.95642301396274,0.7209125329208476,1,4.607465508932255,8.940117223834577,10.0
15.97732263348214,3.53046024973976,8.801349595180902,0.6807774234647209,2,4.148689446897768,7.296004064159013,10.0
11.673907286970705,4.165265939924293,10.935633355385649,0.7548444382312026,4,4.573947817328429,9.004050885734072,10.0
8.870172183027888,7.751898757410466,12.480329610104373,0.7211817886426592,2,5.528398085772337,8.440872840297361,10.0
13.56784910928188,7.791638432406934,8.659158542316401,0.6989030913916637,4,4.819540148215426,6.740144943144324,9.987357249691545
16.45120851496035,3.4885363769337925,10.548100950181762,0.7825970812862018,3,3.9828303633981528,7.101225184951031,10.0
15.959263871435024,3.074992501885683,8.1067108475749,0.675423412834336,3,5.279210248307722,6.725559133371581,10.0
9.751231401303531,3.8055001162821114,8.201355089883506,0.6439960409796363,9,4.774856755275823,7.679503329720606,10.0
14.727646144124668,7.9800639169112415,10.897720179299993,0.7216202373704184,8,5.011329942797118,7.856701551056561,10.0
10.20504263435647,3.8999980830534344,9.789183788905577,0.7248056874345628,9,5.367708017268899,8.567464430239314,10.0
10.182075345521723,5.512738033610116,13.070643794032472,0.6878189243143751,1,5.199722325575613,7.29227989327194,10.0
16.740717733051852,7.242088632152555,11.612925836758725,0.6973220087378764,5,5.9560639953932935,8.140861369749954,10.0
10.496689527402301,3.1020080534410317,10.723597770457943,0.79191068285998,4,5.407750846492958,7.596521253357777,10.0
10.632473465180112,6.022444911292298,10.447612226325777,0.7465371382793603,9,4.658769829329703,7.234880756746602,10.0
8.006533907612996,4.385127244348122,10.983472881137379,0.6221203502965154,3,5.342167028634726,7.750095796044521,10.0
16.706690341255175,7.311674582198658,8.242632987275968,0.6424260141741222,5,4.970414415865452,6.9561098437080116,10.0
15.925948132091348,4.4173057463203955,13.35676013852396,0.7951153268871118,8,4.692572213278608,8.334978141319395,10.0
14.27328935090678,6.433778601409545,13.98981893440375,0.7452931107587063,5,4.877934858344586,7.249583395011528,10.0
15.502657639388422,6.371098162236985,9.088922749152193,0.7830090252289307,9,4.240921688692996,7.478715749128491,10.0
9.520485674244918,4.1074677442982,8.722297788647719,0.6607722927977444,2,5.793912609488064,8.327673097738481,10.0
12.583235945875755,3.1739959993417504,8.861464780691572,0.7483733720173185,6,4.704282117490904,7.560158928934791,10.0
11.512193873487808,5.0462478689269865,11.966162349406202,0.7428005417047023,5,5.4427422870850295,8.628934410991928,10.0
8.937765262570165,4.445965759829349,11.968645030704648,0.658937997087875,9,4.654506044899035,7.730001672599675,10.0
12.86130485214924,7.044888748068543,13.087544973670466,0.710163265090141,7,4.0833448255798785,7.460151942681811,10.0
17.207396503426352,7.001820942276726,12.51095833055752,0.725483022254059,8,5.656594110078172,7.275775182012022,10.0
8.400591190506944,5.285119760963127,10.698138040216039,0.696226362165493,7,5.072958963425447,7.254019910451283,10.0
10.914609134937939,6.032561126616095,11.677132169391912,0.7654357413316025,5,4.343755662788734,8.53533408375852,10.0
10.075409362057034,6.021297579934626,12.129708022208048,0.7665738083595979,5,5.567124037908515,7.463368613397103,10.0
10.381466536656964,7.135790742138116,11.076418821711352,0.7701201096603114,4,4.522015949064844,7.142957811810092,10.0
17.084345518793754,5.125012070615988,10.85390590670982,0.7606847138196325,2,5.079388529856667,6.487410898203575,10.0
12.680690542342901,4.377233398952545,11.87058467385592,0.697616695439429,9,4.408702988089932,7.915728094119812,10.0
12.662994129398188,4.325174590702737,11.344847293853922,0.6762876596298014,3,5.0589974903413415,8.07550628792802,10.0
15.605756424552823,5.68096139641102,11.863653832015462,0.7662752567428741,3,4.934896663461447,7.616844241027662,10.0
9.544922040049258,5.245741013661063,11.677128643780183,0.6980402917112534,3,5.552865823143271,8.678440840105516,10.0
12.872653541000508,5.200603854924681,12.315179363081928,0.6492742797255964,8,4.073580923780634,7.910208094305704,10.0
12.299852141210597,3.455686695448536,11.856821052697256,0.7014687064644433,6,4.819246452894237,8.886396282541916,10.0
13.96910690546656,6.593018703450978,11.118454918623604,0.6283699643838484,1,4.724565944715058,8.318564564000502,10.0
17.995577032504386,4.068683439909553,12.09078086770632,0.7383258981197598,3,4.944285640326708,6.162166522612812,10.0
15.69448894082047,3.984768151043607,10.696891791112568,0.6671842563247813,4,4.316063628674084,7.4708635371001435,10.0
11.978657030174272,5.063791601386967,9.450027355835607,0.6521317596894909,2,4.6781338199550735,8.197904813339207,10.0
16.27553052274047,4.138891708089007,8.008509320803492,0.7913017492469491,6,4.780874392201084,7.59883783214035,10.0
9.707083633124801,5.919291336540077,11.35978488287506,0.7553761991516615,1,5.651104809053987,8.326247735338741,10.0
8.304636863089602,4.857316696672358,11.543931359651847,0.7574139005447863,1,5.838191302011254,6.61714437078111,10.0
10.044483724642731,5.24455861296395,13.832293788654287,0.7247443938558367,8,4.648067265079085,8.298111601633206,10.0
11.404115561142596,5.685846608020144,10.168870004565653,0.7678345621020595,4,4.649847397117521,8.186142623284688,10.0
13.105807574595598,4.017677612409024,10.36479945696987,0.7518324962326762,1,4.9417171725511615,8.135184218397367,10.0
14.151291405411998,3.778758114327649,9.210797488053142,0.7197547408267233,7,5.015217331013128,7.702133410149094,10.0
17.10605717214422,7.402109514368024,8.423205771423932,0.7922248803703436,9,5.687978616087471,7.048250820943054,10.0
13.098540095504577,5.168618514157105,12.636826957170443,0.6383189899368846,7,4.636402179287928,8.383863876911596,10.0
13.012756446257294,5.060468048162695,9.49808638603595,0.7886759437989502,1,4.749348436379051,8.004794977171835,10.0
8.502430098229821,3.1780607513642076,11.653429166180228,0.680287632399773,1,4.47673884821394,7.899223130662121,10.0
8.349115526562239,5.489881512936966,12.126638213272889,0.7056797966802973,1,4.856840419042966,7.0180506236253954,10.0
13.511599619163722,5.770848608055,10.827420123749887,0.6245478639088617,8,5.1231839558180745,7.891652653088184,10.0
12.381786132483445,5.794204354773332,13.25811267816315,0.7080214877843582,7,4.147902491035942,8.173172905201191,10.0
16.391803949802988,6.535155846614422,10.662769045878372,0.7222413503716387,3,4.109491146442543,6.880871545683314,10.0
9.606795847118452,3.8874091749550588,9.709451738250591,0.7995403083617049,3,5.467649177933869,7.548145221617367,10.0
8.249716621170496,4.261115671153094,13.376093137769734,0.7950384822143054,3,5.244611324788573,6.831845116768022,10.0
12.490387679301259,7.053652326152063,13.169385705499739,0.7932794583748575,2,4.2905396373522535,8.203804574004822,10.0
10.374785567522576,7.73585308421697,8.984239682458478,0.6696776120204114,4,4.18976144357068,8.840378352781418,10.0
8.496143733388374,3.679663736836603,8.155766110123526,0.7982532997490087,7,4.632703984188569,7.687238927515874,10.0
15.24598286847629,5.4882477725260905,8.539913338097724,0.6910956303190222,9,4.553118884923942,7.389303027105399,9.9986025153158
9.115929999572474,4.070881263697935,9.719284391322903,0.7703672517523802,3,5.129632611648033,8.241955389065613,10.0
14.083195000077717,3.300365841774912,13.833558810450263,0.6432639938037944,7,5.305437293995833,7.765934238193167,10.0
10.810497501668891,4.627516690630677,11.35109691896495,0.7011666359313204,4,4.791077828179348,8.304354050948326,10.0
9.73496050355022,3.7184381259210637,10.239570392175613,0.7932024192255211,1,4.89471619305151,8.02355396235546,10.0
11.797515229193175,6.549665367171231,13.332296567676478,0.7894062793846855,5,4.592741281405864,7.251548735674651,10.0
16.014457762229537,5.668627068357222,10.718817988870997,0.7367469755642854,8,3.7560109298833853,7.244334456518694,10.0
11.920935769045727,3.7191723549515543,9.891431770406127,0.759562864510612,3,4.481496165301659,9.071308667533232,10.0
15.507696492110558,3.046207942027572,13.647317172473944,0.6352853393204803,4,5.1258106923210836,7.113822990042527,10.0
9.254862967991507,7.0407852451210635,13.097105997156067,0.7443317098968315,3,5.209177857915649,8.419837160720773,10.0
15.72771419665079,3.880972030821238,13.062010252516647,0.7236101616670745,8,5.226544568989829,7.811477452617602,10.0
10.369333249066486,6.03108321110383,11.07370845830128,0.6183103471502492,8,5.471202532036097,7.642435422377726,10.0
14.773931298888728,4.684609565383727,12.73663039289273,0.6226318013179353,4,3.906339291180526,7.667965886325797,10.0
13.657815548409964,5.927429691575178,9.076120155587311,0.6216887235502524,2,4.344631912956785,7.383614018636402,10.0
17.291447172116875,4.57826813491162,11.439337745337461,0.7448713869659671,3,5.638699037239325,7.075236930167383,10.0
11.87322517975314,3.4346978034612707,13.903075537085273,0.6283430416495145,3,4.783067323203126,7.526625279524802,10.0
8.661651888344405,4.114750042788768,9.74575058310777,0.6935464542228941,4,5.246660691363182,7.694245709864156,10.0
8.191554855512528,3.940292832395378,12.766113975486052,0.6713963611755516,2,5.97662973665201,8.238986919497275,10.0
16.26858560972753,5.140096762198219,10.942870443248403,0.7101008281540436,2,4.529286186611255,6.81555528727073,10.0
13.247356376614322,6.291418917130787,8.238834099332523,0.7412952974438806,3,4.301124495506454,8.144926383638365,10.0
15.752440518349493,4.3190303747317875,12.578116386894004,0.7369445074442664,1,4.443646300484954,6.59837635240962,10.0
10.344256000115147,3.0603496765030895,9.011414866352677,0.7031039831828754,8,4.26994577616251,7.933950790017893,10.0
11.450837455132337,5.594686821323784,11.788841402796502,0.6928669747220771,6,4.662147935463831,7.5284499738899875,10.0
8.301038722113189,6.028797446794861,8.513985164281838,0.6795631190244518,3,5.516579371854517,7.4882664105230425,10.0
17.61492324574112,7.814352470009048,13.68120438497579,0.7723819896608759,1,4.694606537758499,6.205858856620483,10.0
14.678679067008135,5.947354015466234,9.750343323082166,0.666170360974529,3,4.66738093479373,7.195906019939257,10.0
17.332050877593062,5.355862796890709,9.35878815006437,0.651873164233499,1,4.847405354776553,6.559725328397926,10.0
10.654964074290723,5.867008129488519,8.774818424398006,0.7486630987310543,3,4.843488143921888,6.633523785433572,10.0
14.114636112256608,7.639503149310135,13.676013160034287,0.6719526923393453,4,5.407201712730831,7.299027299383439,10.0
14.784999682926378,7.1418907280082315,12.271422454647832,0.7693997199514537,6,4.772927556925891,8.84762465687717,10.0
11.175497002575884,4.61489366681904,12.449965332308532,0.665577743727429,7,4.859349494387675,7.901162497911351,10.0
16.481092350156302,4.186271818285686,10.996427368281468,0.7403889649149177,7,5.982878893340498,6.807769365915686,10.0
17.471614629002477,4.3131680618303685,10.848366711622901,0.6090218012570672,9,4.926741554190724,6.739367957544688,10.0
16.848551176960044,5.522105198576065,8.66012745794886,0.677112576022064,8,5.3437539636306495,7.404185412856259,9.752036418577068
15.390669759393726,6.720247256142889,11.359046573503951,0.6686460349935103,4,4.528039680069043,8.300200902574806,10.0
10.77464679724954,5.516096035914811,9.481498970652742,0.7633357478551847,6,5.255949195827979,7.950472636754071,10.0
10.816160421056317,3.338981979140563,13.862871996802435,0.793411080645662,1,4.404359138135369,7.8851124710849785,10.0
17.63360320446038,6.617903502199905,12.779485640090885,0.6921762553385923,8,5.054011164706818,6.664193955841948,10.0
8.10284495935692,7.029850643354769,10.477952361157325,0.7649672554307516,6,5.206835342466309,7.328793712743132,10.0
15.160499732421444,4.447489325598598,8.908047552149199,0.739938940191473,2,4.24503940827372,7.476089762437888,10.0
15.062461625552622,6.320628696416752,12.711990146832704,0.7934771975327387,8,3.6931979353156517,7.8912055102259595,10.0
14.226895409497974,5.132959505271967,8.732322602487896,0.7622217028685649,4,4.894343983699587,8.104672994443707,10.0
17.901088460868657,7.445596778637214,9.136002520982423,0.615495613192746,9,4.974176491853368,6.347550898682948,9.859639213750658
11.118794357637253,7.226127790803699,9.269123106465365,0.7426563444764472,4,4.677977961323468,9.225964698473028,10.0
11.399718637932482,5.627159991548211,11.341343829638566,0.7070999430844748,1,4.7140790296549575,8.994079674847411,10.0
8.789394029465555,6.457527729067972,12.722339923942197,0.6032872115864654,7,4.553154126280428,7.821278499532922,10.0
12.427981365437375,7.41674850511052,9.885889272348154,0.6502625917450887,5,4.494749315670564,8.628850209711608,10.0
10.610485262348481,5.478585050391377,8.508018885651737,0.7843510490053787,5,3.9957460725264546,7.625109579794745,10.0
11.433867021776443,4.56625370244411,10.787230781146516,0.7852122745573507,4,4.545107325524352,8.057867812887336,10.0
16.345717902556277,6.7683306895479065,12.488661446959613,0.7597700920401269,6,5.687999599634477,7.479937931076169,10.0
17.354845135274957,4.100331273923459,9.32998305852433,0.7963559206555979,1,4.882887144112977,7.322661798170501,10.0
9.857330720051856,4.94265574003021,9.319547288236246,0.761309044924841,3,4.4553708492488715,7.3120937929769845,10.0
11.725089315534658,7.328636185533968,13.683362164080265,0.6020408374570491,7,4.49917875887858,7.726370535885677,10.0
17.28630562115394,6.622111701346576,13.724922362715068,0.6575668680603024,8,5.919642216916676,6.701337704868475,10.0
8.618084606892227,5.019055026237496,13.942794392369459,0.6061248364475526,9,5.10908233949541,8.249860574394495,10.0
8.923605281113785,4.073722512041787,12.84595760944868,0.6188215937475119,1,4.475097285950509,7.62444256242135,10.0
9.627909892062293,4.779841954161182,9.129105015007674,0.6437681633901552,4,4.165746155442284,8.353985239574758,10.0
13.952128341268747,4.420520746137165,9.271889124795567,0.7007117092651045,2,4.475555726296791,7.7888216219871715,10.0
9.504722710059974,3.8804464397192695,10.041351449134352,0.7695064006924036,2,5.513014554249498,8.112882640239132,10.0
17.680763814507333,6.716664567828284,9.908795188000944,0.7723933512314216,1,5.454182628736652,5.900761724024433,10.0
12.467145272585203,4.260349434250857,13.739166494468055,0.7232403717114593,5,5.23808286090499,7.671112398185119,10.0
13.015179603501664,5.2708373508388195,12.734443897290161,0.785635187813247,2,4.98363787686705,7.88188896063736,10.0
10.466586158054065,4.929297234180545,12.344052752969324,0.7000124653180416,4,4.918825229512462,7.342480103511788,10.0
12.709602524347336,7.9103868931781545,9.115779344348791,0.7778072088266403,9,3.3580265777676606,7.406032720503915,10.0
14.619136326370116,4.955461220741102,13.457153356173977,0.6908130512664025,3,5.408689737448039,7.489741514916315,10.0
15.511771369540428,3.399912413983774,12.967222277037044,0.6554450014843765,8,4.080643083119927,6.684745958081304,10.0
15.53868082709913,3.44912876286042,8.981851047967542,0.7832825836200856,6,5.96787648595226,7.341289965234333,10.0
13.778911126940883,5.953768606765324,13.227021991765834,0.6775870151357739,5,4.289207798523865,8.009343728492144,10.0
17.043597749938574,5.9968177586913285,9.633485218222827,0.7006808217688923,2,4.71694112564605,6.334035982035906,10.0
16.174078473061094,5.093794952413274,8.485218474992637,0.6657721265061355,3,4.64235180361254,6.976496755701747,10.0
15.570481146986253,5.159218461560148,11.940933839085261,0.732567520058146,8,4.823665386508081,7.196375009412203,10.0
8.556055216804607,3.269662914204356,11.922827956305984,0.7990062450012071,9,4.665945627750151,8.201346729388128,10.0
8.068779622196493,5.582732551946311,8.56959205739371,0.6051027097729539,7,5.055721069319353,7.307497022370097,10.0
10.12447277195473,5.523697376901758,9.913110853619495,0.7799696012014203,1,5.442817646765133,8.95266153227291,10.0
14.635235939134523,3.747746592784723,13.956886773533231,0.600785211397853,6,5.3880333828835925,7.446477977536972,10.0
12.111974888825458,3.519196930554638,12.07056000205242,0.6728455762292422,7,4.158806380493909,7.791906251277963,10.0
12.024062592993117,3.6178624529974526,12.380450999619974,0.6337213612579029,6,4.8848625157688295,8.575014907981377,10.0
16.845868882296138,3.5051412324562925,9.277503713625833,0.7514683561345102,2,4.775093415026914,5.5652649642272,10.0
16.95562848131839,6.048540977683799,8.472692426023485,0.6101221681514347,9,5.311352898806911,7.162341530699308,10.0
17.09175264053586,3.9824132620145933,9.661410138445627,0.7106969907168657,3,4.641715993809957,6.657323308632168,10.0
11.138780765150273,4.257150760937317,9.493390311159152,0.6589852267690626,6,5.176710576701244,8.01952387571382,10.0
14.910558127392617,3.8678607207571987,9.407264604488319,0.6267340497729404,6,4.674660317471033,7.4086710884641285,10.0
10.716331812743697,7.789176522242515,9.156525931322237,0.7543636424205282,8,4.62597987518888,8.212575556386971,10.0
9.906098330744499,7.273087315759177,11.448534143932426,0.6434833668510513,4,5.000396386753977,6.857533903602956,10.0
9.846324573473693,4.152474186757605,9.968620855050931,0.6447350424109878,6,5.753645906298828,7.396252840398437,10.0
11.42107620863594,4.63783146961063,12.922070090285182,0.6550153570275846,1,4.729123387707539,8.962901567352345,10.0
12.299576197798217,4.0494642115249855,9.103684507084305,0.7173533527656055,9,4.841217327274633,8.027523772123535,10.0
16.309491710550684,5.459379797304119,10.787762425211266,0.7319331863381496,9,4.977336506001473,6.480184177896706,10.0
9.19891093472712,3.098052662371268,8.08194701855648,0.603520504740269,7,5.226575521519611,7.638657711864657,9.508426953118615
15.349258473948941,6.356840044483978,10.890093934731151,0.6483739272227581,1,5.397586213689163,7.81274180992655,10.0
13.314549141893053,5.615790749088208,8.335029325258846,0.6861941685010565,3,5.082844485746283,7.962025485864271,9.52233275104117
10.879453426759925,7.493194641505516,13.866341071235862,0.6663953904322466,5,4.167260845482451,7.88088888587673,10.0
12.928195845328245,3.821963421642071,12.743552771902477,0.7768341317021773,4,4.945917202816554,7.66174262522182,10.0
10.999420697770226,7.0205462303056585,10.940668859818732,0.7575417461772838,5,5.636178847583659,7.317075433253997,10.0
13.96081955238306,6.9598050723335785,8.519524149076101,0.7251780431077656,7,4.562094488814535,6.87252373609977,10.0
12.338439228552442,3.6359059460844345,11.554672644742485,0.6676084831994079,9,5.123711312501634,7.578623792385961,10.0
9.644055290788787,4.992796120720638,12.552582504211266,0.740134468969232,1,3.6924205543983213,8.379127771859169,10.0
9.165830745556967,3.8507632057225845,9.144303518028472,0.768727602569159,5,4.704641396851095,7.386035728013109,10.0
13.466956820721302,4.273602502287744,11.409250044724946,0.7189660754717974,3,5.864663639983849,7.810995600683912,10.0
17.024130332861034,4.316230874152722,12.885265390297208,0.7568922933786758,3,5.4569562209841695,5.976606924814458,10.0
11.439576865576855,5.781181970128864,12.609486665877899,0.7498209922799496,2,4.883377395872081,7.987518390196315,10.0
15.330001072226231,5.057054658802327,12.817952107202917,0.7143474622320645,6,5.7065815436663145,7.243807431002131,10.0
14.58661354939767,7.738664020031527,13.27594054921832,0.6624366433643022,6,4.158419880158514,7.498825202054327,10.0
17.31554914309481,3.6318507097350254,13.626092612956821,0.7491564316002544,3,5.7770124918467545,6.2900873743260926,10.0
16.209810172991407,7.8684606742509935,10.433126931221215,0.6413592732715213,1,4.486140404108531,6.823731432289389,10.0
13.66605258905463,4.1531932010713195,11.412614615137263,0.7558976692943068,7,4.7173104329757,7.739551370299844,10.0
14.570304982341073,6.864369681909265,12.743957156273666,0.7609093384285066,2,3.9001441523678384,7.653934806797722,10.0
16.98386466584035,4.694849630864107,12.182838883674698,0.7644289759140747,8,4.874650552253349,5.628155072953012,10.0
11.995187845869347,3.7154069770865696,13.973121369586273,0.6945831941956915,3,5.382212718124061,7.159528191425741,10.0
11.267947058577773,7.2894459262312,8.082065906627864,0.6384961535540843,1,4.539345301356335,7.7094574166216105,9.78919937813107
8.108110836351964,4.544304496182316,10.130799291894744,0.6199447200132138,9,5.7322931707916265,7.703794949816496,10.0
16.265510741914643,6.294277021134211,9.686167557621214,0.7486722500975849,5,4.681222164884445,6.3821004400798325,10.0
16.00980700403365,5.832218425433133,9.573895100993207,0.7772522769059627,1,5.096902404265649,7.486337889124553,10.0
9.044545181001514,5.358781546954372,9.335178694993315,0.7301676717673814,6,5.590875037769304,8.391596362582868,10.0
13.768573811327002,5.479097363242696,12.254743044891374,0.6288320120776739,3,4.333306921387674,7.710293061534646,10.0
12.639816981668874,6.6611895704614374,8.50855683965193,0.7869792897035148,4,4.248399483703069,7.755206156537675,10.0
9.187090955091115,3.438864570617203,12.44965300366003,0.7978204029078639,8,4.981292348935734,7.87321585831943,10.0
17.805682270607235,6.3409033097895255,12.16055505209764,0.6866757219869843,5,5.054705989512476,6.369237748168449,10.0
10.146958874633555,7.4790605069928935,9.504824795005378,0.7189650578547543,6,3.9592471910179774,7.5170860400210255,10.0
8.672341800905611,3.2889409850993205,9.517002698990968,0.7554457040003316,4,5.485878485488901,7.582639637065336,10.0
13.948473795019096,3.703266696168334,11.773163512067013,0.747277958010009,6,4.868836119502527,7.467251137881881,10.0
15.388666771330326,6.583159683510157,12.573026632902067,0.7935574383866899,3,3.895060218847636,8.113874732087105,10.0
8.32443446047187,5.186408241223088,13.258913678524193,0.6229766182157578,1,5.838818831985691,7.21717303006295,10.0
14.587176387270222,5.017743104068442,13.112837383126855,0.7161449732285612,6,4.513943948520466,7.877071204493518,10.0
13.322918759514545,3.6848331727211794,13.789297964983119,0.7383862839346185,1,4.830810333794537,8.744835771603144,10.0
9.032650088750485,5.5338502035889405,11.488309372019067,0.778019684837534,3,5.097443183409549,7.469395257466338,10.0
9.72523876946362,3.632726555981886,13.451933368042157,0.7748219255436302,8,5.220243244697932,7.365661099644782,10.0
13.679742973160804,5.383102281552702,12.851079639562464,0.7955999587122581,7,4.728851095147235,7.572732616118968,10.0
10.963576135132884,6.818076494808284,13.368005745884082,0.7024156907875359,8,5.274072418791201,7.944556584539256,10.0
17.38315728651316,4.291321789435818,8.0697596077122,0.7661521733626453,2,5.159651088039699,6.479421404091312,10.0
16.187402294840506,5.403930840898637,13.795417951194866,0.6854563416254655,7,5.288033820813379,7.034135278395693,10.0
17.83567206513663,7.960079846984178,10.84118097707887,0.6844627755712065,4,5.987190952837864,6.472111896020818,10.0
10.59670838950414,6.433252116770186,12.789097937449057,0.6506696728945718,1,4.850333328323502,7.962493617538876,10.0
17.69723632797977,7.206783856525993,8.763224716026684,0.763647457403846,3,5.106270130604898,6.145960915649468,10.0
12.312338697915578,5.074238032802729,10.375646574883845,0.7971630211627032,5,4.9792483843799715,8.000495076820117,10.0
11.475187953137546,6.839304615629277,9.628763978125946,0.6512683456694516,8,3.739898803552682,7.641241411732643,10.0
8.503495269693532,3.202545864706609,9.749952623005623,0.6112263176042144,2,4.9294350042195445,7.146771492893249,10.0
8.527652578596026,3.614555912711225,8.73953371970529,0.7631084874838014,2,4.904943301887016,6.23080457289601,10.0
14.920112559466547,4.015352964600311,12.834582995258042,0.7240460105069513,8,5.018282923481732,7.157050485355305,10.0
12.579289944340278,5.009759623076098,8.055453887486468,0.791939760110201,9,4.758779689515198,8.391067040610261,10.0
10.265216260361058,7.228724391628816,9.875032741911214,0.6504478438153904,1,5.583124540088737,8.163951812471966,10.0
14.139703063252327,4.731330253939652,9.04646325929849,0.6142055316002561,2,5.290246095569652,8.136577844280588,10.0
10.528581182501112,6.273105967577314,11.534233643650044,0.6984884521733004,4,3.9221132374833734,8.104479825864209,10.0
13.776317543444225,6.5465714740174175,9.525514415687264,0.6170932045930295,3,3.829269613747502,7.5997370488395175,10.0
11.592087469826904,5.930911770441707,9.553990727168598,0.6523580002205415,1,4.776949204595179,7.359118861197659,10.0
16.235522266118192,4.786209840850681,10.930028863971913,0.6251955721638336,4,4.145877996510582,6.944437440791216,10.0
16.206961607667793,5.8852667085677215,11.916134236045554,0.6448264359320157,2,3.928278507490308,5.567083206097507,10.0
12.773503981224014,4.711327963948731,8.727828227390981,0.6212289305642783,5,4.307094290400064,8.541208144325305,10.0
11.508191093350156,3.4193686927600604,9.053068714792976,0.7907811998854571,1,3.7240847017797822,8.0903857338475,10.0
11.625597965590945,7.964019890930072,9.483048467567105,0.655712542689947,8,4.240328120431485,8.420279418307665,10.0
16.05714525668218,3.6359122681625546,13.842489284707764,0.688779517198513,2,5.24494103323936,6.920229670732448,10.0
11.28179482797612,3.361741919180287,10.382914999657523,0.7797223615268445,3,4.5499229361373486,7.171172510404689,10.0
10.09059373706846,7.39265374603578,11.59394054378616,0.7354643175922949,3,5.730991886004384,7.909844079475833,10.0
8.846883418753068,4.5091733044644755,9.449256876295868,0.7236074961123549,4,4.986434534778452,7.588987746051853,10.0
12.666931208844083,6.251484870367538,10.942757150944928,0.7411126380721674,7,4.956544992156759,7.909013751173181,10.0
12.82132098919842,4.645028648311165,8.444715046315748,0.7657644514210764,9,4.409809721673455,8.10888597590743,10.0
16.409087104029073,4.957271353972356,8.208452875533961,0.7755338535703522,3,4.842436860012169,6.789184192955698,10.0
10.21238696446064,4.310564860083982,10.812401160928761,0.7285279341330053,1,4.762741472633414,7.939791043939801,10.0
11.809912736684,4.715220028965051,10.391955725110472,0.7780014549388116,1,5.014373194370938,8.232577397492404,10.0
16.08405738893691,5.053502002932715,8.821281918150966,0.7070795054850953,6,5.255894440751912,8.003812374720349,10.0
16.236236107489734,6.602080345461714,12.125608573524403,0.6554581712536847,5,5.950216256301392,7.485594451157837,10.0
11.846110759787681,5.5576809711739585,13.957420945395587,0.7760153417767689,7,4.740458744788884,7.379219522160347,10.0
12.59124023286681,7.717826085784885,10.373880927180275,0.7082945654826175,7,4.957110306080778,7.7876677193095505,10.0
11.032858908492829,3.2094019691938778,11.747351815504366,0.7812275175134469,3,4.31204091274786,7.525500672302275,10.0
17.32554878419312,5.515341613160141,13.777855654186915,0.6080335627901162,7,5.488639372587316,7.267405417448432,10.0
9.186437657415803,5.921123944158591,12.989209834681251,0.6795031503082472,9,5.195185761335849,7.359110236104045,10.0
17.3374942300147,7.60098493037137,10.781313339816114,0.7895610036724937,8,3.8165289928505315,6.4435783641848525,10.0
14.838664518353433,3.2457926181071377,12.424936906759516,0.6499300185516605,3,4.300255352124196,7.541138051808552,10.0
13.315721526867312,5.86749792467608,8.768810241503145,0.7883072492076986,5,3.6298351140985377,8.11482790193203,10.0
8.32659060784496,7.268149642639785,11.072623132782795,0.79078049222585,8,5.049497325361156,6.7305037220003605,10.0
12.755961918220082,4.209638640596183,9.674361663079619,0.7764284628451722,2,4.82995855755856,7.966041279039751,10.0
12.077481050027323,7.381461742619687,8.966982127376966,0.7127336090186598,7,4.564606198300296,8.46901044822588,10.0
9.612188119751226,3.095217046371459,10.557685437527208,0.7293878898161277,7,5.390109877246833,7.550565901105674,10.0
14.56409603500657,6.662273145668649,8.786087326601686,0.7739233996899739,8,3.5383729952818457,8.585565933934497,10.0
17.71150907368286,7.665566105843265,12.193910649046913,0.7551794164778369,1,5.720874559331056,5.926794835724008,10.0
13.621888110645251,6.285988308200311,10.737440264320012,0.7260187698910824,8,4.791955727694843,7.616177312273915,10.0
15.147532764439458,5.19514621990224,11.186867795387982,0.7964518815741406,1,4.132909625024426,7.891847506974153,10.0
8.684504525660168,3.22440508236359,8.878255632008942,0.7371353272667388,3,5.3025468867110765,7.466733011103394,10.0
12.176669958169947,7.600569066613144,8.838629966560967,0.7950963984895523,9,5.8023157414655735,7.884056902789167,10.0
9.16358485164496,5.351481113457874,11.500492611560745,0.6114776949214181,4,5.920885573655444,7.038046186200115,10.0
14.127958355365104,3.14498372167974,13.910058486976677,0.6277920741484425,9,5.524392427057478,7.482000890252987,10.0
17.384821582141544,6.44910535664381,8.577503499426353,0.6902917692000982,1,5.052653838099656,7.465533962796669,10.0
14.617777324716386,5.4091862678812905,9.714388571394688,0.676975892176863,8,5.284393771971393,7.8170586929450225,10.0
8.768030483144216,3.621726587212054,13.216754699227325,0.7565469682714056,3,5.947039402332401,7.765937014994656,10.0
11.546662049850829,4.071359046551298,8.433632073531422,0.6321228052938407,7,4.240488274898286,7.6779216793333145,10.0
13.506633794408515,3.3224534022792316,13.255314328201708,0.7952190358222978,2,5.312897920153741,7.983882971017338,10.0
12.032077561332523,5.871467698542868,11.145715900248508,0.6630131750521828,7,5.249544991044781,7.86195143426264,10.0
16.336440104751723,6.1101473962600465,10.449600643558554,0.6857847415480319,7,4.600804223525204,6.436171929493014,10.0
16.14671004709989,5.528711491777222,9.858083386108735,0.6549490064880046,9,4.9508534686267796,6.773096413737651,10.0
14.118310201032214,7.085510665013075,9.782702948767051,0.7158727234653095,2,5.364249738594916,7.515727907332057,10.0
11.734579451327052,7.305044106540068,9.834815494696873,0.6117257400845167,8,4.714363988456187,9.04404586717596,10.0
10.553363737632441,6.078121983415633,13.308818485761174,0.6299355011140897,5,5.3402166872455945,8.83074300022355,10.0
9.058743182131293,3.063782398537153,12.342771381048713,0.7491595406837449,9,4.979111195606698,6.730566983032754,10.0
11.54897683486554,6.476148278738679,12.018338046986903,0.6373001166809608,8,4.214707013437876,7.576755203698579,10.0
12.131725172077195,5.089996084601758,12.792494893712005,0.6471028903113326,3,4.110442938297383,7.908099443294264,10.0
14.758229251040737,5.827787416131935,9.542687978024869,0.7585964471449675,3,4.586945705787283,7.632790859867149,10.0
14.581598242975735,6.245403010094422,11.708256872490534,0.6186602356714507,8,4.932566433001968,7.600985201775902,10.0
8.701081396412569,4.751183071635384,10.760397433747706,0.6874947645541681,9,4.431784415435663,8.380842118813572,10.0
11.952593154311577,7.585492525858971,12.69464981120116,0.6046126773994454,2,5.686982386737531,7.763755368453714,10.0
9.81778867217362,3.669874333748906,9.855536662839713,0.6693614798635807,3,5.571326590873672,8.669844766981644,10.0
9.568127053168057,6.3575590364051875,11.859071701219374,0.739796280522151,8,5.348870987691096,8.185156708175588,10.0
16.273021497372458,3.0217978997829023,13.293274470903881,0.6180206559434457,2,5.333811871466369,7.055691426240965,10.0
8.419152167162576,7.623255527025904,10.412902857169572,0.7776669253557521,8,5.067300041254669,7.036580152789562,10.0
12.191828759021213,3.5625206661904576,8.399732524204769,0.7818998085881432,5,3.967829321615005,7.668345085403788,10.0
9.682036557665182,3.4744211507378733,11.096304934050757,0.620998075025027,6,5.271547569928568,8.70268112794724,10.0
16.79330215678474,4.665038165261221,10.075834926842155,0.7981464872751554,4,5.547883856418495,7.211778142413802,10.0
13.570405132750352,4.867831430195403,12.03335228328305,0.6595059106790978,3,4.421453742672888,8.024088170178782,10.0
10.31380636376848,4.071500361614393,13.706197548491637,0.6168203342263212,8,4.468104855391721,6.760082263050758,10.0
13.024272871663765,5.925608304635624,10.913649907981082,0.6010134228994525,9,4.39853303169119,7.700300314624304,10.0
15.314863597031158,5.214570490209818,10.797141380933203,0.6817045791527725,8,5.025033836795985,7.265778841167607,10.0
17.581180089194337,3.170877945205437,11.927508801148761,0.7259619971412236,9,5.508964942408363,6.5513513617747545,10.0
10.204460042454189,4.598260311276503,8.620985021561406,0.6664358499806626,1,5.865367973552763,7.770389953694637,10.0
16.861817721293452,7.052164567865852,9.521037133550088,0.7673434730949246,5,5.263344435183397,6.626240648284135,10.0
17.343041141674902,6.448507674309343,13.51387595300239,0.7433212551130101,7,4.732469958757527,6.733587652451578,10.0
17.16420544532066,6.6243542678994025,12.019655680182598,0.6700323063936066,8,4.958242400894541,7.116285123574943,10.0
14.354143568619099,6.490584620417618,8.080664263900498,0.7468619333217209,2,4.174322278981039,7.424528737645028,10.0
14.298206544347076,4.554865106915166,9.227752835354119,0.78809754739385,4,5.248024901208806,7.24086799449703,10.0
12.032106331838229,3.4983196103838794,12.097023596173393,0.6186191997086034,7,4.159868173241062,7.7186409042536015,10.0
15.52397882303788,4.36233592016548,12.586395215375445,0.6612207920315234,5,4.527874038873414,6.898984758639267,10.0
13.312940183509319,7.158926500925796,13.03915743604425,0.6926651878233386,1,4.907393344731705,7.780795619582876,10.0
14.774380712282944,7.902353988915356,9.75306082029227,0.6995980255509537,2,5.526612896657248,8.616932805370986,10.0
12.284579038487955,5.469235073707806,13.586171577665375,0.7084391289772147,5,6.12775832754338,7.825994445840551,10.0
15.314964640431391,3.048501774615211,11.317681361467354,0.6601253813077297,6,4.114286275307255,6.900287456732058,10.0
16.244715176045492,3.700224060671145,12.179234134327357,0.7334519291964698,1,5.239750809099385,6.878009678874415,10.0
9.46436256602816,4.610402876581329,11.580433176679447,0.7290169007059659,3,5.104230468101479,8.459152777909674,10.0
16.32929715574228,5.8929267429647485,8.736440328047722,0.7155643012543228,6,4.811292336908387,6.923671710347546,10.0
13.402965317903073,3.37546822902657,13.778687956309279,0.6227523443421753,6,4.525373190759929,7.497354637377594,10.0
16.446659090902244,7.716786493549408,8.737253479364917,0.6953935782191889,7,4.340115837458375,6.145822969797731,10.0
12.313017063410147,4.825418366422004,9.529291738467101,0.6712453774978752,3,5.531297507751386,7.8281944905908425,10.0
11.790404853830351,7.5629210896241155,12.881767281337881,0.6982076939676245,1,3.69761626314094,7.2735696560209515,10.0
17.150607325172224,6.902609013785109,11.711581769006608,0.7843732871030052,7,5.030009016341692,6.781675142279624,10.0
10.511692675484014,6.777186362577906,13.028894992258142,0.6961062686316817,3,5.654203445695036,7.678635372968374,10.0
16.442123252861432,6.03359789891116,11.094417130244269,0.6027961583679023,5,5.070146406166945,5.9668610578581065,10.0
12.840205725094041,6.133919085259223,10.26195941219981,0.6877673476168262,4,4.3388154504157805,8.796376751448715,10.0
13.140954425512597,6.19001617608124,13.53107299728671,0.7641296360098765,1,4.352905371355908,9.0037234915503,10.0
11.08468281489484,6.14360693512791,8.217513905088769,0.7560121846436336,7,5.258014440035724,8.086470961948393,10.0
13.730422006190157,5.768641156991806,13.136781322118274,0.7026780147056362,4,4.518513541021447,8.618440922051466,10.0
11.252111962762113,7.9320700924144445,9.384906711126689,0.6499538025718631,1,4.780590232881879,8.086640978139421,10.0
8.392694142416524,6.661452837128481,13.092417966523806,0.693017732582909,6,5.7100655444201145,6.375920206067012,10.0
10.719986053443561,6.884731941962606,8.835179680501314,0.7127404438836383,4,5.336650595013104,7.790531881327882,10.0
8.063790434065908,7.362314075418371,11.481313782143243,0.7999742876548268,4,5.220660279173222,6.909238583971587,10.0
17.783547870568565,4.078198813629246,13.328647514068832,0.7288356180338755,2,4.577976276682167,5.5790473979208866,10.0
17.657472098197474,3.419020795475304,10.841237881393344,0.7388529860125227,1,4.726180341121575,6.400483647876603,10.0
11.95155297472305,5.414472182992993,12.479400042820357,0.6982908287136104,3,5.414442671879582,7.6271775254492,10.0
15.28370854339646,5.570403478096366,12.82802970713335,0.670897910156506,5,4.815024158430407,7.554785466407574,10.0
11.45806098410425,7.145908899749589,12.418965252300675,0.7625905967294412,9,4.1475721069187275,8.351952947304136,10.0
14.71093157085976,5.2189178964116785,13.55197842124759,0.6989864648678472,7,4.256919449418854,8.48172507070073,10.0
16.05430043045979,5.854265127721564,10.681005383119572,0.7989380259929051,4,5.471031918039019,7.161599372873573,10.0
17.467562446922408,5.635354692567292,9.038752634990935,0.6914241148536088,8,5.2228322197157375,5.944234601704883,10.0
12.00212275849672,3.1910139187869553,8.286866382214878,0.6136000567295155,4,3.8824584983342794,7.7314128471323444,9.879577514979765
15.832979829560477,6.07607448298457,9.478759217825031,0.7365156274180166,6,4.303040908696328,7.055308283561825,10.0
10.659284506321187,7.140216428871261,8.859185023281453,0.6093282901851622,1,5.457616337724235,9.059551905929949,10.0
17.903323037936484,3.7875027403790194,11.347692448606884,0.6501003193769407,6,5.009295333449214,6.203989022032542,10.0
8.257695987643512,5.971658669632979,9.109672023270392,0.6707476505559806,5,6.486928393473434,7.554255589238553,10.0
14.03528806501121,5.968052722232072,8.233602243736227,0.7478967171242655,2,5.6391761826872875,8.336921610560857,10.0
14.59505981651327,3.820924820281794,8.215938973212007,0.6988471852815226,1,5.45920348158887,8.351378257283415,9.94203870558861
14.880455570741288,3.61731786865368,12.98941699018917,0.6057291862620513,6,4.987574173328177,7.688032266554894,10.0
9.20387578789089,7.900259714882424,11.548699588658149,0.7233699702551845,2,5.694760878392546,7.434256043922835,10.0
17.385297834731304,4.9685958482651875,10.148511811360269,0.6822872474853324,9,5.13131505456646,6.304316256034259,10.0
9.811832790500828,4.137108643617647,13.365368256441482,0.7843669019934215,9,5.023761782228028,7.119189183515834,10.0
14.227534032398411,3.856622722271875,8.421179668446282,0.699912462228047,1,4.090607845907621,8.195916490599231,10.0
10.22676079123085,6.338008567916175,13.881932436366956,0.7417950291878678,5,4.933893307753786,9.21261438672203,10.0
11.072164170212709,6.047226486636394,11.697750741526766,0.6437736984659094,8,4.185775146473225,8.632862117692497,10.0
13.464585417281244,6.217760614937087,9.10078552381309,0.7521947129063307,4,4.670307821314098,7.903261601900488,10.0
12.171934185645764,3.4400301375572613,12.07441459386181,0.7441910620967345,3,4.101602847400198,7.355978755654286,10.0
9.602256009765062,7.467672917492185,12.580287558701375,0.7808163417082616,5,4.650028859431577,7.435326687229793,10.0
9.709364024208483,4.9463319840452415,10.576056700224647,0.6067643283438399,5,3.7832147384020978,7.9389658188567225,10.0
12.181447881627996,4.56684703215179,13.169795637473284,0.6895001395234902,8,4.31513948284531,7.828110722769446,10.0
15.572829782755008,5.311807236238696,8.904394443778822,0.735831080547926,6,4.457268149269847,7.298388422085651,10.0
16.979646468477885,4.950330328738142,9.67302550146565,0.619032780016043,2,4.911042256284055,6.952680145160768,10.0
8.841276622593828,7.31788501569573,8.560954169503939,0.6821208134297825,1,5.867343323520183,7.607533757965971,10.0
11.931039075594011,7.64630487598946,9.265267043644112,0.7884293206132391,3,4.6992889936317885,9.161763245230736,10.0
9.002455637228767,4.517266082248031,9.432372871466871,0.6871868981782256,2,5.693410105663354,8.68912280766045,10.0
8.165924806325979,7.319679037299774,13.505799145530261,0.7970809566961263,4,5.9520769268638345,7.110353175828363,10.0
14.617186826439566,6.907615647665335,8.468658132506937,0.6113678122159639,3,5.421151929459004,8.173425392362086,9.567832753428295
14.024494419665878,7.654038361723809,10.564490721126257,0.7435659552281783,9,4.22801495726267,7.099250926181655,10.0
9.630191138148863,4.228751560929439,11.194392123361478,0.7162032472496539,5,4.48710083211659,8.189615229174832,10.0
10.33812833093064,5.884795750604895,13.392158322812964,0.7001079354264251,4,4.8775593308312555,8.103841349795498,10.0
8.237077536445184,4.372722923702224,13.986177311967282,0.794169480297002,9,4.92465123561952,6.8410981002001545,10.0
16.349472056944037,7.120472452421871,12.520328689519015,0.6259300800982257,4,4.824705261534569,7.630767018677018,10.0
17.746905960485513,3.026620952855321,13.824745943414177,0.7791997903361827,6,4.776290212064847,5.8361198609616665,10.0
9.354595367946908,5.82409581443198,12.722606795215242,0.7382480822273221,1,4.532009979967237,7.583666068870022,10.0
10.314752137652981,4.69601715635959,13.7792158458285,0.6517992146599265,2,5.117724224561192,7.930903957789612,10.0
16.68409523946934,4.613418535389101,12.24362435566673,0.7803338291264588,4,5.936052751910929,6.058135673061137,10.0
17.264637979561847,6.224531619324585,8.478580552706426,0.6858589835722027,9,5.005198501816463,6.693917940959742,10.0
12.196273828068103,7.25742224656997,10.41152112195606,0.7628454656146142,6,4.844081858436667,7.547196559086084,10.0
8.50622472269074,6.045976956966631,11.879583702814822,0.67776730340948,6,5.398187948273708,7.18320031863641,10.0
8.393918336928195,7.265864893233612,10.104311056725505,0.7701861654866482,9,5.381360433766396,7.3011133022738415,10.0
13.739498660690105,4.32298555940515,9.640303508682672,0.7273258236890098,4,5.38609554106382,7.000920487521252,10.0
11.92895108893179,5.5975092738249055,11.464395602798547,0.6282093267167455,3,4.587525689144115,7.745821526159663,10.0
8.286524275776545,5.2526826953353805,13.601011260214609,0.7299326326939055,7,3.811380206411106,7.223041043078379,10.0
13.832523923125567,3.0582244975154813,8.209891241096921,0.6382689525403745,7,4.235478799488602,7.648799939165261,10.0
8.113025365890225,5.784060715703701,12.615387221248627,0.6823845255788326,9,5.537575701507293,6.767853423570307,10.0
15.873719581492729,6.307621620730875,12.336363668267763,0.6340591168504067,6,4.806809017808934,6.572415140357088,10.0
11.064328227033716,5.95957202209535,13.783720552329722,0.6044032231334237,2,4.706330513510581,7.446679437663027,10.0
8.40258003009232,6.681399493917107,13.58426733399526,0.6423773078899915,6,5.140951143152665,6.384130711372144,10.0
13.883522209831533,5.856697642265385,12.573395372265157,0.7072744047448252,8,4.718739168477583,7.3993180557426665,10.0
11.976844144330547,3.3337512742537845,11.122452588095593,0.6963121935554692,6,5.749434537079087,8.614172409222475,10.0
17.738004133571494,3.582227620423557,9.225605319401119,0.7002994191072127,9,5.085552580007817,5.581424831662147,10.0
13.441986625037021,5.982372887719762,11.271414309953446,0.6495373756893202,4,5.748716951199265,8.350763366386722,10.0
10.752391810370083,4.374895959868201,12.592111963517922,0.7370322401228373,3,5.102348473521903,7.250983317620025,10.0
15.094388646339748,3.398225645173829,13.37401527582736,0.7408526573640691,5,4.424545383252286,7.773014919323511,10.0
10.714920025427114,5.148013717242733,12.738272055263295,0.6715935651119331,3,5.305810513701636,9.232468197621692,10.0
17.04243291407565,5.7716129904182765,9.171601611146324,0.7762340176948349,2,3.8620770729570113,7.023797469818156,10.0
11.747219705073764,4.643729941748033,11.598117885368357,0.7288046433271096,2,4.73449913260414,7.900766680075249,10.0
13.498685627762052,6.60216851112889,9.993040757188142,0.7426078550517263,4,4.926749070079331,7.806757737377252,10.0
8.505731038242288,6.2188530405062235,8.055234004343857,0.6554679835877879,3,5.63137873541692,7.83348477502412,10.0
12.261212379522307,4.6640918054583596,9.201325614731996,0.6001223270311173,9,5.019679305610714,8.19341946194276,10.0
16.32363539660995,6.774362644542803,8.679323899600696,0.773075122420422,7,5.297292768646349,7.198291168495179,10.0
16.05648805363342,6.243475212665177,13.056314741236811,0.7644848769159617,6,5.037761333078185,6.9427688195646855,10.0
10.243185588535262,6.187226893589511,9.551037512886872,0.624638377608566,8,5.314581935990745,8.010733946594094,10.0
10.260790710105628,5.767138503935341,9.708187813325333,0.6748210269912613,9,4.6699870612871885,6.952734358787725,10.0
16.173053122132366,3.056948340442764,13.759619430793306,0.7322678616777165,3,5.4967663651145795,6.8302684148697566,10.0
17.303984201693254,6.482535917384445,10.274520338293113,0.7304221714437457,7,4.909616771558001,7.487848992604706,10.0
8.953609212730036,4.880208955545783,8.057513840866367,0.7720700669617113,9,5.820603439035165,7.97196789971558,10.0
12.500586394262253,7.713048550793278,9.703076890076819,0.6280536323270857,1,4.677425927194773,7.922890245066283,10.0
11.37454278964229,7.089923855386027,8.715797483610874,0.6859879495570238,9,4.890847731172929,7.434377708328642,10.0
16.706884554574394,5.938472347656561,8.616851370415123,0.6194448835852849,7,5.4491608155967555,7.899335190377923,10.0
8.835249146800187,4.260909909096347,8.464923740814497,0.6779190496877256,4,6.026907877748238,7.187869872879252,10.0
10.111259425580375,4.018586966388333,11.559556821052263,0.6030214891175408,6,4.9983999963115595,7.342650683732708,10.0
15.524683375864944,4.701924188387745,9.136086341779151,0.7796546130220254,6,4.918793493282797,7.465781419502602,10.0
8.512938489812155,5.382839717900093,10.167456764246063,0.7054087993657362,6,4.072296704375301,7.121823444187753,10.0
12.925353807142892,4.480327550194735,13.1721062967801,0.7699604521604708,2,4.236998795459092,6.950488527810949,10.0
12.421070346797201,5.574647476962414,10.546028838777653,0.6119809402006727,5,3.9361166647857853,7.2706009649618295,10.0
11.344011789887487,3.8268521275659295,13.494148100309825,0.6454916220945841,7,4.582709024661454,7.879489978351917,10.0
11.945723153189238,7.888564064127499,10.987628320373638,0.6518759990442361,6,4.390491341732543,7.4354961592547255,10.0
13.29940586930233,3.539622774824969,10.393019689038535,0.6773382989277577,3,4.271022911176408,7.139352863800744,10.0
9.61367358388383,7.65972069827186,12.502333562544209,0.7605732744795093,5,4.564999839260378,6.982564664201802,10.0
13.719958782835928,7.567890057013474,8.439050592608012,0.6773115747462986,8,4.93383209764038,7.759169996464804,10.0
16.054323292999864,5.62680240909749,8.536870297894504,0.6409307059292654,5,3.993644830343922,7.113644970168752,10.0
15.60160929790159,6.624551359180422,11.911842283537764,0.6129980520677537,3,4.275511712387342,7.771649403361297,10.0
9.538999046937736,5.180241489862939,10.92164427943549,0.6158983496705375,9,5.11515249920679,7.09600590953517,10.0
9.492494697414738,6.150172887712191,12.74249150191526,0.7520094411921955,3,5.594074488480863,7.593196987813162,10.0
10.681743677449134,4.702879687105593,13.497625024061188,0.6889605982073266,2,4.412507840889674,7.577678686759092,10.0
11.610747263410373,4.505795098927226,10.330201266029285,0.745236224400003,6,5.2808709826027656,8.268102328491672,10.0
12.084555814084826,5.891148930847568,11.578460159507877,0.7364574243527395,8,3.3475294513279605,8.008199566480288,10.0
14.796972168333452,5.490648370919902,11.004179766771859,0.6270724923520515,6,4.732000192745255,7.780403138241937,10.0
8.566804321658354,5.897681845749905,13.889663933854598,0.6285775868384534,1,5.501306026348483,8.02669811075224,10.0
8.346727042260664,4.433302906435115,12.986506444139572,0.7510684030868268,8,4.918500674690651,7.431800965375425,10.0
11.919105629439091,4.834789159084976,13.470426249664122,0.7442536586970835,1,4.071725950167345,8.547764652757293,10.0
14.971636921379805,3.4194898031445464,9.526040525465625,0.6756061533748621,9,4.810535737079303,6.9035084975725765,10.0
9.934353429564826,3.261381861361029,12.635158538975567,0.615484452666568,8,4.995409434581952,7.056819214729338,10.0
14.415044812562517,4.267285648365081,9.592839349985894,0.6024196043396904,6,4.296003784160511,8.37044881121881,10.0
10.598281379402994,3.371234296652729,9.252455200570338,0.6576313898923489,2,4.746693695416127,8.041819829765506,10.0
16.860861088135163,3.5188735431737035,13.665596957933305,0.6018444547174454,9,4.739028873322778,7.116639410770331,10.0
16.956899442666167,7.064642026969685,8.1158265003072,0.6460145242207407,8,5.68594864974364,7.356193664588492,10.0
10.972872042813265,3.1943684850834466,13.792332221980578,0.6839001480422677,4,5.17381090676324,7.568616521182899,10.0
10.299937539632404,6.2947139696737135,8.895571381932838,0.6242831530623908,2,5.039603325996066,7.54757907449831,10.0
12.113039720662313,4.362788744077003,12.916628490759608,0.6208555515663092,6,5.654939655581306,8.409843202211228,10.0
10.405315851801488,7.357728403540632,9.655535318408619,0.7792874871437474,1,5.441272169591273,7.700145496098707,10.0
14.723838432917036,5.424961422887498,10.104213964584364,0.7170940058045778,7,5.346647500687024,7.3508292277413725,10.0
16.260646845482857,4.527882296639128,9.30054626793191,0.7868911373525563,1,5.714290418781559,6.457355954740319,10.0
14.73092130911217,5.588194678447173,11.513084254886477,0.6691652327571358,6,4.647262037984591,8.073990932555688,10.0
16.243504472493495,4.909790095226344,10.088573285047245,0.7354289874658326,5,4.311837694917434,6.827783042115956,10.0
11.969921622074741,5.821505323349151,11.944358236967979,0.640938334924358,3,3.830506955240284,8.440244273103882,10.0
9.563169707088608,3.572664341631741,8.093883907652396,0.7236680634559882,6,5.462677335950633,7.950352964622088,10.0
15.379509473975922,7.984952514062756,8.386249301090238,0.6259171460019969,4,4.309016911501591,8.125614366397874,10.0
11.604745051415538,5.127779388483588,8.597966916387492,0.6004161278352571,6,6.419697458940162,7.146970954253537,9.225698947645412
14.712708252291325,4.741153198536844,10.513962111861387,0.7863063602819158,4,4.302630954518832,6.19789945529394,10.0
10.706439419817656,6.551049241581325,12.888777035959857,0.7109788752350419,1,4.366246654633714,8.793366277503278,10.0
8.812296348066727,4.819497032476662,13.329067462270295,0.7853881325564079,5,5.668725853874577,7.99772525775581,10.0
17.925817954877633,7.166371525143788,9.468864440365405,0.6667663047404144,8,5.698613299070064,5.731966384761325,10.0
9.562015079305993,5.271353621802127,11.446218345434083,0.6655572138323513,6,5.991811479826488,7.291885807689407,10.0
17.88420993963481,6.597792066327175,12.610189956155603,0.6801310003546064,9,5.163160778326846,6.292236149309512,10.0
17.772799325664472,3.537266082209433,9.732976579517652,0.7412081967916336,4,5.837978063595806,6.232688887145615,10.0
15.938181039080396,7.230595927775559,10.45404642041764,0.7131617268372349,9,4.789006732453656,6.892480271519788,10.0
14.594229620819975,6.6785899338905494,11.143845216114283,0.7850709814198237,8,4.98731601426197,7.239920602238521,10.0
13.778070502510847,4.058583892309828,8.809249078448286,0.6050881802264878,3,4.565797655936763,7.602185624854044,10.0
16.661015453778347,3.7264300487289335,8.155893762354681,0.7416391875945073,6,5.955818349800818,7.1604940259678855,10.0
10.89439521619488,4.581461743628122,8.9168348559097,0.6660655378733109,4,5.978928837520755,7.946989567650965,10.0
12.67681212484877,7.880352930159521,11.7611217275212,0.6360467303636922,1,4.084696866635203,7.731665289903631,10.0
14.193899693665019,4.284157872835293,8.44170956920209,0.7020791245040198,9,5.327394767172096,7.425448043170168,10.0
12.11190475869491,5.280636044733166,9.13817818910077,0.7010127568359992,4,4.246320980286835,9.071217292959375,10.0
12.27486454090268,3.1501011285866816,10.027123314171822,0.6274022057376857,5,5.2812951071332845,7.707814286773683,10.0
11.302846675020843,4.986137647831162,8.467220385838198,0.6403792112265779,3,5.610363304729715,8.236171054754825,10.0
13.64231816684536,5.856600077165513,9.150195626969806,0.681632932980311,4,4.188605986179219,9.096895331466518,10.0
16.50574528015116,7.7656230625398255,13.467618733901066,0.681762282478463,9,4.357483745272553,7.330451625482612,10.0
10.015283780063129,5.583680224700322,8.115794793361909,0.6635116279239369,7,4.749368841937238,8.04003421084925,10.0
17.344330387534413,7.095536630888439,11.920591545046173,0.6297090303019962,8,5.733275184952786,7.189580103777442,10.0
14.890876537482297,5.735638212844503,10.30645358549111,0.6008747358201959,3,4.977292842026496,8.27790117974939,10.0
16.2327321268003,3.2039250671775905,12.035892436594226,0.7940470124856042,3,4.7947340201605595,7.090612733167474,10.0
13.561906926300116,4.57504137594887,11.532150322180428,0.7886998459407855,7,5.028762249409593,7.2137964168168445,10.0
15.795167014240635,5.877747539155516,9.340992526127867,0.6967300758352271,8,4.702505026212063,7.202390640104539,10.0
8.162003973394672,7.752969829655622,13.083256925440331,0.7990103506550011,5,5.534829484344326,7.553495126624104,10.0
16.18380424779535,7.295651798756166,10.95164229565614,0.7347308661564487,1,5.182926375901401,6.952510145025779,10.0
8.401388590853665,4.141778070894238,12.93521611348083,0.6137715075215083,3,5.635155574835065,7.23659549110105,10.0
16.899133763628626,4.1005491500958176,10.436075217129314,0.6235436398165255,5,5.8933557948138375,7.60914044711811,10.0
17.919627472386434,4.005864835569504,13.908113323491435,0.7832221687739276,3,4.696555463687774,6.64071488758101,10.0
10.940674621767778,7.612494481512516,12.622936151007778,0.7260104404299257,1,5.311797716175427,8.239189754415245,10.0
10.103185562857936,7.263330765508603,13.79570123067544,0.7686367253314703,7,4.509524255214936,7.302337362857738,10.0
15.653633638580407,6.874417161264744,11.085958873459154,0.7796539299267689,1,4.625729496590104,7.209768769243638,10.0
10.530263409202533,4.963675571121138,10.842146793744202,0.6895884022564772,6,4.822603443241963,8.08333938990532,10.0
16.655623831722036,5.521903521493834,12.532722855951548,0.6097051903153385,6,4.78610875893114,7.242353383903612,10.0
9.028425921574767,5.321658723975764,13.281747578080582,0.6376560697794644,7,4.550153488642584,8.352498889960996,10.0
9.259551963793582,4.266990537796863,13.784874775193348,0.613314389460487,1,4.9391586333658015,7.959178034625466,10.0
17.791515551006157,5.525140230743835,9.947311436194997,0.6377479691397014,3,5.399087426532535,6.053231399756814,10.0
14.738388982700046,3.1524827392637724,12.792227443055834,0.6821065852911754,9,4.658808096773255,8.565587173856281,10.0
16.46887224428953,3.659051867487296,9.26387358581322,0.6236393621029971,2,5.69790255962577,6.862668852132817,10.0
11.24329377351518,7.432947980844732,11.273446080472672,0.6333466495610687,5,4.743799262659751,8.429555179258552,10.0
14.764837495206045,6.7583988351571165,9.079088890455195,0.6891643564143358,3,4.735584243150898,7.329656827097553,10.0
13.942418273085972,5.114342045295436,10.084384170502034,0.6680341900776979,5,4.76899908017171,7.422807456104191,10.0
14.03150120122947,5.585751811419386,13.588150203238756,0.6935316248376082,7,4.614834048664908,7.116309720089115,10.0
14.825324595377216,4.849994429799887,8.876544198638516,0.6858344055518124,1,4.972319075874609,6.958921412918695,10.0
13.753591731290985,6.703899335803362,11.794405370811178,0.7288956051959767,3,4.412935852209948,7.60892177919587,10.0
12.29062369302666,6.9209358961603975,11.55772563756442,0.7874379097751709,6,4.116297403482981,8.649742562821713,10.0
10.75922694380547,6.816425951015796,8.724430116253918,0.6215728676888485,7,4.829605177319752,8.054439453817672,10.0
15.68581330913202,6.613058624172248,9.955874262612873,0.619852029861839,3,5.025046452466224,6.432214474635828,10.0
10.262724300031863,4.022521693463979,11.377889027091594,0.7705612222181805,4,5.0310625046305315,8.264371366941955,10.0
14.923543061544141,4.689849896202394,9.12307165393094,0.7012793409304918,6,4.298203279189179,7.570427792852244,9.684536050550705
10.333328226493267,5.349227174918375,12.803741938476893,0.7532810047136884,5,5.01688712977875,8.619385591098206,10.0
14.253301699544538,4.653964957138278,13.832939057208499,0.6430843807214562,9,5.031426775687734,7.5002436182679375,10.0
15.470782671290289,6.774701000791644,9.288556399774832,0.7657725146335104,1,4.904965373748927,6.945228633418562,10.0
10.187138889065391,4.646767621249773,9.121471788743456,0.7847693248385392,5,4.6086193020790995,8.702158782535264,10.0
8.599433008613083,3.6911604339266857,10.729610430784668,0.7270966031092977,1,5.377292376866435,7.923545160253624,10.0
9.309737429941741,4.995202260241521,12.486591662840192,0.6211758042947604,8,6.003662742928796,6.78318299860409,10.0
14.059969672710254,7.899572163911902,9.689603661411509,0.7790589628312679,7,4.163533308705204,7.968316679002806,10.0
16.494464062257354,4.1294070646678795,8.119279452183683,0.7584975454740143,5,5.514389421021964,6.136224740437061,10.0
8.449968212354243,6.060793294716145,11.247323768197363,0.750175555302898,6,4.260734460075039,7.847592428230401,10.0
15.341512590416462,5.164865249198532,13.739603406603846,0.6073456377811831,4,4.515061607099088,6.8850528306224374,10.0
11.41318645950052,3.355122838246633,10.347661132441674,0.7597925050513943,9,4.562089567609411,7.355861949941989,10.0
12.785283699195226,5.439383029990298,10.520807325098602,0.6275902020936713,3,5.216177228546388,8.662907770328529,10.0
17.288595498455656,6.510821643241562,13.813410302684227,0.6444772352393777,2,6.02229119202664,6.808392858351049,10.0
11.319715047358455,5.566099879139093,12.16764566976037,0.7154269669738516,7,5.344605639992953,8.344795835291004,10.0
12.65336933939486,7.360530318732906,12.31503153705275,0.6529961545833766,2,4.936336624906565,7.736629734203041,10.0
8.136824147606811,4.444685083287913,11.376212032226405,0.7322696412623839,6,6.008168318235891,7.213366662073172,10.0
8.815987200048383,3.4312458565198245,13.84765526517945,0.7216140895398163,8,4.602597920433061,8.27701940267024,10.0
10.58591591134784,7.68282805829003,12.133198906553336,0.6216299196026525,3,5.34002896086092,8.060371750199149,10.0
8.278522408210744,4.890981747641095,13.370196509631016,0.7312029159183013,3,4.882147480471435,8.472594734287203,10.0
14.31375326048251,5.882027757268167,12.196273194399327,0.7847909819649861,3,4.32593382421524,7.634430294166736,10.0
12.263983568016226,6.96001563065098,12.410694949042377,0.6322219810371666,1,4.898809124805491,8.47632919854445,10.0
13.48145202728022,4.621568319377903,9.74246553285348,0.7194124041885775,9,4.049419248965776,8.444971737575191,10.0
9.746471858963295,6.580822690888056,9.820872188082914,0.6683730743873388,5,5.665553309200558,7.844576659876886,10.0
10.959320294366162,3.6770942490891403,12.697907897456176,0.6919223343547208,9,4.836462733282561,8.626992089052099,10.0
14.638244748527251,4.456468736027526,9.780237735019398,0.657400035815794,5,4.0670517572270946,7.384349309445324,10.0
17.653027236304,3.7235531806825994,11.37662042480919,0.670826127269539,7,5.981250198232849,6.833414764771243,10.0
8.504167736022092,7.056152792006789,9.496113865440211,0.6057823646533115,1,5.234822951132278,6.869274684999314,10.0
16.90384320855266,4.113246176133927,12.901900284854417,0.7963103475834442,9,4.967269424363966,6.165692413461745,10.0
13.768812013112084,6.587017777026052,8.66300810736614,0.7249599844145497,1,4.56213708680586,7.863243421911478,10.0
13.639195667556237,7.716491986228263,12.976679838569986,0.7001411180987771,4,3.210906233480614,7.8012839535049,10.0
13.002785352077604,5.638861045344385,11.616378803045611,0.6767430699000654,7,5.298997665136598,7.395987880165895,10.0
8.693940859041835,5.700145961303439,9.121457208962465,0.7078749117648055,9,5.3263997180394815,7.836005622904281,10.0
8.898768517361606,5.3051678404890605,11.25221231303671,0.6760211997431608,1,5.333197097058384,8.299888946746108,10.0
14.009120056590861,4.629450716968214,9.694993021084043,0.6719815854987347,6,5.020849372233362,7.636280963837403,10.0
11.409585714355583,5.3782751546245855,9.94080400838298,0.6927893083444027,5,4.630857744398266,8.50303094940097,10.0
17.172680665776806,6.014037661333797,10.109168249581282,0.6551966067342382,3,4.548187555720132,6.34476777273333,10.0
12.065905373594722,7.929957860853297,8.379915481833926,0.6360099799933571,2,4.249432927498129,7.900035624579977,10.0
9.43281458702641,7.688822796591121,13.915770106408505,0.7113211796360587,1,5.559676254968118,7.645927079397559,10.0
15.14718833502036,7.310764791465608,8.189207768787345,0.7685530872300602,2,4.759421626940609,7.9216787916739895,10.0
10.933534214410098,7.445652678524292,11.97498123910567,0.6305656355451784,4,5.342398417157867,7.902310531526524,10.0
13.254703073558932,5.339245916460214,10.227365886544582,0.6065468681208437,6,5.2577501130402124,6.922275330091019,10.0
14.9783278550517,6.287221635887324,11.876061745680193,0.6493623490308073,5,5.1914575806963175,8.156294774827185,10.0
17.002641112020704,7.4753336146810705,10.137489518525502,0.7959441286907623,4,5.698806705947585,6.805581966131331,10.0
15.921911948016762,4.964753824956765,12.042503877553152,0.7657516147486679,8,4.51175468002259,6.082169993289851,10.0
14.763610678727241,7.8088123917273435,12.375413056810165,0.7191732107057194,7,5.029010673673842,8.328415885672937,10.0
14.796331823951435,5.078930310345915,12.143315842397868,0.7858497830486272,4,4.497198747624329,8.346011820019553,10.0
17.459246440320864,6.005413326966078,8.683771888148915,0.689055823367449,5,4.6302071692638975,5.970375867738382,10.0
10.95824097496536,6.54902356636186,11.941359407928108,0.7966561205150349,5,5.066323941149121,7.236733130215134,10.0
8.011120941961874,7.752960065379692,9.679925296724583,0.6592604090238569,3,5.893541977040884,7.7758434490771435,10.0
10.719545593981987,4.223081370261331,8.172808223416002,0.6480611499031879,9,4.699496002744686,8.490257265058267,10.0
10.17891379626744,6.730654891193211,10.488984031333723,0.7276096402294022,5,4.988987373411795,8.075177205633077,10.0
14.618345851139981,5.604077930720411,10.601258616822806,0.675630793590072,2,5.067710186729022,7.4345081727465345,10.0
14.33711599765529,4.342785703103205,10.803044800114678,0.7252731083952516,4,4.3909211898678056,7.330985540650821,10.0
13.934613827047238,6.883034198981953,12.228944992344298,0.6609991036605372,4,5.082837774083236,8.112883467102698,10.0
8.162434432094537,5.761111400869233,9.853062854854755,0.7235836513675983,5,5.015573216306147,6.943189590756095,10.0
15.287780544506475,6.304869103248379,9.891683078623535,0.6551492521170073,8,4.985153727595975,7.141966635748879,10.0
11.235304124854915,4.614505342889505,8.363313537447564,0.6101944137637779,5,4.194208201528718,8.362685274010447,10.0
14.650559890066312,5.406369759138025,12.120927295953775,0.7824271803846368,1,5.391709293184811,8.139961212143195,10.0
13.565784285021532,6.086771254940335,11.406956548397504,0.7766410403746925,2,5.010734258510355,8.627839121359818,10.0
11.427309254279072,5.02455407134922,10.096550676162728,0.7941596298545345,3,5.7809711966566155,7.073874749929226,10.0
9.345762671041077,3.9918626992385065,12.231133873504128,0.7433054352442809,3,4.6764898097728995,7.39833816294934,10.0
8.94418897660481,7.80820246157652,11.224146495361262,0.7365442355470606,6,5.577433844207848,7.362230611030305,10.0
16.315183331122235,5.557337700213087,10.815469675223238,0.7118006140149662,9,4.923714779706351,7.0599341328306755,10.0
17.183975420815578,6.669601851438503,11.067947261966758,0.6251884832705045,1,4.378373485920079,6.020385476530365,10.0
14.497880467642997,5.05523596778029,11.818088751602339,0.637847062189854,6,4.7625893894551306,7.971633374393266,10.0
9.034341148604835,4.775658820128582,11.960015627447596,0.6578939377345072,9,5.5054815812649025,8.504908578450095,10.0
12.020272168882407,5.035821492335625,9.733746914844303,0.778031272514679,4,5.703475327167981,7.403811364824351,10.0
15.289392001051572,5.045983218928249,8.84446018034692,0.6345939049206151,3,4.529207873021477,7.5532495946862905,10.0
15.798208840100681,5.720900579709768,8.939805087143112,0.7845746348975782,6,5.086142821082624,7.906158570542836,10.0
9.182186222910886,5.717349349906816,11.83634531541801,0.7045571466102835,6,5.337050456281152,7.484165128656035,10.0
8.000307188453824,5.485769079414358,13.237239714602756,0.7431139270946144,2,5.432911996887657,6.833485978851377,10.0
15.12137045880605,3.6739289245871904,10.45697767007331,0.6220488973361132,5,4.712459613035867,7.601963774961408,10.0
11.565961759862056,5.480377392502656,9.017120961976774,0.6538067097551822,1,5.1336242182192,8.357467252882818,10.0
10.544813316182603,3.8455195021032575,12.539614989763127,0.7917037216362853,9,4.849632109124542,7.262390740391915,10.0
8.128974697895254,3.6306789314788257,12.99493684651669,0.6532299893859462,9,5.361609259253602,7.76890560512295,10.0
13.402994067614998,7.663228586705839,13.2834946587258,0.6593043440782292,3,4.4135016609273725,7.795331097508585,10.0
16.511507354259816,6.024750065738521,11.6409885734824,0.6395194769682159,5,4.218938555676969,6.648731166516996,10.0
17.576316462725877,6.297450290622922,13.164371356328509,0.6258147330613659,3,5.673623304311108,5.678586808830353,10.0
13.657449506132892,5.008968351666819,8.092489750690445,0.6466515282907996,7,4.4112610422676575,7.536122225219748,10.0
13.144613277398943,7.544904459574321,8.643414810617141,0.7284653783901597,1,5.284246239622985,7.6310470178244545,10.0
8.85056385489241,6.189652447898327,8.555456402312593,0.6910735467007127,5,5.9000193729568675,6.906543780325636,10.0
13.488728015425998,6.845849347617937,12.275628105528398,0.7107511672675797,6,5.86649300161784,8.126008891890795,10.0
11.799790789653946,4.842812345138569,8.417490701261475,0.6244729657532049,7,4.959489414322887,8.071525367755958,10.0
14.071352808835769,7.800059404095627,10.978186234797843,0.7604232894325801,3,4.96315528228556,8.275861889876808,10.0
11.887263478765467,7.102306450791575,10.836241391817735,0.7568189401159696,7,5.035471568605355,8.356769116866621,10.0
10.402991234503668,7.269742315072718,9.864221141349446,0.6043179822285351,4,5.054358475533012,7.552389356637211,10.0
8.949652752283765,3.8609713371287713,13.2224310196526,0.676703018902061,6,5.833179799245664,7.3777374383541945,10.0
11.149184445888958,4.3548160393560975,9.022599211279976,0.6137541203942295,5,4.768492476776648,7.591088509752154,10.0
8.966448342877523,4.428132998417885,10.114776706395439,0.7584211558829916,4,5.5148474275459085,6.7416261811553575,10.0
9.76896950823984,4.3545461162343555,12.645029000137574,0.7474539366251409,6,4.993526147857758,7.942953215527869,10.0
17.873361585795458,7.27704081052144,8.182533886359705,0.7803976188586312,3,4.629435386333485,6.358085159673899,10.0
12.441035569066186,3.1594239760429605,12.037702401478212,0.6472807917906229,3,5.062739710253695,7.686143802046616,10.0
13.318717665050166,3.3804999449038715,12.898386358169423,0.6912591766255598,5,3.2917606387413167,8.315726525734467,10.0
16.73618528737215,4.369574353149519,13.593607033029004,0.6368975754328795,5,5.288721022205991,6.7085961614075735,10.0
17.95568900490688,3.9993648732472185,13.25777984294891,0.6742469868948239,9,5.851310463339252,6.842863365256377,10.0
13.827144493446815,4.159298069414242,9.916304701002112,0.7044486503133768,4,4.967977980048441,7.755793535760174,10.0
16.124738210441716,6.9897159462665,11.518184847937714,0.6106661579677177,5,4.505812040350194,6.501958488874753,10.0
11.269410243366753,5.815632969460235,8.463760958902796,0.7429740821354771,9,5.567631279275606,8.734578449545879,10.0
11.05743957447291,3.02885330646484,9.547220021288052,0.7086586720742151,4,5.729359800006373,8.13829254906643,10.0
12.027037209945602,5.146613828520977,8.565334272485044,0.7657918034421347,3,5.050646322010187,7.5266261415967195,10.0
14.725072626736491,5.0394246342517945,9.891123740923783,0.6543561002382394,7,5.652175947319048,7.427551079598629,10.0
14.821916892550988,3.5697263472227174,13.251123280752374,0.7806642210538509,7,5.793105320803498,7.1870716103465275,10.0
11.152394346494509,6.380708943007286,10.083001038045756,0.7997388506060887,8,4.488562653900968,8.459689324229059,10.0
9.332099241366286,6.510485941897455,11.371388618008558,0.7838596876755349,4,4.691482466979152,6.603024289020066,10.0
14.323962564655085,6.604466095260489,10.600285088689645,0.7555784951666309,4,5.067700845666171,7.869107922948464,10.0
9.283258621887645,6.64235472779296,10.753499145792413,0.7624737605747561,9,3.588312925965922,6.771980230930073,10.0
13.7849250822933,3.0002641346614842,13.817432311019349,0.7147488485089173,7,4.562020740053024,6.898032729793132,10.0
14.93422128056309,7.769604019233611,9.776926809583149,0.638030772582522,3,4.414019832384578,7.774792139203929,10.0
15.006114963944515,7.071043835273315,11.763946817139027,0.7354081370295434,9,4.656052493801367,6.942913623635016,10.0
15.534721106595967,7.519908482946427,10.520376017476682,0.7425506004119863,5,4.198430390162528,7.723919607509531,10.0
16.728594215656646,3.078216476537171,8.366877086286117,0.7970770280535812,4,4.936186022523161,7.364090311781594,10.0
12.999589919647885,7.669293978928697,10.935984989745416,0.7082602632512643,1,4.972969609544058,7.726501991151518,10.0
15.302491895295711,7.048942643440523,12.88005997427065,0.6542738030050113,9,5.645866163345071,7.698971412840188,10.0
14.191727353658367,7.186095714793493,8.59251781209013,0.7367345043479013,6,4.923084653225766,8.496612856781226,10.0
9.866399397976826,3.4664369236098427,8.417551084377854,0.7958751639332909,2,4.139992498544196,7.293198087321562,10.0
8.256896448694082,6.693890144592988,8.9217891223596,0.6354427816538188,7,5.472460549711267,7.7302806385658664,9.580369714313434
10.845413856769337,7.799583448210455,12.586400668335836,0.6651995837071205,3,5.561925538458445,7.544366732159125,10.0
12.430337063376195,6.392736707090803,12.343972304868428,0.7083761907545363,6,4.587507054371942,7.992448473490183,10.0
14.171059444286563,5.852807023123033,11.390106613436663,0.634042926976401,8,5.030434931979949,7.4530376095699795,10.0
16.499593305032054,7.728148388744985,10.809358424555795,0.6044441279039876,3,5.573838080804905,6.694886758029611,10.0
9.962457167061656,5.2146856086721805,13.329954888215733,0.6673966244882501,5,5.093754180065171,7.612615680302717,10.0
9.255497898984771,5.996467831552393,12.600186943000896,0.7730741603002117,6,5.3449620288459165,7.323807450706564,10.0
17.634799474743275,5.381691467471831,12.871653507810832,0.608693679864743,1,5.516570453680037,6.346784766633992,10.0
9.080445593764072,7.664231106801496,12.879573808103926,0.6857858118033835,7,5.00142619131445,8.158122949667213,10.0
12.784910701071892,3.380423633827536,11.856302928473347,0.7524401545852165,4,4.573492381266505,7.280499027439308,10.0
13.85563728793302,5.505598504126741,10.748087745895676,0.790636519382177,7,4.235868691515474,8.042116878448924,10.0
13.413744209074382,6.434762206927192,13.188066515513903,0.7970950798008865,7,4.424261296056285,7.360869757593019,10.0
8.860321570329432,6.959532692111185,13.556044505619504,0.6843938761217483,5,5.67252044379851,6.998476107147225,10.0
8.570269140036194,5.915093237220682,8.142836259550059,0.7900768588758236,8,5.616814246875634,6.484245171656982,10.0
9.054834274610357,7.54458872060727,8.309329239597508,0.6070837946561727,8,4.649169679212982,8.104543017953846,10.0
13.855876838726125,7.709957234419359,13.752459781450623,0.7491833875997113,5,4.199116888008666,7.707127633483675,10.0
13.443448876343211,3.3215961159679175,9.662963683065168,0.7285492069267226,5,4.3756528606487555,7.446312425401846,10.0
10.337407920367443,5.011852697706872,13.240216637896513,0.6499043715172305,7,4.230983873702424,7.926673925943477,10.0
14.377741418455916,3.1172951086057723,10.332770713768415,0.7014637001359298,6,4.8274749440590785,7.542828163566308,10.0
16.200675020556496,4.647083286872214,8.714600345656134,0.6259107475520991,4,4.600719243048796,7.668384986888907,10.0
8.415789598465938,5.68434108985301,8.482659201256006,0.7743194301903122,2,5.6501537871126555,6.848755500996958,10.0
12.981299435480423,7.553974652549744,8.939047394482738,0.6715796171091296,8,5.178324921663799,7.881164577082484,10.0
14.893104121026903,7.2327716123270145,9.499359169204189,0.7252088940931434,3,3.903143440165473,8.006716383667323,10.0
10.52311927069687,3.637498633359929,10.931110123584958,0.6317552572574524,2,4.591237713432549,7.358226539035352,10.0
11.07770905293149,3.4651518737044786,12.208987403394701,0.6412329689262414,7,4.046577729943075,7.726833735251177,10.0
14.136379029893838,5.946336693783335,13.918391458911799,0.7983912741606305,6,3.767278552474346,7.132991344777405,10.0
16.97935293443737,5.6605898622939135,10.649040459735026,0.7506172788882659,8,5.337735540577218,6.326123231073139,10.0
16.099244203028995,4.3318882071501195,11.10910965405866,0.7923943739548142,6,5.001771062106019,6.382682496075251,10.0
13.831302190995835,7.497265422769176,11.130894208299534,0.6591702330424088,7,4.39118046674653,7.301997808059449,10.0
15.302217177572492,7.6368320473077675,11.236606132927616,0.632912575323964,2,4.3078039278784415,6.79995434883064,10.0
11.648224702077986,5.013057191700813,11.106443942626774,0.7006136926957662,2,4.211170693855077,7.659875452594751,10.0
14.409655280987577,7.451512785567601,8.052648530371506,0.6989336564454687,6,4.789678888611271,8.195723352787732,10.0
12.66181591127557,4.919744471314863,8.010348932659044,0.6349893027515976,9,4.56421513638873,8.11808355354163,9.61694410256903
9.89936136457561,6.684084159148501,8.585997908756738,0.746643913916282,3,4.5723265567445734,8.427934492773858,10.0
15.017382738772572,5.37971108773862,8.609339620575073,0.6723555068877468,8,4.960496201394271,7.351120365487023,10.0
13.56464637348822,3.612915782535915,12.229381453728777,0.6372730461861035,5,4.809557755294866,7.429070518439891,10.0
11.586215819535914,7.639671006185107,9.229496195095999,0.6663966789086577,6,4.272928648620233,7.9278150943467445,10.0
17.113391900786308,5.270482966887683,13.368284628533678,0.712731739927003,6,4.858206869988739,6.3888988098978565,10.0
8.209341178267334,6.672435201612018,13.571637977462117,0.7452941864360887,3,5.884637748376067,7.486882118548814,10.0
11.15773151249496,4.835869072156461,13.855360027375392,0.6963781772114969,5,5.182856254375186,7.212270646929034,10.0
8.568813977776465,3.0944043928811733,13.63448782932212,0.7051189979656747,1,5.019594191887551,7.375174924920628,10.0
15.665273162216272,3.5026517934591794,9.631329931511148,0.6277891871885497,2,5.6605556122418825,8.08016635137574,10.0
15.021074541137926,5.481097397449622,11.058661068221074,0.7829381849416465,3,4.664483671755574,7.083073943067092,10.0
11.313522187363171,6.449821785631812,9.052729821181646,0.7857448395984089,4,5.183297644715848,7.7558825846737465,10.0
14.75662902207073,4.673676632896395,12.8372579310346,0.7366853180836007,9,4.201782108486276,6.756455270196478,10.0
11.959372261959498,6.477442295888252,13.330590230864576,0.6035262817868049,1,4.647184827191879,8.554613709794639,10.0
15.562537914224343,6.49317794715978,13.107733035785088,0.7074148431806653,3,4.357916674480388,7.316307368778083,10.0
12.541836627367061,6.5196795366391544,10.60020169218101,0.7258437944177227,3,3.8587058857809895,7.72529079726608,10.0
12.122797278316655,5.462609270102542,12.552043308120686,0.798930844591622,6,4.689410553311895,8.022957342019826,10.0
17.34729915488301,7.57443075060752,8.585475017457616,0.7992133910389594,5,4.986028621635115,6.534807012413197,10.0
10.508790998907003,5.445982589903078,8.241468623715503,0.7715222470651115,3,5.442032589327308,7.538415172558447,10.0
9.204473399965654,5.251325967483191,12.519418485852565,0.6127661984052227,4,4.889329406719557,6.906952110886155,10.0
13.845431132594582,3.996904095053135,10.552131645972102,0.790655278155746,7,4.808923047957213,7.906674626653542,10.0
17.693218122841788,4.538275436781682,13.973295588437415,0.7225322494303998,3,5.034013277211404,6.3867788727115045,10.0
11.778392137271867,3.2116724625915167,8.583525295133194,0.7601773540958359,9,4.252645836699894,7.803677353375762,10.0
8.620367636287815,6.167676468080851,13.133766089211402,0.6814385699371707,8,5.73628711479922,7.27612759049281,10.0
11.393052673095674,4.242678719635465,10.879898393173951,0.663933894246918,2,4.472541811132953,8.52189282367491,10.0
13.059316543195585,4.520776272427326,12.962901173023262,0.6926488290967616,5,4.451840388776098,8.089246787801692,10.0
9.619230066322137,6.854072608321606,12.90276369302087,0.6293749025937654,4,4.486850986976184,7.053608864006097,10.0
14.58102218056492,4.63610591580727,13.495952008172464,0.6714132277506613,5,3.8690820920113715,8.31160166622562,10.0
17.977493890102007,4.210979460065711,9.787100067716617,0.7715234999536558,3,5.540307593044652,6.553852511063133,10.0
12.517394759814438,3.8452887456685287,13.698796120772018,0.6075900972521763,1,4.637081827755007,8.291234839205762,10.0
11.547285567302126,6.874292010909779,8.910001762145722,0.6301756093649209,8,5.22147649586872,7.593130155052518,10.0
12.007041668344666,3.6485312899501343,8.491812665560943,0.6250232319298971,9,4.973910359435492,8.42690201922179,10.0
9.151461783952012,5.268768801251768,10.589693104234096,0.6806151085400456,8,4.5688342224815095,7.684558076991508,10.0
16.832736014262238,5.534650580385972,12.969937811851056,0.7993973801781724,4,5.035646338457603,6.251415782918367,10.0
12.14825655521352,6.436949563428573,10.840526783800673,0.6346715860422766,2,4.691063539368693,8.142807066734926,10.0
11.872744114248412,6.166417411664978,12.975720065183085,0.629096529919852,4,5.236185546079156,8.47512578940535,10.0
14.596902729304743,7.053603364725874,12.37812083476583,0.7830111459552309,9,5.331090084502503,7.946888371979963,10.0
12.420334209311235,3.223757169631191,9.256570316833601,0.7764101033931932,9,3.8271606016752178,7.091200902939601,10.0
14.48233468807846,4.482203623896986,13.693289749396783,0.6064480739993109,5,5.255585083139651,7.891662449113516,10.0
8.614462901307874,4.400670593876899,8.36468701177642,0.750341192035863,5,5.81678382718181,7.245005919148648,10.0
16.137233437222275,3.7300845279605412,13.38967824526277,0.7310931402952859,3,4.496645522575835,6.201667216301002,10.0
17.405039528794028,4.445891269282216,9.826660693942245,0.7535481619705419,6,5.141253444048621,6.86394289653543,10.0
14.48765386159386,4.5488265707145175,11.000888498986395,0.6989004909591844,7,3.6550436518019884,8.032088474836396,10.0
17.54565928858811,5.609422309637392,10.534111236204406,0.7982758436896592,9,5.173838540578307,6.446654419286742,10.0
9.514323143699633,6.31852239463128,9.031007341501496,0.6087694037421926,7,4.579304305956496,7.181190250903034,10.0
12.774161894803537,4.90550256805907,10.148881198410159,0.6468743172807612,3,4.9365072072587335,8.66688512564045,10.0
14.018067339454472,6.597351156566906,9.157606617756771,0.6793091973947231,7,4.887379325391235,8.070191019090167,10.0
13.817366474211866,4.6808266928979,9.223318852763143,0.6899555883131406,1,4.626662951496637,8.136932958586709,10.0
12.014617790890432,4.451418386573802,9.122341016158282,0.7842734805399038,2,4.8171392667240704,8.460743135312553,10.0
11.380844093662613,5.705940279285121,10.934104282079566,0.7120008728154518,4,4.386098765832026,8.587044214748857,10.0
9.268240225504188,3.1185818015289533,12.787588205067893,0.6090221991040787,7,4.598194680369766,7.788309435748947,10.0
11.917424505622781,3.3989456181700017,11.413820202567447,0.6815725926851324,9,5.783980226580492,7.430458305035781,10.0
9.626608151054851,5.089847717932635,13.359239531305052,0.683298082473814,5,5.591122287172602,7.375341493628855,10.0
15.343656764922184,7.714563556958782,11.819266931460344,0.793098187687557,8,4.853310039191079,7.18121918033875,10.0
10.088309354945899,6.607558899217118,12.136040693795627,0.7198394182042217,7,4.875540727909759,8.425163912809813,10.0
8.585653052845338,3.4406328475027887,12.005643378362018,0.7271302142317878,5,6.5443025363610055,7.5245865457996075,10.0
13.523661378172344,7.231590063904369,10.696755159102446,0.7426506062502541,3,5.504548883206061,7.5417673860664705,10.0
13.952297327194016,6.661503853040905,12.136032933200497,0.7540078631364246,3,4.535782925629699,7.709851041986747,10.0
16.719130612805056,6.054732628513266,8.418246478813767,0.7270102140404978,6,4.525265578689592,7.547871926446749,10.0
13.769816124176819,7.101464803045887,13.15910883149398,0.6474388702267871,4,4.698602937334799,8.150604417402574,10.0
11.454808537234458,5.020549238714786,12.666872860663505,0.7748091828682329,3,4.5835132621019765,8.506501794151577,10.0
16.030118815263204,4.107505254269264,9.471379749390072,0.7464239600821261,4,4.411282956918492,6.6300904816904715,10.0
13.40278893187421,5.560116945543797,12.608194725524495,0.7483740970193912,3,5.352803839525283,7.796912732940148,10.0
8.792802846311918,5.744208777967369,8.075855608400111,0.7993113478469499,6,5.547340581647204,7.165186842396737,10.0
13.658505603132467,5.691631860049561,9.303479434885283,0.7605053069726632,7,4.4661977017901915,8.613395858814883,10.0
17.080185454216625,5.825368957400526,8.390823432025375,0.7658302806310306,4,4.877289409653318,6.640692298201874,10.0
11.963126254982205,7.743524591195904,12.681361499707368,0.7902811031420317,3,4.729412317394157,7.712989070711955,10.0
10.963258018998001,7.511228115481157,12.535244907070323,0.6302267999697787,3,4.592172366604417,6.943150603438738,10.0
9.4346945701802,7.378585182794697,12.881816142810983,0.6995454752956136,3,4.836408684754458,8.376305618156689,10.0
9.514455219353573,7.007084054543136,8.026890159953172,0.7161134047181575,9,6.131070337742888,8.420744879876164,9.93635959645785
12.327714843418189,7.7171405363264265,11.007396360070448,0.6658551458444916,3,4.241031928656892,6.968348843718475,10.0
13.956798241615296,3.4924732083970165,12.22901718510402,0.7678806687789012,3,3.5725711667935576,7.914811039595954,10.0
8.806154051696018,4.325616307228698,8.932406772434092,0.7524839243291447,8,5.6086877304599385,7.963248916590135,10.0
17.395685890251656,5.475279728272924,11.898744365075748,0.7441766149016248,4,5.719960253214849,6.7828609659113175,10.0
15.55133617445196,7.232672465617026,8.504660595858114,0.7994298879516334,7,4.891327211155831,7.151382153066328,10.0
13.866239182836626,5.5258285576136625,9.08795513662588,0.6518762746816781,3,3.869623443180064,7.352774031193654,10.0
16.284386709389906,6.740173696707943,10.854780889967607,0.7470914503350843,8,4.859974640858644,7.666274409544858,10.0
8.801867568121132,3.694799526244581,11.921390916086612,0.7102808949811802,3,5.028336663882869,7.873940722414367,10.0
12.768388777331245,4.262069064882801,8.875214761723377,0.6625978364987752,5,5.344805767925952,8.289426114428629,10.0
14.300931268616633,6.6588804751883615,9.111339984985626,0.6321173741446251,1,4.272199404656723,8.320981449777115,10.0
16.286529061182893,3.8236700444386202,9.226678202393979,0.7791767674135095,5,5.043542788056823,8.174375202030124,10.0
15.834695600492678,4.756779673274634,9.432204828193871,0.7190910965415691,6,5.153369438768801,7.101842466340213,10.0
10.770692497133997,4.324331289067857,9.359323091157748,0.764986767528159,7,4.434883894863391,7.762507046255198,10.0
17.408801695592043,4.749308471112393,10.37089465098582,0.709068996800309,2,4.867466910161792,6.335016890738615,10.0
9.243458414308703,6.5416202453898515,11.922737905020337,0.6439954161308039,2,5.385120769918448,7.158729221127757,10.0
16.75133618621152,4.8392359057140055,10.628190698806819,0.667509762620065,9,3.415179320658936,7.468441436480895,10.0
17.709402496046184,5.776316613039701,12.65584345249933,0.6763077684947093,1,5.922146061346822,7.042264375564897,10.0
9.771535232226256,3.4996593852720483,12.315611035691688,0.7945869625007405,2,4.5415665931980165,8.284413090342714,10.0
15.220660642037853,7.025088466173139,8.759161484294454,0.6011266556762764,2,4.795647113312524,8.314821445543197,10.0
8.402855187779984,4.849443128240624,8.293049739924463,0.7971332046049014,7,4.71963195155336,7.403716789522296,10.0
12.05422825139155,6.242670795166712,13.267649383997636,0.7960923270219662,6,5.374934188319223,8.187639058037067,10.0
13.16283299197674,6.626948008309164,8.478986399377241,0.7992301581060274,9,4.667797247549339,8.258609107915635,10.0
13.806452259096341,4.048304610558502,8.890035084318278,0.6953176357839269,7,4.780331065711926,7.626861640800231,10.0
17.359372482485597,7.423374924766749,8.132799653348709,0.7927617939242,3,5.4326267417669705,6.028839523454582,10.0
14.722506872941947,6.081121258034765,11.770018191791923,0.6791198363699654,3,5.2694951488219175,7.701938494008887,10.0
12.81277951219237,5.1436257087574075,11.49422337895009,0.6052588881336773,1,4.115441791644345,7.733682931893402,10.0
16.096750362658895,3.9116759178910976,13.921421998611534,0.6448694372743529,8,4.76101388535743,8.245357584585351,10.0
17.50532820954409,7.711504689506033,13.321594377903033,0.7890592489874769,1,5.820099973329782,5.739831526499323,10.0
8.220661486822909,6.775341020658126,10.465059064885459,0.60275293866708,2,5.231291218474851,7.256328762604115,10.0
17.825212722560387,4.040122813666244,10.22951504547521,0.709198827084595,7,5.955432125872706,6.448018673039885,10.0
8.861321390636803,4.688553873621123,9.78111220567991,0.6151203177789358,1,5.369673389818766,7.092463309242936,10.0
16.143867792687615,7.048371290440366,8.914441520227289,0.6572793156855157,4,4.69165348345464,6.911850624681743,10.0
10.803347525514125,6.478388316076694,8.828501939612055,0.6176185701423773,9,5.205377258403955,7.958624528969143,10.0
9.321796577538718,6.828921463578622,8.793702248057633,0.7719057242226113,8,5.072591929034612,7.061436917309512,10.0
12.39855639713835,5.206005511064662,8.684688543120672,0.7182141419295411,8,5.117972059315567,8.19608431506461,10.0
14.439565794476135,6.582381313210835,9.443072254433222,0.7804212931436626,3,4.46387653530508,8.491244373600933,10.0
11.80951845023475,4.932468614319569,9.8400117818787,0.7376706399080457,5,5.16468758783742,7.808761458889419,10.0
8.545654082826989,4.056314584690982,13.769473826233495,0.79420582624902,4,5.573080480720162,7.787405900879899,10.0
13.994611396587166,6.1633851742068,11.470839506011314,0.7019755309520813,8,4.510483824876193,8.655014076283763,10.0
17.024032761106746,7.880069627993971,13.925574647079685,0.7277421163525749,7,4.163777475852571,7.241322495619583,10.0
11.832153659472517,4.553004856976648,10.23480168695404,0.7152617639778114,7,4.973521921442351,7.635069592644255,10.0
10.16332777630827,5.304847961062698,10.745759795536646,0.6968520858893226,7,5.505674295565412,7.062508039510505,10.0
12.425773459328154,6.370006855349268,9.947471954991675,0.7691918730846026,1,4.787483580819315,7.83540106120493,10.0
8.48362711048781,5.7075314106124395,9.097325905379316,0.728905027134072,7,4.249973639317869,7.41128064962641,10.0
16.20487584480275,7.217138978545246,8.858988246665476,0.7602624529710946,4,5.4838751396899745,6.081113327597258,10.0
16.263408109501867,6.808713532347579,13.670475186846991,0.7572727873204826,3,5.123241269445943,7.105170361303027,10.0
13.880004634296284,3.291486019311785,13.920864090792534,0.6382090321310591,5,4.984514615180448,7.410028138483432,10.0
11.531028889383895,7.99210616961887,8.26945697905239,0.7300327065035288,2,4.724330671877245,7.9295056689107355,10.0
15.997833644457833,6.762012268597336,8.902075248390599,0.6399296038362668,8,3.913677827143246,7.045021403408269,10.0
13.546870247883671,7.319516581470566,10.541144553806136,0.7166640956487542,9,4.958289713510422,7.776978487144453,10.0
16.259323085500164,6.255988560476732,9.118000858066445,0.7354869368892601,5,4.813763972770127,7.4687416143596375,9.868671009881865
14.314587925830207,7.281425640233811,10.1832823617613,0.7994470143175174,3,4.330061232133973,7.232474778337582,10.0
15.844054732127972,3.561914874643547,8.7745780991578,0.6061083956299477,7,5.727303792399483,6.346369186389306,10.0
13.9856299321776,4.738689177796578,10.739070540330742,0.6182484788227441,1,4.9737518913501475,8.217703618787846,10.0
12.141410682156662,7.382104718022464,9.630167697015555,0.6154053392742462,3,4.818780460773406,8.322457706436925,9.626660987816908
17.579458599261375,4.008276056334461,10.111430334551965,0.679672257253348,9,4.776171190548939,6.712525370369261,10.0
13.411138248788447,3.3912104929001137,8.565875908776485,0.7643176722971627,2,4.172853914443148,7.4577167971653555,10.0
14.050895185405384,6.940594699726095,10.56876830426085,0.7688112665574272,9,4.933059742062102,8.09513665550312,10.0
10.204876394147492,7.177430778216481,13.89954566576942,0.7473959191442303,1,3.9627494965675187,7.198777938022845,10.0
14.256507894272765,3.813261090949503,9.972998281287142,0.7793756483659896,4,4.967642880622577,7.5947347044607945,10.0
13.716076494829439,7.271729913913577,13.25857564905461,0.6645719888338905,6,4.977291059571739,8.611357253130837,10.0
9.848383979470249,6.4338389779858485,13.059194849742111,0.6176309288504598,7,5.718539418150224,8.067338997213508,10.0
8.595870973531436,5.60041341608292,13.712350509783263,0.61163060559797,3,5.8309156472548995,7.384125832967991,10.0
14.043593197147711,7.151250963906925,12.740657073602566,0.7704265439238773,9,5.251821382265998,7.719180263830233,10.0
15.636922693503205,5.096246246594829,11.957580962352889,0.7460872588707382,4,4.527129991491886,6.787809931069948,10.0
13.234013709220083,3.969969781116986,13.139506665364745,0.7397230612022242,5,3.934142384140638,8.733953384241973,10.0
10.267726253196457,4.424263383053068,8.453868083944098,0.6679352677091338,8,5.036411923859631,8.35536559619118,9.670286707479233
14.665219766930349,5.525820091466574,10.776983943192846,0.6759810377236453,3,4.941646108759251,8.043856969424303,10.0
8.801057266096022,5.656653963365879,13.935537431690353,0.7916227057798639,8,5.788587588032801,7.441937667910171,10.0
12.418337048019547,7.027904132206168,12.617600907768393,0.612760948819587,1,5.435148972897555,7.809095957152853,10.0
9.633667583984202,6.9567636182616726,13.772452268223338,0.7547463473875585,8,4.495136631755952,7.340321739250311,10.0
9.844590510598834,5.906832786022874,12.677806136800875,0.6619266647416786,8,5.460252785986579,8.48330186693796,10.0
10.022939491582036,6.903927416827382,13.249291804652865,0.6078109236825112,6,3.873466134755512,6.8980557960329465,10.0
11.867070570439779,3.958867291468355,12.239177793819145,0.7485140221484913,5,4.868781717064171,8.282419092077676,10.0
8.511502056203977,3.2503226354664716,12.563012026503438,0.666182377135675,9,5.714117458054493,6.6035170913472125,10.0
11.977934409290981,7.368169113173501,11.139068059037005,0.7444295037485593,6,3.9584861918941416,7.8986041683627555,10.0
13.117074471147008,3.377772468813848,13.545426204884798,0.741530876623624,1,4.980039764284815,7.925141813256528,10.0
12.832942849663253,4.233442148719987,12.95023346374017,0.706957375086623,6,4.1417278809190705,7.32538318687731,10.0
11.827841004030406,6.476594748121923,13.063309793993794,0.7554746258421098,1,4.537706767859353,7.571210949566869,10.0
16.391466080707524,5.047239688136545,12.038054605778314,0.7162076648342487,6,5.37707103373606,7.40016185805506,10.0
9.45326692420504,7.381569849577544,9.827479682523494,0.6573273705696522,3,4.959474113668979,8.415003590491171,10.0
13.05696743781374,4.489898973311348,8.213778772340836,0.7468230602128838,6,4.5024208416459235,8.10038579645555,10.0
8.620414169565542,3.0593567333467964,13.613930776457266,0.7178279631755448,6,5.492720419136526,7.085241567168492,10.0
8.711556788779097,4.50327820280372,11.516722092832982,0.6025454563379841,1,5.7065656970747,6.975398909923226,10.0
13.738658496770963,5.890375245924158,9.788857826888842,0.780328835554062,9,4.6710652440013405,7.478584623793536,10.0
13.66018424887821,4.879691877016467,8.894810647085226,0.7091287236648627,8,5.460648742066862,7.851117901649274,10.0
16.78033512844457,5.674363778793777,12.977138993004528,0.7737254530959063,2,4.8553106999386175,6.986378148222306,10.0
13.578736756600732,7.3829905941750935,13.019121166685473,0.776547367796449,2,5.284798819591739,8.489311646638846,10.0
17.597910204048503,7.5624252711518425,12.887047808783189,0.6889933313470177,5,5.477108628038443,6.396586623624961,10.0
8.486948483999297,4.32987032327056,11.870496151800717,0.7015319992902462,2,5.70730121285356,7.051597988426067,10.0
8.98007684780741,5.310702366349504,10.196092325551255,0.6831508775351204,1,4.654846697779996,6.980319820909832,10.0
8.440658615703814,5.745720076207256,9.824421708681541,0.6898873550616091,2,5.992952332592368,7.262078585999249,10.0
9.852768503335401,7.7455622844412355,8.051328620709022,0.7790294317943456,5,5.09013301172773,6.9451872348319075,10.0
13.412701109416782,7.993086595821923,13.001645352129442,0.7576288027935822,7,5.822997338563555,7.598015671286763,10.0
14.45572181427428,4.177036244207633,8.524596184961855,0.6253051352631156,5,4.8330324564755545,7.068511248106375,10.0
8.455851579486687,6.634899356729077,11.784529988244605,0.7220615563080192,1,5.370275659697349,7.242256289317473,10.0
17.459708898455993,4.890155311165976,11.02444968104053,0.7991813280772685,7,4.92045385231023,6.737567023716774,10.0
16.42165376650381,3.040540984431066,11.160136153558106,0.7191101402464972,6,4.955213543419763,7.212589800859386,10.0
10.966124821570931,3.046262612179512,13.56027707184664,0.7571743251186211,7,5.540410708859852,8.288543027432297,10.0
8.771875302264679,5.302830037811279,8.189690067627453,0.7538122946762342,2,5.682258529991643,7.016594803165096,10.0
9.698870732190572,5.441674565021673,12.640353347772635,0.6700635051744657,5,5.210344133975486,8.444092515442131,10.0
9.269444137549726,3.1128484828672134,8.312314390203843,0.6743698605407917,8,5.59001879633072,7.960245329942167,10.0
9.232837792989468,6.434637083871513,8.228921635612263,0.7448152843580806,7,4.949895694762248,7.931867710777713,10.0
13.185616886657339,4.470016942974766,10.578906188848292,0.699996706320967,6,4.407808764972147,8.492731359976958,10.0
10.458474424934003,5.799465507679747,8.378451046057801,0.7141141418260776,6,4.6010948150835445,7.969450825475266,10.0
11.581397165291445,4.504595365827094,12.734863707757473,0.7425811580729675,1,5.25277870534554,7.933393929703663,10.0
17.895053333843226,3.835671574346536,11.177378561890023,0.75551500540781,1,5.834976948724363,6.9366225136203195,10.0
14.843142489253447,5.035868692994376,8.174232695958647,0.6543033155466143,7,4.335655499287434,7.177978285577998,10.0
17.489806670470013,4.161366823952504,8.243004118891516,0.6293587518873925,3,4.847324197204273,6.387316335980226,10.0
9.425565550331156,5.67400488459584,11.676011178436877,0.658358929344745,6,5.056878983028508,8.247184983187905,10.0
11.821394748325693,3.9941426514323997,12.83667090595043,0.7015076650184151,5,4.223742785365686,7.89404600416622,10.0
13.547318032823544,5.542029883223135,10.626797187648641,0.6684282634594079,3,4.785744047047123,7.5865551697815725,10.0
8.76758061888738,3.786892574344338,11.327484029213746,0.7136725517695188,6,6.010000378174646,7.005375686948862,10.0
8.041874436279578,6.354873547428925,12.79897672429941,0.6106931448251257,3,5.690645681028526,7.335738048019796,10.0
14.704343337969176,6.76968842220712,11.663037044250915,0.7019500823227535,8,5.236627992305323,7.419919886317041,10.0
14.418195168014353,3.5519711712496687,9.348561425952918,0.6735969813875415,7,4.041640558418743,7.952117757712512,10.0
12.107888099996117,5.339012060186696,11.678312155216872,0.7069333509785765,9,4.4600523805675785,8.82031202530926,10.0
12.896440760320326,3.354358503274368,11.76967675439128,0.6845066709769954,5,3.7240572153919906,8.496220039313714,10.0
12.154430005920895,5.990912227710012,12.404641885286761,0.6568451701275085,1,4.67717441495055,6.836852505347492,10.0
8.240050448448889,4.322021489648227,11.725245125340807,0.7808215810915272,8,6.535924857267844,7.651730601009035,10.0
11.353716062174625,5.638122284193539,13.815452782748228,0.6369529976842714,2,5.669588606186009,8.372839116261405,10.0
9.770822553972899,5.587305046921456,9.183729852302411,0.7362731151161119,6,5.240599173671042,7.602463353255111,10.0
8.984241891013687,7.621771730969002,13.706544077402457,0.7849289425164828,1,5.274485866547499,8.167343052540843,10.0
17.567204338893497,5.745416112843614,11.230036942100098,0.7077339919370866,6,5.44464473066069,6.5977437305173305,10.0
13.993597250421656,5.914992398591578,12.031736842969472,0.7752816977158965,4,4.09039430492545,6.829489098002541,10.0
15.286562842366028,5.008265628821901,8.596769584713138,0.6249702956866569,5,4.9030853996599255,7.530784598340105,10.0
11.153637432661174,7.745398015914084,10.283455648268642,0.6987577540512816,7,3.7370080188340933,7.828427692707362,10.0
11.931471294940152,6.885929547198048,12.616274878779036,0.6914050560961879,6,3.4472703302532675,7.685414509592332,10.0
10.369239938967235,4.427026451514208,12.241466090593942,0.6016237614073989,1,4.757045661838832,8.048445527042015,10.0
8.969656709654247,7.22104792888116,8.240836328992462,0.6886514682718669,9,6.424818128919313,7.866187957099326,10.0
9.790316374415838,5.1619818009254494,11.279565580983467,0.6738059512765195,6,5.876395363567221,8.09047852864612,10.0
15.975140452964858,7.14333571766797,8.529669157810456,0.733959745554923,6,5.448510463248166,7.559695695797,10.0
14.775458051837758,7.11444034146751,13.975138575068973,0.7876659557153037,9,4.737713590146009,7.037023139638934,10.0
13.46928875985477,3.944350933814272,13.383779531199767,0.6171582176524073,5,5.446851738870068,7.361316735906432,10.0
12.75089872866768,6.505705656917884,8.126483962571221,0.6654952773429246,6,4.420778201204186,8.106549951724883,10.0
17.224342836561245,4.4532148465326555,13.151897473415785,0.6888129474788504,6,4.529045092726647,7.1743587529594555,10.0
8.727349477786683,4.487463349963341,13.516577603350445,0.6910370756068767,7,5.017911900622349,7.641256251597836,10.0
10.80600813237916,4.481740384402904,10.12128933538073,0.7549619441684507,9,4.0550041810601325,6.8757892474359705,10.0
11.499378535707141,6.627841237799741,12.317009930286595,0.6886791331666882,5,5.900747277578269,8.261017231625345,10.0
15.824258122127878,4.1491302089626805,10.652622477246673,0.6054322602907306,5,5.1243308029236685,6.4900010941344615,10.0
17.925146201619715,3.0045291762304513,11.931394907458065,0.7420208189185663,4,4.8638625514969505,6.5874205916431965,10.0
10.40670514757153,6.576184267413166,10.041904425789149,0.7769659390291344,4,4.8840176088723934,7.59422774114348,10.0
16.743073341370806,3.8559237191756264,9.93535541979961,0.7027809425099346,8,4.960293166807002,7.0264091195190534,10.0
16.30622760431791,3.522411976539173,10.546603333145475,0.7162217043397011,2,5.6492118846673955,8.124643809551827,10.0
10.246573976417666,4.187580602970301,8.873406551915007,0.6325872877938092,8,6.071620178042805,7.669721404714007,9.546061176125253
11.993325801992226,4.89950261161352,12.986833786612296,0.6441291889357914,2,5.263145739366869,7.622665744650481,10.0
12.096728692925192,5.379531637366004,10.09218737216982,0.6470340478249224,1,5.083689357238731,7.782451672552925,10.0
17.78220668526558,3.222850203563154,10.400897323435071,0.686148394976259,9,5.420152427506303,5.577021591915832,10.0
9.808919013788984,7.852866663136802,13.364327676212868,0.7856290441791285,8,5.097232001066176,7.257933079282074,10.0
15.99157971104782,6.580315267097791,10.979742884379029,0.7043569533429772,6,4.924704024877395,7.736043631356563,10.0
11.3419271417311,4.615970326621681,11.265523456105178,0.6384195290402706,4,4.842583541363725,6.991779081675656,10.0
15.308703457761604,4.5934862864269865,13.73898874866259,0.6532175471737899,2,4.684792031531834,7.138859129836334,10.0
12.200110042956629,5.242712746842297,13.320358298869936,0.6768030059454369,8,4.4809302318106035,8.117810996743206,10.0
13.7835976311654,6.131224113815165,9.016800253330636,0.7246517951385599,3,4.142693002104634,7.636156890576718,10.0
16.326117733261313,3.731865332944839,10.83929017950863,0.688006630600801,4,4.817990389837982,7.739091508413837,10.0
16.04165564983884,3.9446490688247615,13.827777364571272,0.678488968835385,5,4.2310521786372615,7.099851477816497,10.0
16.664231835397,7.297172914167755,10.234197789371617,0.712945720079799,4,4.717860742769333,6.742787753195323,10.0
8.59617325344659,4.281274619445362,10.229438651097201,0.6483669989908931,8,5.284887220409552,7.495310708336609,10.0
14.920505530397449,4.900974989875888,9.170181390734927,0.6157806545169164,9,4.872261685629897,7.709392767829755,9.495519021197179
9.39987376721763,7.356359254750585,8.68593868471475,0.6048828629644444,1,5.2521552967343235,7.661988186631974,10.0
12.15818568018411,6.315739146999112,12.44182874453589,0.6502518326934255,2,4.955305727120984,7.962940910016398,10.0
13.485884150546884,4.708559396708441,12.620182812209098,0.6183184068288937,4,4.871833423821986,6.9126305472297185,10.0
12.027394847468308,6.4184977286231035,13.814077781018,0.6672681277041533,1,5.614582181298387,7.434896368164784,10.0
13.196116758030074,3.0984160769070686,12.640509265432177,0.7545867080719512,6,5.496161035271043,8.217005562742354,10.0
17.96526308798619,6.678213300056826,9.460114964201592,0.7432588660973677,5,5.118059000628462,6.724697266692871,10.0
9.352173137128547,5.435080202581197,8.240699469731092,0.7221855245576058,7,5.6016520060687816,8.288132802989654,10.0
14.754560453364256,7.065910736422306,13.91262430621796,0.7705000487758958,6,4.639521877970915,6.898794580812072,10.0
11.960009663856152,7.773188260032342,10.042704173261635,0.6564135249088553,3,3.887486915267265,7.581213478214164,10.0
9.330097989073288,7.628942747472841,9.871829254594525,0.7770107506059932,5,5.479939082688639,8.391741285698528,10.0
9.587367633743096,7.546325217276704,13.435731258496295,0.6798478339338359,3,4.823785365845055,7.518492201432072,10.0
17.49273106245617,5.560849779669436,11.510599391269917,0.6801786636533254,9,4.846127876299412,6.800351169527407,10.0
16.79601496711762,4.80071057069469,9.289227043094808,0.6810703227251043,2,4.734733887635803,8.533631364293154,10.0
17.070419604150217,5.3251766236533635,13.334577456297437,0.6196188732481963,6,4.708355651708029,7.2394464725923555,10.0
17.915327758273865,6.449480016566804,13.96016513032846,0.7950980996662111,9,6.212739262846014,6.14227482265072,10.0
10.083153900085179,7.419988884355933,8.520071366904984,0.6277013555650318,7,4.3809721549681235,7.745866170758928,10.0
11.554393373640618,4.034931515000598,13.173509769814924,0.668177144893837,5,4.684745438765836,8.253377184588395,10.0
14.692190299248667,7.590965792308515,10.343094186106363,0.6638600640653515,2,3.877843604693677,6.677298573020414,10.0
12.838025398606472,7.075901159849446,11.144434679040227,0.6149358865633419,2,4.30820907831663,8.185449166718062,10.0
12.183895333783335,7.894280075891173,13.488895854589884,0.6304520260223753,4,4.049489171477923,7.859948248303463,10.0
11.578112493355931,7.401258866408436,13.840275174650703,0.6089716672370772,2,5.017370703526698,7.95238395562166,10.0
13.937806319434522,4.399686648459533,9.572983462452797,0.6584808987121027,8,3.915762813452437,7.865141586608901,10.0
13.75593428640082,3.5297795567202384,9.277104625759483,0.7733313848057813,7,5.387503820574748,8.628692096294216,10.0
9.614578340642401,3.561205359957943,8.483099351549072,0.6678884411474769,7,4.424364255362098,7.843719781156869,10.0
12.717398375184391,4.45611659289138,11.370787115972828,0.6247383664134758,3,4.1585567665090695,8.091617052978599,10.0
13.534717762098499,6.070918619922696,8.08162637270401,0.7291387736767836,7,5.00513006784014,8.239764039094283,10.0
13.702869387313905,7.021601630485863,10.47138978565962,0.7993201824109821,8,5.609985981180897,7.891424903201995,10.0
10.101071929123519,7.496251534907824,8.440304099912051,0.6464647579063855,5,4.761775774343424,8.150534537765413,10.0
15.422713922522867,6.118766921846164,10.431354697576005,0.6559142010741139,1,5.094805404781472,7.357608677724487,10.0
8.251990948210697,3.0281565637402688,8.239593135593655,0.7943694108561578,1,4.918975586044455,7.879288215938672,10.0
11.548318555431626,3.9315838825926677,13.011303563652614,0.6357552575100974,4,4.506862340571905,8.628995770674866,10.0
15.802126485356336,3.4986310192668397,9.258433963631395,0.7022428134918328,2,4.795201870877329,7.613478000133651,10.0
13.638929210554023,4.81662237784505,9.969852262147471,0.647930426603219,7,4.255634700138521,6.719254669479744,10.0
10.611624325108602,5.50675496816873,13.220287979638352,0.7864703795802488,3,5.459087792029736,7.99125543141014,10.0
14.949531193430477,3.2169858928928043,12.47759636799323,0.7963042029152588,4,5.14605318678619,6.602945873654062,10.0
13.673909441560735,4.742389878978276,9.314230169852351,0.7629395692240031,9,4.404346831767881,8.05065624162348,10.0
15.962436094563872,3.895898373126613,8.431396511944977,0.6629567631625621,2,3.6479906935701787,8.016621344172151,10.0
15.350251861898233,6.23535083129437,12.294042661132037,0.680697495056101,8,4.425762245329796,8.010029584595424,10.0
14.101079220362347,5.3213618466217,10.344215304128657,0.6484611367332843,1,5.313855556445373,7.6449137757353505,10.0
12.88177675310814,5.476588234669544,12.596479994709327,0.7781515934017983,3,4.610368304045242,7.881050801439439,10.0
9.331821256675234,5.138458940167306,10.671768634251263,0.7829116555376316,4,5.658785835807246,6.724689660702712,10.0
10.613330178853838,7.780098552432835,10.076014477833658,0.6837741324492095,6,5.714440112656326,7.91054015211925,10.0
12.190994729170853,4.073675625607816,10.707232449274379,0.7313066139806004,1,5.009234529076789,7.895816198558096,10.0
13.992992870063887,5.583321299219372,12.49135391402406,0.6331106359549388,8,5.244834965053045,7.173321088339067,10.0
13.137078552153048,6.68008684182668,13.413321719242244,0.6869871800726818,2,4.383224708176755,7.444743819004971,10.0
10.881845259595295,5.784222065672813,8.298603179531453,0.7262998213346995,5,5.428576913068815,7.338397891787482,10.0
8.064643577897105,7.6451044285840055,11.144669247361731,0.6770806237036039,6,5.393655923927026,8.299544697675149,10.0
12.962392219008139,4.889841778206421,8.197012574503265,0.671519905137292,8,4.2874334153418765,8.013385022915815,10.0
10.85625988562243,5.31837902886589,10.810457270146152,0.6001997984533886,3,5.908042262355188,8.311601238483044,10.0
15.346083007105351,3.442611576073642,13.311696974581402,0.7608586927554228,9,4.778174933810537,7.89816658000024,10.0
8.239462652704836,6.044995555259643,10.169541598521858,0.7778675224042897,5,5.088812736250526,8.098938960086514,10.0
13.848278113057908,4.44105984224053,13.594702526483859,0.7938927059091665,8,4.887152426954342,8.619424478388012,10.0
17.414742375060655,3.8015451975778443,11.783650829903657,0.7438542770138431,4,4.623517009990746,7.006076912147077,10.0
9.744092671114995,5.72265646452254,13.604932062758039,0.7097584624739769,9,4.425328808174803,6.984810693847293,10.0
12.716494907505954,5.661551316899553,12.542999752475119,0.6538569039617419,8,4.573174288449316,8.450776308014538,10.0
8.914219918171382,3.3793582061202376,8.620610999892573,0.7998598951926997,5,4.532474529278676,7.3241060665870625,10.0
14.256819122613527,6.491077267472364,9.386908205376063,0.7179505709064211,3,4.455025984997788,7.113753198902852,10.0
13.505316805962256,6.118860953254265,10.365022727501037,0.7362308144660893,1,4.011676985864397,7.700640555917209,10.0
12.073655242128323,3.945086413732486,9.020641292072456,0.7364812323910636,5,5.204431006816375,8.07631003644749,10.0
13.213770214737412,5.347174310770219,10.969469628659963,0.7690503591514364,5,5.509376014796184,6.64376932876988,10.0
16.965746584690102,6.601614582392799,10.828208934208943,0.6019345077693838,4,4.367685326444608,6.9673614502873065,10.0
9.96294302311067,5.647178702706382,13.737555188164288,0.6440493880862743,8,6.073247148329827,8.3609313631276,10.0
8.225645117053473,4.977445380917851,10.602367297375867,0.7331068000340029,3,5.829570989126984,7.331081340825379,10.0
16.61664884699101,4.611692290404719,12.713760825727986,0.7790291473649136,9,5.111576054374589,6.393211186561087,10.0
13.771170823879064,6.051969333220268,13.651463269108879,0.7370677563842712,3,3.9110282580333653,8.148118413940178,10.0
16.906584554618423,7.695543491551203,13.261932985843913,0.682698258298736,4,4.228998872787773,6.782781490875025,10.0
13.969452234131726,6.358724202387417,9.252005747069552,0.6723110991740523,6,4.660779087663501,8.67680993556251,10.0
16.101610899597024,3.3737295181815776,10.976179365521265,0.7475896016566641,9,4.810238769538973,6.009848265970778,10.0
12.29673363355148,5.303424867410669,10.086438693775554,0.7482475394274387,2,4.551520269871415,6.707764928024965,10.0
15.498599312882687,7.454120657553138,10.399152170823292,0.7214115985011381,2,4.831667755998416,7.338449052716412,10.0
17.13041466889856,3.4723121290054344,10.164840957474507,0.6582934048194674,2,4.7419849085901085,6.453487329116698,10.0
13.721229637222063,7.944378560687717,12.958155261050024,0.7850309636781088,5,4.559229003668332,7.986568131135483,10.0
9.807851505623795,7.745346968227107,10.712834330734685,0.7103759884237278,6,5.037326323467172,7.96820832291849,10.0
10.687976150301981,3.3913724036493793,11.14216599346813,0.7580984712496661,3,6.162156758626631,8.673709341129845,10.0
9.986445768974058,7.6670666022477745,13.894684142282447,0.6428616524323664,3,3.8678551183162755,7.676772611712663,10.0
10.46857027595733,4.815662951297311,8.359875633149098,0.6688081577229456,2,5.100545712985068,8.107671937985426,10.0
11.064154493510364,7.223545835379313,10.927745838744492,0.7749159032774685,6,4.863340850339711,7.298494754641623,10.0
13.551337867531885,5.091916688566357,12.644370241676697,0.6100214059879937,1,4.678314336460682,9.112211750251916,10.0
13.879916294638328,5.20427556351258,8.90697174912936,0.7024630622513325,9,4.858850770742789,8.376300333148496,10.0
12.264997472418612,6.171215454887713,11.669189567688644,0.6963410959688018,4,5.692386031295012,8.437761946365885,10.0
14.154207798208354,6.872387096379917,9.4367886772068,0.7502460377816165,2,4.859543241410396,7.364423796718358,10.0
8.815749256113659,3.168945754741243,13.204424679347404,0.6563787541198665,6,4.53159381404045,8.17422111938421,10.0
8.877882370581599,5.9657799776356715,9.962597992400475,0.6438133643719199,5,5.4418398112795465,8.019263304172764,10.0
9.718294603576584,3.9336649704868547,9.974376901405456,0.7852265677546468,3,4.978844303512402,8.059451843758772,10.0
13.180774980403447,4.729747589316014,11.589163271107362,0.714341930391693,3,4.3591184207477305,7.879164364794709,10.0
10.139946786983135,4.7398433307760826,9.101377448719452,0.6209379136567309,5,5.06611055237046,7.3012795149823635,10.0
10.832844034925774,5.345301701105768,9.709331833418366,0.6386072324428642,4,4.795269334055567,7.903623342436216,10.0
12.00312836172994,4.670682059380867,10.499791100716468,0.7997652119028497,5,4.606193941151176,7.606351133145996,10.0
16.118661240103798,3.536805592253339,10.121827178840663,0.6391217992504384,2,4.848372430708209,7.343487580481478,10.0
8.138621359128601,3.728143692627257,11.149263308033495,0.7220951022707358,1,4.888735356940277,6.704067842469897,10.0
14.493788202366224,3.1671899278054885,11.597840864413797,0.6840256157991236,5,5.065496322473595,7.330208201554021,10.0
14.688765310406854,5.3512454266437715,11.400004722500988,0.7771198189699671,1,4.652915229151805,6.596817737212735,10.0
15.986557803566365,7.772238474264943,11.925009871951593,0.7510337184590655,3,5.010125802671687,7.471330819049458,10.0
17.327529390603132,3.5783761182405827,9.846497099646921,0.7193902792523632,8,4.712519152324371,6.797268632354888,10.0
8.201378489492898,7.73132246501541,8.75855736293017,0.6021477963595965,8,4.897074726744497,7.0254180283150145,10.0
9.537837055132162,6.666807573660468,12.564845248586462,0.775959041498692,9,4.91300595227158,6.476967232217076,10.0
16.86171294055993,6.187494014670816,13.104682295784093,0.6889334941677433,1,5.025672290406213,5.974347493217569,10.0
12.585185621870153,6.2263887766178145,9.542037393334594,0.7863155306037154,4,4.477970713829246,8.033149414345393,10.0
13.645906389334636,7.13363824198141,10.442551736948118,0.6991078025708403,6,4.712525195630182,8.364829705957217,10.0
14.630272037231475,3.534599321899107,10.991415301781332,0.7388448978365452,7,3.640822339174485,7.158640078860709,10.0
14.790666044956374,5.523771617827709,11.199961056517619,0.6138585298933285,5,5.732251533305718,8.215441722185652,10.0
17.317404033165083,6.485455691303793,11.95694102652591,0.7490303307053572,7,4.759764972782001,7.426026810137293,10.0
17.969494174116697,5.934102225367818,8.249619400131929,0.6675992062623846,8,4.732119903341036,6.445578066983095,10.0
15.201574609309402,7.163895355116473,12.328862496404103,0.6702718028663561,6,5.343119510054337,8.009052869700172,10.0
10.872212092051509,3.3613585450567576,8.371826041876462,0.623731168941878,4,4.266947440605166,7.3733691901466925,10.0
16.797524022943435,6.453505197495829,10.809731406037207,0.6293714297280404,1,5.1276673156434756,5.958681203672999,10.0
8.492209145407616,5.670138651923589,12.966026813415166,0.637151811241242,5,4.788263329153056,8.315282539272987,10.0
10.310808528744962,4.895804319899717,10.707291879670377,0.6656412337142845,4,4.788791978974706,7.362229979658994,10.0
16.97385717463715,4.701374911170154,8.894538492609486,0.7783939825551212,5,4.918561596473755,7.338919782134412,10.0
10.561915144393549,6.104163163870965,13.910203070035758,0.673652047646016,4,4.521912087631479,8.106329930512905,10.0
10.206510596217484,7.454976873221324,13.33571277244558,0.7448725413126437,9,5.397512250215348,8.719330318466943,10.0
9.381252931402472,5.4808796305055765,12.627881799350083,0.6165495007779742,3,5.843775178109253,8.04496573866368,10.0
16.591117576469166,7.1236158203846,10.469069617395263,0.7182197598543986,3,4.602384561029833,6.359725164450211,10.0
13.000582591910867,5.010781909219838,9.103074361335787,0.696378246254088,7,4.73535048748865,7.77682676901066,10.0
14.748932030541548,3.5119723139658827,13.648467088511007,0.7955915893909009,2,4.0667575631326995,7.972765353862261,10.0
10.390663840750296,3.3075286822931926,11.194106759102834,0.7692415539757926,9,4.979332868070177,7.5960480688556915,10.0
15.580404210112166,3.2566718566183877,13.11413276232491,0.6909659544877299,8,5.228671692526111,7.882138080912583,10.0
15.600055449620985,4.900750709788349,10.052570034556554,0.7550285528090678,6,4.877127055330159,7.400050256427611,10.0
11.125980249083002,4.68618875417921,10.011729902476823,0.6386077482587555,9,4.529566217866769,8.49485680701983,10.0
12.106826330102828,6.589685118112848,13.913242884044234,0.7124672654783556,3,4.583778722169752,8.563924005321638,10.0
10.09690277430201,6.714107507924329,11.1309982909691,0.6149238111137416,4,4.740086748085779,7.97413846990178,10.0
17.765610233229044,3.2542698441686992,8.844172543164477,0.6696178064503366,7,5.150589014048812,6.27062861877126,10.0
14.456025770584116,4.105616314445075,9.318048067968245,0.6451724363244341,1,4.378097805996067,7.4306848198761495,10.0
17.345438807155155,4.371309250794498,10.891665676356325,0.7437819630650422,1,5.236086809229447,5.99850343185781,10.0
11.033855436291331,5.738059920714047,8.254825462930468,0.6980181382428723,1,4.225374724838969,8.813209053902114,10.0
15.818909129968898,3.722576119534751,10.775203912269802,0.7502140957696021,8,3.4580878433036126,7.3107236977081556,10.0
15.65858643884742,3.669706097000002,10.513645052480765,0.7030590875262891,6,5.361617214051542,7.206978112627833,10.0
14.916556518665416,7.7189444460397905,12.676017591916922,0.6172968884303277,3,4.7127340016140975,7.458060871874741,10.0
17.656389752668005,7.021014536488905,10.129651786935451,0.7470735299465053,7,5.286513455956387,6.373920285732896,10.0
11.935553361063155,3.9032745104558515,13.895292569237597,0.7666458527975611,6,4.35071581083343,7.754842680236248,10.0
9.307173235897572,5.032839039527455,9.084619515805418,0.7807062451825586,5,4.937774762137454,7.351664670364441,10.0
14.717088592440607,4.778109996287828,11.54592010980881,0.7143983890613417,3,4.191128128438522,6.948739441756917,10.0
15.293098004772062,6.955020370327037,8.538195782049527,0.750717071799899,4,5.370537447950145,7.48086463855468,10.0
13.750605734588147,5.551064582390611,12.403183903963892,0.7504088673765255,1,4.42095275373486,8.499811605017388,10.0
10.068178931333962,3.639248684967335,13.968522128371829,0.6311499519597888,9,4.214132627073075,7.452128652891379,10.0
13.044559416693554,6.69496031578122,12.914831826509793,0.6328441374919141,5,5.00701227620989,8.221448982751268,10.0
11.121897365691295,4.984439891124595,11.334221244321807,0.6141771011618252,2,5.380931395229242,8.248949328274831,10.0
12.274665281666891,4.314621238160735,10.908448144398152,0.6639827270280603,9,4.609012880561697,8.197102713555127,10.0
14.452185758446639,4.8774931101036,13.010179767601082,0.6947017175482129,7,5.4590907279493415,8.636556478878482,10.0
15.452147426908345,5.4887828180344815,13.615844508264345,0.7995795705508434,8,4.948542718325432,7.705024459765589,10.0
10.322246909013431,4.715577582085047,13.935239154788558,0.6861986684136339,3,4.876052980029481,7.8928580117594755,10.0
12.053253606469534,4.2095288629587895,10.379235365386904,0.7452485177014742,7,4.669842383750473,8.167551334828273,10.0
10.691615709916292,4.992510144019902,13.945504848767074,0.7386794052545069,1,5.125600323988606,8.337455337420717,10.0
9.98631613861869,3.0958645537494913,8.935557513042989,0.6408963900501159,6,5.5415822499687195,8.66724926275183,10.0
15.833872199958384,6.86248923048157,9.521298655591455,0.6117014302898872,6,5.11438268074815,7.145416925424482,10.0
17.092526944369926,3.854724467837929,8.534096748403377,0.7092013503067175,6,5.22098703240589,6.79306965311304,10.0
11.702321856845767,3.2195230681531863,9.63043109890689,0.7400611184628952,3,4.781980499984533,9.52607004482372,10.0
15.512789243737668,6.268493464525396,12.607625309708066,0.7996503580372513,6,5.1598289219103775,7.358495355686291,10.0
16.969952893644113,6.869680644118361,13.117546149070698,0.6717222104562341,3,4.744731452356875,6.719582622172086,10.0
16.461242105302315,7.069145657964216,12.673355870615431,0.7792729124162194,9,4.205874770485802,6.585094496265288,10.0
9.828133885392258,5.467545913303,11.786394669006178,0.6763864911738373,7,5.128007775726464,7.806030543798406,10.0
17.562918815133614,4.026840923449926,11.083799075135873,0.7378823416861026,4,4.6973545774311685,6.415608003322079,10.0
11.766764404294625,6.686138386249134,12.252225735281879,0.7196505861034104,3,3.993872382047609,8.193910266391576,10.0
11.392406611738362,6.498565385771686,10.34500129560333,0.6105957586605194,6,5.589088829349578,8.116903578247587,10.0
8.624313272777803,4.231353670515866,13.047850108998212,0.6156776853940517,9,3.6704479612553804,6.443446499166002,10.0
12.86173654104883,7.517038779313965,12.063140563860713,0.6041528179448922,3,4.985498472813747,7.309403516811986,10.0
9.090136156409287,3.521857290414145,12.186828190966452,0.6741668169187979,8,4.669326194423954,7.4959369566062755,10.0
10.48539820927426,7.913441197956629,11.215615958774428,0.7491602097532022,6,4.508693892312155,7.672693603445913,10.0
11.169426217672815,7.301239054887323,13.311373905267036,0.6345510787981445,4,5.0231479002388415,7.44828793100485,10.0
16.08826323491684,6.439493227395376,9.512088402074315,0.7211705936767792,5,6.058215489646278,6.244210831333467,10.0
16.754886503958964,7.693749441399165,10.286885920166304,0.6577655560062156,3,5.368438628698523,7.681892897416134,10.0
11.024663174614696,6.611555841618539,12.665855418066135,0.7593985247958145,2,4.316735020056,8.756023347683534,10.0
16.58698121244574,3.9522849851502295,10.956493376776026,0.7596792298005982,9,4.961509135394074,7.326537591561259,10.0
16.572309373697912,5.210780690564059,13.335284080545145,0.7550829029932847,3,4.837173473708019,6.661869859244169,10.0
15.646509503848735,3.3575151216581767,10.078395918577113,0.7049667027602754,6,3.790549267681136,8.069816994197966,10.0
9.466951140151815,4.948287111440577,10.215981012917869,0.6569133420159703,5,5.1440012564468205,7.319679133559578,10.0
14.90322846900729,6.708015098686043,13.332414736319752,0.761888808775727,8,4.404145865098433,7.796176931463284,10.0
17.45024064580569,4.932216754654087,10.786221921092245,0.6372201123878483,5,5.544768531122521,6.11968345479548,10.0
14.825404787671571,4.651470877340671,11.096747505214921,0.6579519204057312,8,4.579329400878739,7.612957238674835,10.0
11.31616849107834,5.976778612551559,9.996582292014077,0.6367895412321243,5,5.562004382840007,8.219973147088592,10.0
13.005793174308312,7.361022644994475,9.660019653074492,0.7348420320775295,6,4.846123580892808,7.200825362364716,10.0
14.457250433510536,3.237915962730562,11.935692265030353,0.7372472056231636,5,4.811264654466651,7.486899713015302,10.0
13.105704087285035,4.927352173498677,8.719043969247224,0.7305019985573507,2,5.65084048210982,8.064339504251272,10.0
9.199529417309698,3.7912037090763135,13.275635847097455,0.6831202933729336,6,5.329463559618547,6.980734654223319,10.0
11.120640446520206,6.476771253659348,12.675218820590647,0.6200342014402866,7,5.6354555862922595,7.489903186787076,10.0
16.023960305536324,3.5286228021556743,9.144489582234817,0.7822339169030043,3,4.3185288953219185,7.315974623140692,10.0
16.614180460955176,6.324038792901223,12.164119674947392,0.7015461928024477,3,3.9808791331214666,6.6681411016911065,10.0
9.373000327155703,4.430904353989536,11.61579752771381,0.6813944389822183,7,5.249397002859745,7.040146837595884,10.0
17.523867523987246,3.9945840686861236,9.107210304419866,0.7177649786496587,4,5.793749519512811,6.489161629054911,9.938994275383852
11.288226178486093,7.681762789124927,9.639221036301395,0.6385580871638211,2,4.2187822681689156,8.192185290750999,10.0
14.6231373873072,3.0926228837297796,10.453919022403007,0.6265097558209749,9,4.49689685272832,8.778129209131773,10.0
15.518251459566812,5.188886359447845,12.195456411472843,0.6811050442915887,9,3.971797055120504,7.4232183827023865,10.0
16.119462346378835,3.108134962308969,11.832340452902036,0.6454441388199821,6,4.8838289049574195,7.157029774938757,10.0
17.4574970222593,5.417965240521645,11.193409086060187,0.6488580589074329,2,5.170898318341605,6.368516086241088,10.0
11.129195480288226,5.505236888972091,12.610463258684206,0.7785022975557059,3,5.117052180866367,8.536647920157462,10.0
16.585064545515547,4.608312356973735,12.547626437636996,0.706151835437165,5,4.733153902872271,7.111816535174953,10.0
9.316869034362071,3.6608088876251186,11.707154924373535,0.6966938128646702,5,5.018035720822937,8.05790188373308,10.0
15.050409063535927,4.881937688672377,12.721940500308952,0.7378959187457195,9,5.069219012567226,7.645977281919015,10.0
15.419777295139859,6.36131469966283,10.005580248675255,0.790309622735348,3,4.905153255322825,7.872411792069091,10.0
14.777232412013204,6.911979043222296,13.287497169935634,0.6224397128941128,2,4.931688427200588,7.803390391382509,10.0
10.52314736135153,5.653753011940712,11.689460514811644,0.7667069134218515,8,5.329838105588126,7.186949426793069,10.0
16.730431470152034,5.949171972198778,12.934181082874584,0.7168038359735692,7,5.379386171001953,6.737040060265411,10.0
9.68858463370395,4.003081855623264,11.277674628741703,0.6292330707623675,9,6.120246419421276,7.604097886448871,10.0
8.536347915208308,4.436651666138247,9.310629469932081,0.6594298637377983,3,5.579450514849685,7.621849671666146,10.0
15.174649906119122,3.809478050261792,11.254460772069852,0.6964722832929479,6,4.992383451540765,7.5724066681862165,10.0
12.754757152327336,4.2464767500230565,10.226669982659528,0.7382354289154847,5,4.524620719879435,8.636717798597989,10.0
16.49098019958676,4.1244339011276585,12.184994216222567,0.6485214033906904,5,4.9971866033231915,7.190574619430097,10.0
11.83397141058259,5.5972439319561875,10.854762750408415,0.706975763093518,8,4.0923877190815166,8.23440140032443,10.0
9.682785885077129,5.813443778953647,13.016676829566126,0.7369343254831724,1,4.757247290609196,7.2244721991740795,10.0
16.364421924698696,7.724737104107523,12.0684350739315,0.6897481501695012,1,5.506431973306306,7.122645495034283,10.0
13.489096316400717,3.9778532355076153,12.107266598187945,0.7726051922240352,3,3.8920166038374404,7.781755118442064,10.0
9.891957923903549,6.208378550807479,9.30293200094639,0.7738918205680809,2,5.720059515277282,6.745389148469185,10.0
15.203839985864457,7.086296344937614,13.905498598947743,0.6941382435280892,2,4.621518113639474,6.830157628924878,10.0
13.111136384895005,5.801207318915263,13.050051255628933,0.79458514208178,2,4.21376885890646,8.299763975763582,10.0
14.043129822403198,4.2750182625053785,12.734029307364167,0.6151170184810895,4,4.543573697798777,8.117924119687467,10.0
12.60898338206582,4.312751150100001,9.981291350960165,0.6006724756645873,1,4.977665612393253,7.686799108117487,10.0
16.287089838180066,3.1962652653549997,11.21378991708339,0.6761336527607839,9,4.972463165066002,6.801794778619657,10.0
16.2956271568305,4.527221132742408,8.822619128445972,0.7202194122745019,5,5.885327695193559,6.51063565396603,10.0
15.093888218243862,6.723018395016901,11.230855859976236,0.7258400314899321,5,4.977281852586979,8.016297606369097,10.0
9.054013773964623,3.237588786035552,8.875335478899723,0.6952891472587657,9,5.471279771507451,7.161356521365696,10.0
16.388538619040688,4.0964764125241535,11.318227063937607,0.6249766626481292,5,5.216495328110855,6.751836502683755,10.0
14.710129805329098,6.531162492658909,11.892331280929433,0.6340995043575789,8,4.792663149001951,8.140565360464782,10.0
14.970241660042994,6.913257814114383,10.341175803499414,0.7704295967704019,1,4.6246000308300586,8.056657836057488,10.0
11.629828404038717,5.276592050309642,10.99126926998776,0.7735822263478523,1,4.804823372334944,7.903276807052177,10.0
16.792795561570067,6.490371692393245,13.253920326047515,0.7347797075721441,4,5.140161509950802,6.8577646672805255,10.0
15.253716002348575,4.93976084327446,8.651378868216856,0.7328435944557765,8,4.75032500688072,7.7061648047140885,10.0
9.125904665291944,3.7995662251206377,12.750397357997917,0.7195364256055615,3,5.825856864570324,7.3821331669865495,10.0
12.077780344061626,4.990747467614533,9.024527305977179,0.6405851771403976,1,5.290564435908811,7.949795794502314,10.0
16.863803619601416,5.899839101015714,8.22024789682777,0.6856501400519807,9,4.448638797967654,6.7191095304592565,10.0
8.47196701697379,7.740266409264452,9.113447616470287,0.7391789302926758,9,5.860117055231875,7.721177823214314,10.0
17.614166196420495,3.3437547604433866,12.590259139822939,0.7074504544006678,9,5.206872901488345,7.132548782662928,10.0
14.791625683195628,5.536970469224803,10.43075644002116,0.6037160668110199,9,4.578022475198246,8.18340095441514,10.0
14.313759776433766,4.644598891053622,13.235123101077091,0.7907113613440198,2,5.050247683812248,8.240446609069226,10.0
10.705592564879915,5.541558471383473,11.148245247093595,0.7689632105144287,4,5.016246289420728,7.368595584336497,10.0
10.48791788739177,3.119877236882658,8.133502111557986,0.6521090028219476,2,4.461335634146518,8.531845061001684,10.0
17.420582194885956,4.565126773507907,12.30028165761156,0.7232917870332592,7,5.5713155036156214,6.192734415568069,10.0
10.982724542341227,7.099340737635025,8.661397452327396,0.7846478767456376,3,4.789360758679815,7.057241833971201,9.978825233931602
15.755052967189993,5.769708669273188,12.736277800771546,0.6192022024227303,9,5.237735168085936,6.870395983626712,10.0
11.931217982070791,5.252912464080587,9.00861529883108,0.7006058961593401,7,4.718431748071577,7.9538914495332955,9.817165861177847
9.39254070784704,4.427625358576698,10.07267831483308,0.6912486051692589,8,5.53463400971696,6.641374261265102,10.0
8.10715297695359,4.490212613956779,12.567628577752162,0.6820410010567065,9,5.959659447109819,7.598264215295801,10.0
13.442573370152509,4.9155071679529225,13.72538814485853,0.7671177217785851,8,5.264938554028129,8.312023874941724,10.0
17.757788185489325,7.177853549822802,10.228603703880394,0.6761292293394915,7,4.948695429040443,6.1512679223313596,10.0
11.691361938092045,7.836066034041342,12.976401321193615,0.6127326666482015,9,5.661326918171148,7.412212475896937,10.0
11.571923339930448,5.193276906751873,9.144753592855032,0.6131675484328605,1,4.688819030989871,8.452401774422425,10.0
11.44091617849442,4.966764193738809,12.843078621214946,0.6085489213049218,4,4.1754873922561515,7.522672832030266,10.0
13.205438373048585,7.232753879099314,11.944964355537506,0.6818290843748075,4,4.7584231664981465,7.117079287346063,10.0
12.406648834242935,5.134526603181518,9.156461043274211,0.743681255539672,5,4.602786322519051,7.959501401543939,10.0
16.799146267270146,5.760090861478256,9.815023762108469,0.6407444923861031,8,4.735316643986155,6.861722744363459,10.0
13.055207917234902,4.154708322993722,8.790625331582216,0.7292937040863099,1,4.694816965901164,8.101050612475067,10.0
13.077578381885688,6.7175126788953765,10.29780206638588,0.7374176944207409,6,5.044576249664142,8.325889620090873,10.0
9.383715947205566,5.65994159135391,9.221891846739664,0.6510404248031196,9,5.302281441345437,8.102618197535053,10.0
17.82739540910386,7.045172751201708,11.863987721782841,0.7201115312121259,8,5.939510426383273,5.669995239019623,10.0
10.499728908688297,6.903663650143349,13.967030625323352,0.7369736680053695,2,4.846934492543782,6.868251231459603,10.0
8.733640674596026,4.075023841350143,8.072054978505586,0.6933227245604251,7,5.513986610717275,7.696401814363388,10.0
14.631462489752089,6.578177752788812,11.245518879723791,0.667343319456019,5,4.841858176147532,7.678593005419896,10.0
13.953663701568727,7.000272039756857,11.441999585294058,0.7238303103148654,2,5.608231850068944,7.58017016659441,10.0
12.151456539927457,4.730536203911975,13.48525273808487,0.7955694174656114,1,4.201111789251643,7.926437822110842,10.0
12.221922338806781,3.863045564511373,11.036032008601625,0.6853682818737956,2,4.421113413694426,7.579396856624942,10.0
15.850639210464312,3.013160777897941,11.262208517869505,0.6783470192570242,6,5.897652125821941,8.122216706551281,10.0
9.95712640099649,5.254518265465741,10.829916807970331,0.6928533804852227,8,4.897628870112543,6.785664266660622,10.0
16.202533189448896,4.762163657694208,9.61342582736889,0.6152436786890096,3,4.127330873107332,7.328566038631887,10.0
14.487471138950182,5.774549169127044,8.336174799493483,0.710632655934278,5,5.698937759298742,7.048063395462168,10.0
12.189697737795244,3.9402054629439287,10.451946093259016,0.6657394774434527,2,4.2203986385496055,7.6676839551759235,10.0
12.580286165838686,7.298327738332376,8.315548827444072,0.6242844244662524,8,4.732836311733521,7.763598132968577,10.0
10.566472071860957,4.288776078140549,11.302954816795507,0.6932513482234747,4,5.435130530185939,7.406415300809154,10.0
15.521143326969748,4.13214802543825,9.843761859453759,0.6006767973147955,6,5.260702078859963,7.266730921511499,10.0
13.128747423052678,5.4035702824217795,11.201614409152567,0.6803570490325518,3,4.2300086814941285,6.622185516173301,10.0
11.208545427498436,5.494255118721371,8.80578178637112,0.6211470535852901,8,5.995156451693982,7.202131056822941,10.0
13.960501157609503,4.075426143925464,13.595779794436158,0.604858540679956,8,4.942016172340654,6.8803709489507305,10.0
17.95734452051323,4.359303633629579,13.36712746129961,0.7648950092489004,3,5.287130836337159,5.614878080877006,10.0
12.352622796565539,3.8485261957762247,9.139979055213708,0.783249760656527,9,4.196621309397114,7.596027521380307,10.0
17.206914007786196,6.592300891615833,10.060665699764058,0.6415349296718214,5,5.357500045341123,6.6413768566178835,10.0
11.450168399245662,6.85044515627041,11.680956631111878,0.7078596527668523,9,5.523438202085518,7.6631956777094254,10.0
8.547327069249858,5.311642487296413,8.574117243835438,0.655591631426197,7,5.211970928788548,6.969098361353682,10.0
10.042421063684289,6.570435113425087,10.127406926696905,0.6987154877344365,3,4.11634292362355,7.546415459828705,10.0
12.186951433276842,6.679676959687227,9.506673720914037,0.687326264178832,6,4.353872710780249,7.6491959405459715,10.0
10.19634928594569,3.691377638389043,13.49310037230018,0.6538102110160972,2,4.795684459464159,7.6516567640758115,10.0
8.002270382182555,7.830890124172684,13.115063817735232,0.7400787159270595,6,4.756886928907132,7.033880563105805,10.0
17.150015377475274,7.105159735482155,11.478996447601183,0.6252981918640508,5,5.36560905220354,6.283989424770649,10.0
16.43879411230929,4.0224173059791175,11.122078021229445,0.6106145564342734,3,5.323317203776518,6.227329674232296,10.0
15.42292231486947,3.930825178730351,13.584354767272384,0.7535350866074558,7,4.439801937036795,7.390178114939967,10.0
9.678145956460286,3.6283057278979136,13.594566697872892,0.733186006244136,4,5.489231260374796,8.148297508131568,10.0
9.20363576209986,3.691892812709592,13.815980752109962,0.6997052248292795,6,4.720658741946131,7.078695673162909,10.0
8.676047494723832,6.740808995143481,8.752273304649126,0.6935579540945083,9,4.651745938012393,7.3927996292669285,10.0
15.240291887729212,5.348271284758118,8.963346864579021,0.6994822758982853,6,4.248321014463483,7.253169801248555,10.0
17.288079606878853,6.914670863699336,12.06042019207932,0.6874048152197346,4,4.7218952341618685,6.891876292681495,10.0
12.30535820913037,6.731274471751027,11.24860685965907,0.6785784591662358,2,5.092774946876509,7.561675149272408,10.0
9.191406719960481,6.023063567526108,8.110795429359415,0.699938120577224,9,5.459732650146302,7.497638037427878,10.0
13.123928207321066,6.4318330328933975,8.371850215937116,0.7057030342319521,4,4.2103536577631075,7.87499862578206,10.0
11.4883190745863,3.091778621895709,13.328482293552831,0.7383804628167242,4,4.432209710783121,8.114191508554978,10.0
11.748249243499977,4.55888823402511,13.213224773236318,0.7422414321468045,2,5.626874555248883,7.446189089175595,10.0
14.213306241557072,6.189110896297051,10.143625531976271,0.675525816028029,5,5.099068691415266,7.907076572003659,10.0
15.187181132622024,3.046724767431221,13.346303701583208,0.6827081045486978,6,4.064423310940627,7.22575502044217,10.0
9.106035988731609,3.164884718412967,11.56205044638741,0.6747394339472446,6,5.8660330307901765,7.838366826109334,10.0
8.355902308064763,7.259439912351916,12.835433882113412,0.707307154725142,3,6.538095184579782,7.137116368324664,10.0
17.943303026857148,6.420124308460359,10.564586426961286,0.6906707075828391,9,5.291309457856742,6.860299095450134,10.0
10.32728348915552,4.3268486656017195,8.680389964069452,0.7779192926272388,7,4.786153088495682,7.055447085753622,9.777615268302858
8.53830524908459,6.4398142005935455,10.602362375876098,0.7392722533832945,3,5.1431308479366376,7.6725220150456455,10.0
9.898753290959199,6.962283345696316,10.743798787981387,0.7797312767508892,4,4.8654266171897405,7.9357339846662995,10.0
8.389578463484643,4.533971415550506,11.305665163043617,0.7418273983118852,7,5.784085245329818,7.578755356409755,10.0
11.918108946171717,3.180186887495937,8.633496277426568,0.7941984297047628,8,4.410383121209831,8.52624693904167,10.0
16.024017844513242,7.663895623438672,13.948411178297668,0.7271473556510538,6,5.266481554600798,6.291428816363739,10.0
11.412444497577207,4.7258991914781525,9.464820924841439,0.792710027632611,4,4.777618799414664,9.066009737467171,10.0
12.441834068783665,3.5324088164235317,9.191314421222557,0.6316339780818852,2,4.395630979924161,8.249714974644485,10.0
14.755867735674387,5.459284356965737,11.160817513135619,0.6104955361658807,8,4.906378391116903,8.584914606984151,10.0
13.088940700698801,6.842338978320669,11.223249076369331,0.7158250370407718,1,4.560576286883348,8.873274864382964,10.0
16.61445686021324,4.108236573087796,10.638924426999466,0.796698641159955,9,4.670387573820888,7.14946694187749,10.0
16.660356750457566,4.3474502506668165,12.631352877951526,0.6835210494604793,8,4.984380604343625,7.042980261875188,10.0
8.099106954911537,4.213574933992916,11.099926404371615,0.6424086724385919,3,5.481057438063767,7.613909129896165,10.0
15.780463064831991,7.958365264158391,11.658172730869905,0.7043082898387029,4,4.607749476485892,6.1448715232688045,10.0
12.607336002416739,3.9870186686527127,12.342478312446714,0.7297597249157778,4,4.274945311986777,7.937526836503572,10.0
17.88840541303663,5.87760108483062,8.1501506093832,0.6630357391031778,2,5.334065695126398,6.75077747829571,10.0
12.832320758754351,7.626323208284822,11.42386509527027,0.7429538716998519,5,4.777546133112905,8.729373052918545,10.0
17.868959453882976,3.7344828443888964,13.305166827370215,0.7950229014091452,3,5.483800004371067,6.120525504988442,10.0
15.545693612057367,7.854270989338501,8.104332457552603,0.7793926243421234,1,4.9974946630814685,7.551732424189245,10.0
10.486048846133063,7.737386171978123,10.431092622805767,0.658317074702439,2,5.569617543047656,8.171668097838895,10.0
13.383949792869577,7.422859935291313,13.55736470123498,0.6653447366289197,7,4.122898897296984,7.863109553413351,10.0
17.92135639478583,4.072782606650011,10.118926413695227,0.6743082448899177,1,6.0913056051877374,5.780081967075143,10.0
16.575306077519237,6.170275280054916,10.752372945201445,0.678910555678729,2,4.31306817740376,6.622096985761402,10.0
8.973668937912212,6.804457364806201,13.889248358265876,0.6200638998386558,7,5.86079178866941,7.019735315451946,10.0
15.06371996809996,7.930139640982149,9.195943153703443,0.7523925677778579,1,5.007263007900362,6.774481210115574,10.0
11.45579585870813,3.902119110406852,8.391531134750036,0.6730678527221401,7,4.514443945265528,7.900343453327406,10.0
8.069822618803482,6.830129497596483,13.156535545167825,0.7759639953410905,8,4.2875891826081665,8.336060967697911,10.0
12.034809690269995,4.694005849635564,13.21079204727421,0.7853881246240217,2,3.9697431979270927,8.123201563326182,10.0
10.347544217249713,3.8781323278400115,10.83246700808008,0.6048862618615376,4,4.617170795793914,7.719982205272419,10.0
16.188692705204716,5.106884706069275,11.085243046863717,0.7977006139856413,7,5.134168571094202,7.309175265547015,10.0
11.373306088457655,6.969179560743082,13.014838217707016,0.742004546300037,1,4.5147856859188975,7.567431464811372,10.0
16.27523693953817,5.324249018520261,12.431356988694771,0.7040784451985925,6,4.906913552282304,6.255713819898194,10.0
8.005979388347953,5.687615501015243,9.590894013302064,0.6779055216745107,5,5.299781928310095,6.8577931258115346,10.0
11.078191500261191,7.975797051000606,8.10136013042911,0.7037036265219426,6,4.903473187336789,7.392376795771394,10.0
10.41165214307762,4.99554649778713,10.878200975201274,0.6649249447956889,8,4.230810051023442,6.949420036157314,10.0
10.33567361068611,6.077003773546199,13.153473956573848,0.7245375627393097,1,4.804243695273133,7.586406967387377,10.0
8.681866197654626,4.8262210080768595,13.375008060140972,0.6185960552889582,3,5.578875331437163,7.693558932927723,10.0
9.871242704105017,4.963928231643525,13.737357182456924,0.7242245205823621,9,6.2895851522649835,7.970754678462125,10.0
13.555495698856198,6.478203767227041,13.277379425676687,0.6550689700276888,8,5.089499232405951,8.014658382942473,10.0
10.913610728377446,7.689434880474417,11.48026133178859,0.6035269658104693,4,4.749724992224953,8.775668672079497,10.0
12.17394782329148,5.711794752461607,10.667633595416605,0.7105411532325755,9,4.387602374833017,7.7222959566852865,10.0
11.768668803471884,6.8419996447438995,12.649099079204595,0.7156895511705393,7,4.968793445616722,8.21373102259718,10.0
16.759049249998945,3.446032794084819,12.43892980619358,0.6853138009423072,2,4.599688054815602,6.673411144561202,10.0
17.052989990105154,4.0557901871596345,11.228860580488726,0.6144572465100634,1,5.15385702156299,7.4343019669487465,10.0
12.9295697165586,5.510658204597663,8.523964235350814,0.7786685905608384,1,4.829913590292703,7.55255440552861,10.0
11.301559503156044,3.100058618143874,13.556488080721513,0.7222861614455778,3,4.6918527464346,8.347280217554893,10.0
9.068007040023636,4.264274893812794,10.733615225009974,0.6231426599137939,2,5.698473259530034,7.695051703507383,10.0
17.53402879382095,5.58700644912483,10.180002691497586,0.7021861153188296,4,5.149039925035279,7.078391671154526,10.0
8.602269449002975,3.0748059912815036,11.77740437101263,0.6994508631896943,8,5.113188316668125,7.427398410091162,10.0
10.976502775682805,4.322731431130208,12.043027767001862,0.6120803737585854,5,4.578301215656649,7.829308636272648,10.0
10.98066201170004,5.570154097379348,9.26412750218181,0.7213719407205895,5,4.187060596152968,7.76936556119851,10.0
11.204012861402148,5.865746239906228,13.021633068859737,0.7616652797843129,6,4.091818366107049,7.891710565663581,10.0
9.642868432724093,7.628758465276527,9.739622561974267,0.7498016108496957,5,5.374848952257395,6.789561958190035,10.0
15.831614309236972,6.226728116253039,9.120103555485901,0.6405938828328367,5,5.593107770228948,7.005283431575683,10.0
9.224978619659892,5.0736790126499685,10.438399117126984,0.7724585059108423,7,6.2472790848358954,7.323939872340115,10.0
14.349066591531628,7.651755885665339,12.383360485384792,0.6685084331318701,6,5.256379331811965,7.153903515003854,10.0
9.238460267058175,6.9244149169389715,13.79274907063882,0.7893016756583883,2,5.430018715369394,7.338171407021236,10.0
8.705356375929565,4.000044605563738,12.8556875862286,0.6143495928451427,1,5.463080813684364,7.008299522728719,10.0
17.094295036858764,3.6542118067440987,13.64209026602115,0.6972417377039686,1,5.746005154500788,6.445701668135956,10.0
9.901287663187057,6.379058178713665,8.84363482445916,0.7194248754355098,4,4.835683547522116,8.0920022597802,10.0
16.212501545597043,5.7994158278849195,8.427060793182061,0.649530019694921,2,5.815876677272709,7.426226202243034,10.0
13.446308711071358,6.948368068963778,11.346228571440028,0.7542760377440456,6,4.647167553211447,8.684748084137317,10.0
8.778565196087696,6.694025250393432,9.741784898264207,0.7253791359621434,9,5.418643751872573,7.6351748843286495,10.0
17.554481914380673,6.126057669287575,12.968329837815638,0.603621887457591,8,5.21355820211577,5.697169524197293,10.0
10.469611669918926,7.931910858144461,12.031927228413956,0.7216737181392472,4,5.4753060066670045,7.718293672740974,10.0
16.596453453526067,5.667948650552043,13.824368983914766,0.6982956468836893,2,4.980274429888815,6.624097605228297,10.0
9.688100057845642,3.5655287825085993,9.528754134387825,0.6392058403407015,1,5.267704927857704,7.241545997439778,10.0
16.53942882141853,7.141367824079942,10.914704686131394,0.7991496454119059,7,4.3654141536675635,7.506152358141968,10.0
8.13228812905294,4.259266811728545,11.00744286455212,0.7794324389655231,3,5.38139281788237,7.479291445394668,10.0
13.117804565694806,6.886510740719592,9.435060769144258,0.6585015390058127,6,5.191607074610474,7.972686778261509,10.0
15.694425794215569,7.785535480000257,11.540560396928047,0.7082141841597233,5,4.411434452752411,6.575553779839653,10.0
17.347955174927833,6.483977569821707,10.659715916475438,0.6633004279820581,5,5.136761658276435,6.529001803047087,10.0
17.09202136206487,5.980150804749005,10.680329335939241,0.7550991503272156,2,5.070526850100463,7.866719265097101,10.0
16.19624869547645,5.301930878375203,10.176419887834902,0.786066286639291,9,4.620347125180151,6.701183315931009,10.0
16.88191349661304,4.822049329977016,8.101576114553211,0.6717657213828767,4,5.553557202337181,6.69930830312211,10.0
9.992196858370765,4.765023754859182,11.132571421488734,0.7611168498287255,1,5.2490300733661615,8.492847816896814,10.0
10.841842957117288,6.181863528547953,10.011487014201986,0.699681508542641,2,5.303935952748977,7.7136325563926835,10.0
10.889685249210585,6.756365584688729,8.007919213905978,0.6793157122623155,9,5.3715506260541295,7.708474656777432,10.0
11.770539310016987,6.392585347422072,9.847662245971591,0.787684370419754,7,4.7554487204889035,7.883018028593311,10.0
11.933206703851887,3.9920505059678137,9.671769998538542,0.7020809377438063,2,5.512458132326621,8.173073648989313,10.0
13.445553246546755,5.469935900717456,10.360688919341815,0.693482100051493,7,4.0588039385797225,7.427721652460244,10.0
9.598797633664415,6.958200360915315,8.791111937860382,0.7344868803924687,4,5.010012122709777,8.173366539522428,10.0
14.912466637859893,5.3785203909452814,11.046102947810507,0.6522468402036569,2,4.815952892185312,7.378687189876426,10.0
9.675665393045065,5.683116398677469,12.15464211510878,0.6649585741576631,4,4.198380777809149,7.833025301605709,10.0
11.103084821045476,6.85568024085411,11.781113414327434,0.7864091672477246,5,5.523301351047197,7.751421340942484,10.0
13.03345130606154,6.306326531325458,12.822529685415144,0.7357059690873885,4,4.23512958278266,7.278830874604461,10.0
15.964405615234773,5.046724604411963,10.712049727922487,0.7653274295542012,3,4.908362664115185,6.116281021340783,10.0
15.394692332387272,7.477063555971094,11.11455038203837,0.6542223523870859,6,5.171554706965007,7.53815949491411,10.0
14.455343564105222,3.812835343317393,12.8624116451539,0.7087580379859745,1,5.86352086437193,6.790669183295785,10.0
9.557732605801702,7.977582242951623,10.566207024915432,0.7942792533978997,8,4.26186442170774,8.083974938413256,10.0
13.470453456155777,3.594262892381186,12.209596099397581,0.6637407798056435,5,4.965418479833567,7.955454497774768,10.0
8.874465017998855,3.0747498555211945,10.60761421230795,0.6320952952634084,8,5.125147957944398,8.52365457250425,10.0
11.773631767966508,7.450094505743824,10.506417167069376,0.7021772016449328,4,5.06362866832943,7.7055768418639214,10.0
12.135165302899592,4.22476754182978,12.561233747174962,0.6775642177449752,4,5.17845205728512,8.866407620159638,10.0
8.398114394457538,6.648498137233604,9.049021492797268,0.6319154465573427,5,5.606473297274131,7.205893699721411,10.0
10.739880994699718,7.0550768746603465,10.031515831649441,0.7777102765406736,5,4.90813021496085,8.385139561596993,10.0
17.556494672664893,7.2949319551605845,9.34503366048141,0.7981447821107556,6,4.673232356223483,6.729109708164245,10.0
17.536326078296895,7.957971178320833,10.154659657805583,0.7137164361379996,5,4.703641668914778,5.550417727305353,10.0
11.523270542525394,4.470198550199996,9.382248934196145,0.7549353536746908,5,5.167743462347206,9.585379852416914,10.0
8.43100108948324,6.551216709636296,11.476433786519928,0.77180767390926,8,4.958067579131825,8.1723728118192,10.0
9.790949393281815,3.576999291404141,12.789024815707071,0.7401964012043654,6,5.255826472006921,7.954782448731923,10.0
11.922177934335402,5.034046456784247,12.719678367307411,0.6088312098223462,2,5.377540269941282,8.664101230508498,10.0
17.477796979692297,7.239858466562952,10.187005787292755,0.6315268463433635,4,4.533085723651649,6.636643992368268,10.0
9.411990635371849,4.8382902302955415,13.93256243536557,0.6141978382302773,4,5.780910384182667,8.108150932375903,10.0
15.635158436682122,5.95547690267807,11.563126188234804,0.6019759213284113,5,5.461425558000323,7.417592214238307,10.0
9.08682539374692,5.51886721862317,10.396401810669769,0.6611992817514473,6,5.378936241653159,7.0549743159207585,10.0
17.81257577391277,6.229757655560225,13.013235675448552,0.6784711920963119,5,4.960907817388829,6.259846103138086,10.0
11.81616499109135,7.864471946938474,12.379244075855844,0.6482059464671851,6,5.00180630817482,7.736615416610309,10.0
15.75234538899056,3.2786776325070104,12.495652020944627,0.6129209296172642,8,4.753215305824538,7.612157616349052,10.0
11.425910828111318,5.869807587508149,9.17683609840323,0.7059726181673356,4,4.421770243204223,7.456601283523397,10.0
14.276688771588088,7.315143896251424,10.809945844211331,0.6546638639914283,3,4.762478923343151,7.814722040969943,10.0
9.920160847400368,5.406913558742137,13.170968784947616,0.7592074309727125,9,4.578289810683702,7.07896100104482,10.0
9.460210192969626,3.392635929707864,11.024228045772544,0.6016105243250562,3,4.525378852179667,8.062898967447039,10.0
17.380641395681312,5.802696762083855,12.100716460526302,0.7685054102575221,8,4.886456788767531,5.942969123240141,10.0
17.176472779044335,4.6603694541191025,11.527602398205588,0.7909507357891914,5,4.2493134343975685,6.962033236868955,10.0
16.874689402128823,3.7747089266896796,13.054140726310292,0.7432270126307139,9,5.642328879970655,6.870834784224773,10.0
14.254334501665934,7.245172566417365,9.707365038569616,0.7467288130525134,3,4.950476798657906,8.267301589727326,10.0
16.082682112162782,5.607997564955608,11.452851667318189,0.7867124623205467,8,4.463172464257006,7.090923803109176,10.0
8.69036936911375,7.666382061895334,8.739408008058824,0.6418142570600698,7,5.0585287913188575,7.859284944687108,10.0
11.347890418906792,7.030082523015345,12.141264660196807,0.7989131136417154,7,5.164299519495829,8.053188362207989,10.0
11.137031247571562,6.464858968868337,12.391807030116272,0.7546962406757084,9,5.447927859343191,8.176904461102925,10.0
14.356453219526133,3.0251275168265597,8.257023927133991,0.7453141416655588,8,4.751681139250392,6.826489668821875,10.0
11.559577734706405,5.13911728319125,12.05474578176791,0.6722181157990585,3,4.63202361348893,7.668463256242783,10.0
9.485067816436809,3.9874314082601616,10.488140924994719,0.7091554970811221,6,4.29403077048124,7.602225193828969,10.0
13.964670754135437,7.553989555244339,8.744581256658094,0.7307835576546694,6,4.5179057694044396,8.492175591237913,10.0
16.143839206690814,3.8729199233818012,10.519445286190805,0.7240685722634432,5,4.334578274531788,7.314373230572882,10.0
11.821234944599732,4.430300258296428,9.16539757817349,0.7409969276955162,3,4.151506457199556,7.138957964224054,10.0
9.322687150984818,5.584183838672496,10.4933571927399,0.6164763478156821,9,5.7657497387322,7.860508319603356,10.0
9.966881973128231,4.3168180949903965,10.306034167751166,0.6711296865663393,7,4.94812317073526,7.354678584949841,10.0
10.37483305169384,4.0493233863956055,12.430349821616344,0.6868000033190954,4,4.999620165815626,7.472785393924715,10.0
10.998975929945363,5.995496625513762,12.645293348998152,0.6521258595749932,6,5.033425542065814,7.92082587561077,10.0
14.427950705063092,3.4446476137751194,11.642171926307281,0.6345254540538448,5,4.6135622591488215,7.843609848726624,10.0
14.00945484537719,3.2908387936046237,8.136121053094685,0.6277854959825725,1,4.714292203630191,7.40926351425371,10.0
14.960798615670392,4.861226475930357,13.586133674425964,0.673276678451317,2,4.7558472546043555,6.688301114658042,10.0
11.625019845315132,6.6033222725393115,12.117399680578686,0.6986883401125131,1,4.541012232538036,7.904393186505648,10.0
16.239976518799782,5.77403379136974,8.205172699527132,0.6125952880293322,9,5.057082167741215,6.98917802409698,9.486306691722644
10.040876611557604,5.1143823423338945,12.912997395284707,0.78929161891811,9,4.947688316483784,8.524873783332463,10.0
12.690407475181539,5.828757821122912,9.201596928307977,0.7530486645721517,5,4.723267215399452,7.997518576106685,10.0
16.009387215414304,4.827257423266368,11.47532713742664,0.7461703546370934,8,4.8835774691122715,7.785644479208273,10.0
9.801586477326193,7.680731677160565,10.799806219701123,0.6345721049977454,4,6.018655905827698,8.816419768200129,10.0
9.09863113740783,3.2745244545538714,10.519032694130459,0.7207601536024378,1,5.699531134162466,7.025474998239234,10.0
16.836839676879897,6.366957395149176,13.338282320746385,0.7059449893617336,4,5.422841919515112,7.565546165230368,10.0
11.42929662759196,7.456413324138753,10.624167749375689,0.7964937691573388,7,5.010455704052141,8.449940015867588,10.0
14.83870124909032,7.019423543676267,8.452064705438904,0.7495343540160316,2,4.947707869608658,6.488061362335696,10.0
8.253486042639384,3.9202051741072337,13.679832363289716,0.7151523767432463,2,5.299723826938907,7.204194245564857,10.0
14.900468884094495,4.479631744901441,13.523211387437765,0.7701625332940245,6,5.300698605563257,7.932150571303795,10.0
11.161013115469705,6.585239693535524,12.106596137489593,0.6310188541721419,9,4.9728831553547375,8.133742150185105,10.0
8.557408535874417,3.421352795903828,10.80735516879215,0.6030433059381954,3,5.642804171286049,8.236196560970164,10.0
14.09812761548117,7.0593084991629205,8.557156837661127,0.7380466666829046,7,4.537315880458728,8.075038197241238,10.0
10.408038160731733,6.594534723023951,12.744488711464857,0.6196622920474475,9,4.488000017330183,7.158389550582598,10.0
11.8680724205188,6.648033246176713,8.452867486544173,0.6230867279967018,9,5.298842305637426,8.39543777938486,10.0
8.805808122865136,3.501206851337957,8.411605909370873,0.7489361452849062,4,5.346225645556074,6.918294104315892,10.0
9.471632510949453,6.588802724081154,11.22430305463621,0.6541069688267979,2,4.874511941821091,7.404055590167275,10.0
10.979772354958438,6.39909062609985,8.960769441107841,0.7257262431137786,1,5.004255602094377,8.497115960160864,10.0
8.897595005601572,7.154612454109253,8.046381604042093,0.7834813852185497,6,5.204458502802191,8.011538971169841,10.0
17.108262646863153,3.2079797812823476,10.538680585974717,0.6632949063275717,5,5.869147833095882,6.714450694569521,10.0
8.060470431839784,3.115553342338961,8.823303389660396,0.6434288315679838,6,5.322716159174539,6.8617413949786545,10.0
12.838602188643113,4.865035499392803,8.963092491684147,0.6213125767482103,7,4.897201971272435,7.864760513499911,10.0
9.232474581325514,3.7439414192457643,8.461463832412008,0.6260924722839452,9,5.714661197457971,7.560936202721748,10.0
11.076790894779485,5.79192238785111,9.23056252234166,0.6124445390757686,6,5.147389892082254,7.674047463040842,10.0
17.260595598182654,7.586744507533744,12.292905078646337,0.617528475765948,6,5.4004596819783135,7.184044595543798,10.0
9.61694553273987,4.957398651670078,12.853563843306748,0.6864009177618308,3,4.827619799966434,7.508331474420078,10.0
17.658323197183325,7.224751886363021,10.715201864175803,0.6641730090047939,8,5.286304263010264,6.268304014532652,10.0
10.057943769894218,3.0012043725893323,11.039322895288507,0.7413121628645997,9,5.219209864383754,7.694248295817824,10.0
15.415661084668296,3.842573217295921,8.195930207565215,0.7740483316494005,1,4.881502574072487,7.76525648014594,10.0
13.466772648973118,3.152117698270428,8.415897568227901,0.7569546406284768,6,5.4081197152728695,8.019576048218324,10.0
16.84478727596759,4.640735902575344,9.545406353897102,0.7061274513331305,7,4.95368202253839,6.93553465410738,10.0
13.53993255503131,7.540947978482514,11.263390524278885,0.6204884232465306,8,4.684657760037995,7.410115395631661,10.0
13.345592191563087,3.484760617994939,12.437306892409957,0.7419534567883107,8,5.958237732721102,8.02685213354573,10.0
9.954580003683999,6.032048883719002,11.630018368028198,0.6725657449453747,7,5.424273799687418,8.163854016498332,10.0
9.662293620516587,5.257479695597221,10.35276712992073,0.617130078783082,8,4.58689490704902,7.554555435515129,10.0
17.16489151115514,7.692341061829063,8.709944438018828,0.7684932814425252,9,5.356070007294044,6.739149197945021,10.0
11.27838198850034,3.612595712685469,12.684639409323136,0.6676433034365011,7,5.189888603564794,8.434348612789934,10.0
11.72082254962896,4.060139252511145,10.182716309594342,0.6436497665023143,3,4.344075261631387,7.5953964960871305,10.0
15.598236584283883,3.1477098430574664,12.416324086896738,0.7742904129237687,9,4.670064737794422,6.9589633564556355,10.0
11.388234824228073,5.169676248156868,11.077873051486051,0.780426773689401,1,4.184521267675868,7.921015361646778,10.0
17.52062446639003,4.389164497823272,12.431972321370951,0.667794167438312,8,5.3395001083235005,6.866164488192976,10.0
15.379277689988003,7.349529669451605,13.443737368715432,0.6709602838562747,6,3.9814309887944574,5.937945284832116,10.0
13.9742924257342,6.024704065988775,13.526177096322812,0.7159257055166288,3,4.2848411558879524,7.707318237648731,10.0
16.808951605447525,6.070453689878509,11.210640680003621,0.7466882987621316,9,4.33751227350617,6.4913590360773,10.0
8.496059083494828,5.659553484406512,11.069050188593833,0.6126298403813727,6,5.532910763615942,7.564845695889096,10.0
10.570626921892087,3.459251686146005,9.594070793017023,0.7186687314376944,7,4.72628662613986,7.848655525556511,10.0
12.650363342209099,5.225093418626776,13.614798989175748,0.7905640123567164,2,4.879263148077709,8.55023755615242,10.0
10.26978539471521,7.997525948542583,10.747515003197725,0.6524187794359907,1,4.030582918766385,8.175171937717508,10.0
15.43905187302152,7.176146454230074,8.765547435724264,0.7817654428193868,1,4.409047075313461,7.2948339229867765,10.0
17.19208031053725,7.46729527083558,10.596229487759299,0.7900336681526188,3,5.508285420964528,6.142920993400475,10.0
12.237701199309234,7.116131796232497,8.762319501428024,0.653830728194218,3,4.127671159385321,8.171965589785499,9.668091841511597
11.421326001118949,3.5152084671549133,11.01519010554245,0.7508403731770701,8,5.287647338629281,7.833575126537819,10.0
17.615507321375663,4.137241270323998,11.367653089137272,0.647755001663912,7,5.140659805982237,6.321100804652753,10.0
12.448524328275408,3.0156082567820484,10.026534568961512,0.7475222323464266,8,4.271764072940405,7.408732078423796,10.0
12.890484004492832,4.517550624390557,8.429903685388908,0.7594839942577652,1,4.286016601153585,8.036675580812387,10.0
11.516498723419053,3.543037011732463,13.661021213799435,0.6494411407421299,4,4.872845276637937,7.734636749927665,10.0
17.095484730121385,5.363966726507915,12.640118680900578,0.743173908716647,8,6.188674089070468,6.498316505702169,10.0
13.689554832818507,6.38563744286951,13.033286483030725,0.762420907772818,2,6.029370437191394,6.048300546193169,10.0
15.621745871816447,7.372526475190385,10.201210365717376,0.6717157744213823,7,4.156138174979775,7.360843064589153,10.0
16.118067183508863,6.746085825454491,12.564986180116703,0.6335405551979454,8,5.23565669865612,6.676361030765058,10.0
11.418490419172581,7.692927978892526,10.912237371015166,0.6183929134635027,9,5.609990144839513,8.24107663089284,10.0
12.3369433132038,3.269491451968944,9.206500930436276,0.7150763407219884,7,4.07383259808286,8.02987599707146,10.0
16.484717744062646,3.060899177082707,8.746540261443279,0.7956196238631427,9,4.652271811351568,6.259545522661268,10.0
11.632553516758103,6.306690569181063,10.070305215932342,0.7645900640044433,2,4.898777418154415,7.941447865086895,10.0
15.939351334518513,4.446762051111231,8.825312668850838,0.6871679277869106,1,4.890845082084588,7.331544379568685,10.0
17.40992322574437,4.267505080528865,13.989613857224413,0.7073241805709918,1,4.4729886683329925,7.579963803235849,10.0
14.23210373068007,4.654435438468972,8.295133941392132,0.6559055770823637,4,5.064790053137619,8.050569444559551,10.0
15.416272874518889,4.348980289461821,10.646861596214459,0.6326131734720127,1,5.014107083963506,6.770793405807701,10.0
16.05097312041135,5.557182031507937,10.712561134342305,0.6964162316464546,7,5.35892029335893,8.151071084108677,10.0
16.450396488966426,5.2007422361206626,9.803791571490054,0.6927003132334371,8,5.224811598986389,6.872258853668566,10.0
11.95053337856796,5.562142756883282,11.428109394241671,0.704385990560752,3,4.987798277289268,7.860279150698632,10.0
8.512634591759982,6.363568057502181,8.899862144909267,0.7905609171127882,1,5.378305794818345,8.362860076039524,10.0
12.018762712367396,4.935652544855742,12.703474283523402,0.7207790600289544,3,5.322868192980682,7.685752097301199,10.0
14.737562297840897,4.256538435710784,9.99468630948583,0.7211543673244748,2,4.062291240146715,7.546719374446819,10.0
12.503503857807928,3.8310026840437272,11.54805553879185,0.6256049525722154,6,4.1382386333419054,7.171658124456267,10.0
15.489631508603985,4.747370597663128,12.293835416401755,0.7992977732353641,7,5.354479269762318,7.371585196959462,10.0
11.569824294686638,6.70903237623086,13.334252706140967,0.7545689888469337,9,4.618512866500494,7.9152241587906405,10.0
14.347441411040295,6.783524550557348,13.0147246187132,0.775440668818801,5,4.2437549162098485,7.525559158895024,10.0
9.864198048539746,6.334526933421051,11.649854168621358,0.6828600823661988,4,5.449949195279152,7.851073255510264,10.0
15.493694366449569,4.170140876534373,10.330359082303321,0.700425619157125,1,5.144395616288125,6.980205930411608,10.0
13.456959688130258,5.940431229273488,11.019228020449784,0.7044167618324553,6,3.6725276815777197,8.62613597191937,10.0
10.040643885466006,5.85344830788424,12.612408760272816,0.6388189078579211,8,5.332974775851504,7.817233899523561,10.0
10.919111734978072,5.421330990548627,13.265273255356838,0.7378978312653914,4,4.526039645322106,7.556645017320361,10.0
15.486087085818324,5.7498949319193216,8.62269156906003,0.7805953447234913,1,5.050999290200158,6.696117425763657,10.0
12.826012356615207,5.45895316311834,10.30913757495832,0.6327411636276837,5,4.635183419151962,7.98954680526081,10.0
10.160314403930721,5.827281830370541,12.656699590481004,0.6172636546972329,5,5.275700329826624,8.290002827283828,10.0
17.672711903702975,6.577529773105644,10.589910575563765,0.7476437811080685,2,5.226090306595716,6.569109671873706,10.0
15.15125019816888,3.548140972017199,9.993366584397704,0.6546403663345964,6,4.142166357336113,8.496238086107114,10.0
17.571348325397963,6.748128760745119,10.467936180939617,0.7247725083234658,9,4.400671996116411,7.451602636238352,10.0
12.271050453603433,3.679430750637971,11.617068480718105,0.7391516675984362,6,4.027248278020068,7.356731625775341,10.0
12.751003406917205,3.3331399920518736,13.998830864802809,0.6643821527163644,8,4.120198436333206,7.226453620302197,10.0
16.97955216185019,7.880398431107338,10.957954574627191,0.7630289194851569,3,5.28470533778504,6.375340068250824,10.0
13.250493402453847,7.784958844352207,9.250966849725563,0.7099977964228434,2,5.146974999139511,8.27448785182403,10.0
15.072789119056672,3.30218272470282,8.977079451674568,0.7737998815903606,4,4.601797211019853,7.722901398497125,10.0
10.5217287749553,5.216267207374811,8.254098484858485,0.7526587105117896,9,4.455708074038287,8.396129742862394,10.0
12.467264687026406,3.9312246914988735,11.35290340950993,0.7737151264074908,9,4.704413320812908,7.4712697905536345,10.0
9.23449865810355,5.42672448567209,11.267432548933005,0.6040322764235788,3,4.183881671702688,6.730669274234709,10.0
10.059800358769618,7.150886214997937,9.231403560681855,0.6487012521477189,1,5.2977853057023925,7.5160957883984,9.963197796996903
8.009434152676311,7.753058873714451,12.171976438715403,0.6180015880891877,1,5.481229455508196,7.497062598331938,10.0
8.392650516486603,6.171263267257687,12.446642249778085,0.6884166034378698,4,5.435836304685185,7.43018871792369,10.0
17.772838231769292,4.769528336059086,9.554589232292667,0.7779920243230637,4,4.989628430160324,6.95651483404165,10.0
10.423536951367623,6.016627828222992,10.06459858417842,0.6935080524533739,6,4.608743091851211,7.519770578038922,10.0
14.63310709504002,4.5600065305422515,13.94283003408354,0.7699426089160789,5,3.8926577299923575,8.151116310703527,10.0
16.390996987996115,7.549118204160302,10.245586807104406,0.6654356476038635,6,5.381075476514896,6.732406783635717,10.0
13.506604592365642,7.352002315529185,12.564810030536611,0.6679140145610505,7,4.037409438124189,8.275687458832632,10.0
9.531445000839561,5.791158751398305,10.71635255977964,0.7791123460653756,7,4.739882428744248,8.07621714821143,10.0
15.281164373361664,4.6239945769018025,12.760068967165855,0.6851634293023403,9,4.306569070502505,8.249599057741033,10.0
14.00251410099583,4.466948377914892,12.614139432695888,0.7579530975589333,6,5.096520121554529,7.129959113063658,10.0
15.312505893473752,3.1670899735252975,12.006536151191213,0.6473287095763802,8,4.4920224475112205,8.143024690215821,10.0
15.697466228570871,7.0791042551264765,13.128670077773476,0.7897601659355271,2,5.316043370531268,7.5394266200344,10.0
17.75410367684745,5.25191606519504,13.635310969266111,0.7149156493061143,8,5.544428233240277,6.374685392288403,10.0
13.7356328002671,4.625664642001322,11.479899922712503,0.7518647137156804,9,4.199361594935099,7.782712055737068,10.0
11.416411126906018,5.355551774988769,9.424813443336474,0.617903139958977,4,4.726330089239921,7.946577076793535,10.0
14.484645569002371,7.09368995227326,10.39177376986445,0.6985328451661057,5,3.858145632541321,7.71103923104957,10.0
8.68440709242626,3.623071038537606,12.54983428107976,0.7802076995468047,5,5.514791615591706,6.645946513218215,10.0
16.973973183215865,7.288279941209137,11.905300910743216,0.7754077258086609,2,4.736593336192965,6.884999266004089,10.0
9.193810113381968,7.48754417554177,9.066790031391493,0.6093627914468455,5,4.652658538164781,7.681982764615496,10.0
11.278428378858182,7.733539575169441,8.307437246878548,0.6607396938257893,9,4.656464917889676,7.645001246131743,10.0
16.15745380626121,4.987439962113139,12.09776956125239,0.6886640012958161,4,4.673910150505063,7.1522039888981634,10.0
13.973123783307118,4.085702020188359,9.506474144176073,0.6344529628711576,3,4.820275515841292,8.35699774157725,10.0
